time,prate,air,prate_mean,air_mean
0,-2.8844915953302194e-07,-0.1597716389641765,,
1,-1.0977842373502124e-07,-0.17565098984038013,,
2,-2.850437381974506e-07,-0.35361288400155627,,
3,-2.651159659309103e-08,-0.44159365114822063,,
4,1.9055218833717544e-08,-0.26040934335843946,,
5,5.129039477010451e-08,-0.20194084727131095,,
6,-2.0999531057579524e-07,-0.1026290132000143,,
7,-4.5893185913473347e-07,0.042532491554281376,,
8,-3.746610744790445e-07,0.05181193081976402,,
9,-1.1553158017704995e-07,-0.08518419008016372,,
10,-1.8313095147710033e-08,-0.15120313076991274,,
11,-1.31336014124101e-07,-0.1452092956257639,,
12,-3.91456625457459e-07,0.0230892028513691,,
13,-6.160997724603374e-07,-0.008410998773565038,,
14,-2.4561779535298414e-07,-0.07459293557122579,,
15,-2.3284655674339895e-08,-0.11380494607179197,,
16,-1.5897709993300843e-07,-0.43238829310707433,,
17,-3.25637760570537e-07,-0.010051635095837739,,
18,-1.3005569371784616e-07,-0.12407678008155179,,
19,1.241635309452693e-07,-0.23289545254589164,,
20,-2.64469436121404e-07,-0.37306220993949346,,
21,-6.284407415815557e-07,-0.44969815983911954,,
22,1.7692892783740336e-07,-0.36882592633417655,,
23,-2.3099273378618257e-07,-0.31829556555559535,,
24,9.502250959098816e-08,-0.43984228874874776,,
25,-1.1601006942012025e-07,-0.27990178715205766,,
26,-2.9443961914656495e-07,-0.34135218855291266,,
27,1.589560116464908e-07,-0.17617423500760587,,
28,1.5222046268499346e-08,-0.2577432508194221,,
29,7.718194793150515e-08,-0.5326618940659288,,
30,-1.8695015949971978e-07,-0.3370229821225589,,
31,-9.050480674081736e-08,-0.4434922129691038,,
32,4.803462383439835e-08,-0.16850205961429504,,
33,8.383111822501941e-08,-0.18744283637290193,,
34,2.9450500745981867e-07,-0.09700908467033027,,
35,-1.2701095795047783e-07,0.15365526673962582,,
36,-4.733882425926285e-07,-0.09524649829873354,,
37,-2.3554389678377777e-07,-0.014235248665835315,,
38,-1.536014616877853e-07,0.023017221081891664,,
39,-2.288864443527082e-07,0.1354444928459268,,
40,-1.6978430420748392e-07,-0.08487636339447822,,
41,-1.5624370501255633e-07,-0.027936284163457226,,
42,1.287327315058431e-07,0.09801717903005287,,
43,-1.9154965286217848e-07,0.06934228220452208,,
44,-4.6145212832929076e-08,-0.04154977788732092,,
45,-2.4737584989949527e-07,-0.0632861018374151,,
46,-3.279592596923786e-07,0.009621413234177477,,
47,-4.6808092801293146e-07,0.140560384909333,,
48,-3.9015033143024813e-07,0.07206987214179435,,
49,-4.324497294641267e-08,-0.09172818462427157,,
50,-3.5656381884448157e-07,-0.06890843512680468,,
51,-9.156971368291874e-08,-0.05986411468435403,,
52,-1.5315796349240924e-07,0.08322908778938219,,
53,4.240905784349945e-08,0.03122503438062483,,
54,-2.4619324947885646e-07,0.08644651812153976,,
55,-3.500906455362608e-07,0.15824747242471782,,
56,-2.1284122701598454e-07,-0.17675384955045065,,
57,-6.490233950136402e-08,-0.3518220295055531,,
58,-1.7124676451935247e-07,0.004789380548494204,,
59,-1.7639905580493502e-07,-0.3282537590579851,,
60,7.98512312352468e-08,-0.0616550343339249,,
61,-2.9675086100756057e-07,0.12906550873471512,,
62,-1.5394670452198242e-07,-0.13333326139792856,,
63,-8.071136662710754e-08,-0.16640620070050405,,
64,7.825233671257878e-08,-0.02281742215582592,,
65,-3.2641861554555284e-07,-0.05915803505741464,,
66,-2.2581719245473387e-07,-0.08398635764528582,,
67,-1.1758005445657096e-07,0.11180146588449089,,
68,-4.1908732868990857e-07,0.23083479171575094,,
69,-1.5039554690265338e-07,-0.1710206270883221,,
70,1.537963071992506e-07,-0.18412427749694232,,
71,-2.6603743635728997e-07,-0.06250239442203118,,
72,2.981938869257537e-07,-0.05399493791536283,,
73,-2.0238897881026828e-07,-0.11699011752884984,,
74,2.245471179057653e-07,-0.2746933859474973,,
75,9.870060757569945e-08,-0.14036204504965386,,
76,-2.680655962288213e-07,-0.16296267784358442,,
77,1.2394151552988544e-07,-0.2266087596549971,,
78,-3.1637347132866727e-07,-0.25959201129462955,,
79,2.75643384371884e-07,-0.1715012742990311,,
80,-5.1152350409721794e-08,-0.16052800445651644,,
81,1.4395365754020913e-07,-0.38197624748366543,,
82,-1.4162867207107033e-07,-0.12261231306063622,,
83,-1.889896310772687e-07,-0.24151374344399934,,
84,-2.2273919316799104e-07,-0.3678269391991283,,
85,-4.2643552865904963e-07,-0.14458985473204233,,
86,-1.496328537269345e-07,-0.06887867893797345,,
87,-5.130622391270422e-07,-0.01503705572187714,,
88,6.698450437427149e-08,0.16779778082320118,,
89,5.533039142866375e-08,0.08414015840901104,,
90,-1.8705637984453672e-07,-0.2656836192053285,,
91,-1.4648515892817343e-07,-0.10733316329352609,,
92,-6.779445645009919e-07,-0.03340811608057255,,
93,-7.582216915934277e-08,-0.18032620754247486,,
94,-5.7356644982235745e-08,-0.4940424294744895,,
95,-4.27771014294164e-07,-0.5051017722593679,,
96,-4.790536484137027e-07,-0.2808536242762881,,
97,-3.616465618956587e-07,-0.2110531720692596,,
98,-1.6289712172900287e-07,-0.2973390172019491,,
99,-2.030425740249318e-07,-0.32237484998295546,,
100,-2.5267637377391452e-08,-0.39628690772116937,,
101,-3.549605607657058e-07,-0.06375830824021711,,
102,-3.540600762201386e-08,-0.19073169987237568,,
103,-1.658802106022673e-07,-0.1759009859033866,,
104,-4.4768725191468196e-07,-0.24305526967971042,,
105,-7.208975153632797e-07,0.01891883599489066,,
106,-5.033277331544589e-07,-0.29719439019953586,,
107,-3.335730153655214e-07,-0.24001961100758948,,
108,-2.794591570713232e-07,-0.17401857338697205,,
109,-2.0242477114468641e-07,-0.36563706408603597,,
110,1.0753619638618298e-07,-0.19092104219215172,,
111,-3.3101564181371043e-07,-0.10408371258119735,,
112,-3.155336242749997e-07,-0.207659579002816,,
113,-1.834381324294044e-07,-0.36573102998603857,,
114,-6.027400598893448e-07,-0.027359865652717856,,
115,-4.463982688332177e-07,-0.11794723232243676,,
116,-2.581662242888758e-07,-0.16009669607502466,,
117,6.716236537234558e-08,-0.028639700264613478,,
118,-6.224743069487008e-08,-0.319172395211114,,
119,-3.968497383385494e-07,-0.24633598726309547,,
120,-1.672035471053067e-07,-0.050540422951215594,,
121,-1.1328486063332626e-07,-0.15466238790462375,,
122,9.295986555711765e-08,-0.09587215321197233,,
123,-1.2715076024697374e-07,-0.3535136192476228,,
124,-3.763748881972657e-07,0.07958004219940676,,
125,-1.8170507300055322e-07,-0.15029662527964258,,
126,-2.0081949320096056e-07,-0.2395055703567392,,
127,-1.5889588575963905e-07,-0.2318996788983405,,
128,-2.5009461810994483e-07,-0.2827194668270908,,
129,-2.099072275035793e-07,-0.14941313351338856,,
130,-2.6366265353930795e-07,-0.38004697846333835,,
131,2.9386716404467247e-07,-0.15756478253930487,,
132,-8.174732006630148e-08,-0.2671935168966067,,
133,1.1290398069646721e-07,-0.28023530389381857,,
134,1.411542758557711e-07,-0.12710793117705793,,
135,1.1782133270221122e-07,-0.12496929847379076,,
136,-1.294924017108474e-07,-0.2608823834474813,,
137,-2.441923347544283e-07,-0.295975134912127,,
138,-2.1822575395714081e-07,-0.39326418940173075,,
139,-6.369382350604129e-08,-0.12537965238581997,,
140,3.3138804958630797e-07,-0.019827201791828793,,
141,-2.0720684458629376e-07,-0.16766103564270934,,
142,-1.8668347686946353e-07,-0.19972895642383,,
143,-6.017052206096785e-08,-0.16967781407920557,,
144,-1.725124403144674e-07,-0.2528052449626669,,
145,-1.0825745908354488e-07,-0.11427343343682357,,
146,-2.7957926182099953e-07,-0.3003010395293446,,
147,-5.771331724922529e-08,-0.010564753817638103,,
148,2.2337283704088934e-07,-0.3555747811939013,,
149,4.350013761581074e-08,-0.2108777814242751,,
150,-2.353630796417011e-07,-0.36116480645363297,,
151,1.9168690441715633e-07,-0.2372912334762538,,
152,-4.270541195707225e-08,-0.31326592974397505,,
153,-3.156486593680267e-07,-0.15100341588585459,,
154,-2.3319387100308098e-07,-0.2214362878265297,,
155,-8.551000333821082e-08,-0.2890109236116907,,
156,-7.117594701092473e-08,-0.37614604024342413,,
157,-2.3456551214835228e-07,-0.22994448572733045,,
158,-3.4997411570022933e-07,-0.2563313128688294,,
159,-1.70814904077589e-08,-0.27505563386028437,,
160,-2.9906940446449693e-07,-0.22786420481515263,,
161,-1.423291441798395e-07,-0.222384858120709,,
162,1.1357490661647537e-07,-0.34317176426409257,,
163,-2.0489448025043225e-07,-0.26729305342164056,,
164,-3.7737942510843476e-07,-0.20800220334437353,,
165,8.67285681389201e-08,-0.2858143501263847,,
166,-4.549057537628148e-07,-0.33520676533819266,,
167,-7.99087879924235e-07,-0.2518244923861654,,
168,-1.7769779974666607e-07,-0.2652886988614648,,
169,-3.6933335804746454e-07,-0.3406333377036403,,
170,-3.7834674817279684e-07,-0.34120021884604984,,
171,7.331065959273741e-08,-0.3168404008114377,,
172,-1.8789481240231546e-07,-0.3592592223757153,,
173,-2.0258014286966087e-07,-0.2976056686434415,,
174,-3.397529665584585e-07,-0.38460141153318506,,
175,-2.2263510027741507e-07,-0.31980539762790805,,
176,1.1783974354672404e-07,-0.2649293887578338,,
177,-1.253170385532096e-07,-0.3014101932925183,,
178,-3.247410839084827e-08,-0.3874893399876639,,
179,-2.883670828876525e-07,-0.4505174384915852,,
180,-2.807866235597319e-07,-0.3418906584398698,,
181,-3.263586204737757e-07,-0.12416577701948132,,
182,-3.5013139224071485e-07,-0.15077485858584888,,
183,-3.13250309706914e-07,-0.17152674230291481,,
184,-2.0042872348391593e-07,-0.22188822994711113,,
185,-3.0788315726228687e-07,-0.20490171357594805,,
186,-1.5318436644326161e-07,-0.2574882749287192,,
187,-1.1739702063281887e-07,-0.3145346959393048,,
188,-8.095110103952533e-08,-0.2143947645457828,,
189,3.645305309750046e-07,-0.174608011804924,,
190,1.0247734607693916e-07,-0.1425476281230887,,
191,9.039128784223051e-08,-0.007542365488016248,,
192,-3.309398125441193e-07,-0.0741981928159238,,
193,-2.038872416194378e-07,-0.06580861448870395,,
194,5.0968720639288655e-08,-0.02953618771664545,,
195,-1.200271353898807e-07,0.07756956948726983,,
196,-3.5722602908108707e-07,0.11354194527950145,,
197,-2.1437024846559837e-07,0.1255478142627025,,
198,-2.824275245693668e-07,-0.14776887373780895,,
199,-2.0619292355022642e-07,-0.1615993785653821,,
200,-1.7630808943843174e-07,-0.17315761440751087,,
201,-4.732770327824745e-07,-0.23981276401795157,,
202,-1.5609314711283834e-07,-0.25738333899834276,,
203,-4.140623622817023e-07,-0.337696788511797,,
204,-1.0949818319531195e-07,-0.23387637525793875,,
205,-2.174463735224874e-07,-0.3263692100930441,,
206,2.165076129779556e-08,-0.31631217893550323,,
207,-2.0860136435760836e-07,-0.3942834979371548,,
208,-3.386195145605936e-07,-0.455700986863335,,
209,-2.334388483998695e-07,-0.10274575251745202,,
210,-1.0187630721914196e-07,-0.2110709579281571,,
211,-1.8010602230220265e-07,-0.0789211703474709,,
212,-2.2897269519990917e-07,-0.13963766382725956,,
213,-3.076597213797067e-07,-0.01976495015102701,,
214,-3.0100311463934113e-07,-0.12154483107793572,,
215,-2.358021977088589e-07,-0.1991355832338812,,
216,-2.1405760919721657e-07,-0.22529576825900785,,
217,-4.445339417921103e-07,-0.03504682859030406,,
218,-5.328548323238621e-07,-0.21579177282768872,,
219,-2.214131890080855e-07,-0.3701048222346344,,
220,-9.807161329313055e-08,-0.3308620861229962,,
221,-2.2379750497129366e-07,-0.33854972774951614,,
222,6.847933400250209e-08,-0.1882268617813356,,
223,7.998466965854289e-08,-0.33587227126158814,,
224,-2.275825069826116e-07,-0.1655909873780215,,
225,-1.2960452679773325e-07,-0.08124570288942201,,
226,-3.196298435846569e-08,0.004379450466997989,,
227,-1.3685190884574747e-07,-0.09335324119625502,,
228,-2.8204197665761725e-08,-0.11660095811472215,,
229,1.6524087765109122e-07,-0.12695821657361223,,
230,-1.641268739656172e-07,-0.26059052280817496,,
231,4.5605536900859094e-08,-0.17803760192089493,,
232,-8.318958872655958e-08,-0.25393543844191535,,
233,3.922106432103364e-08,-0.19778812166639984,,
234,2.2135874096114834e-08,-0.1061751907947573,,
235,-3.132796639858789e-07,0.06043920010374998,,
236,-8.474518893438822e-09,-0.02074207000922251,,
237,4.779342427805861e-08,-0.19339209684175002,,
238,-8.337552019070379e-08,-0.059497291534859276,,
239,8.918409184096434e-08,0.09732374240384255,,
240,-3.6666862044080294e-07,-0.013996134846488737,,
241,3.5206249802614284e-09,-0.04018913617319157,,
242,-4.24838927547401e-07,0.09543079502237987,,
243,-1.3934956802131578e-07,-0.0016586189025096774,,
244,1.2387275804117476e-07,-0.050858561078129826,,
245,2.043154056963925e-07,0.14699745532412906,,
246,-1.8025234091941655e-07,0.13747964715902752,,
247,8.387656035879144e-08,0.0948040519151061,,
248,-1.759152526367814e-08,0.09137529578103167,,
249,-9.548111732251016e-09,0.14283359332585097,,
250,2.994637534694395e-08,0.12244111556621476,,
251,-2.67173698833841e-07,-0.254674349227162,,
252,3.2322271373751196e-07,0.0008232419090944347,,
253,2.1680950748108415e-07,-0.06917611788351782,,
254,-1.1065882948218582e-08,-0.10796059783915106,,
255,9.39004583164813e-08,-0.08464009561853718,,
256,5.868786266261079e-08,-0.07604741927341836,,
257,-4.3816133972807505e-07,-0.09327334661848187,,
258,7.200919278161047e-08,-0.24360716257530757,,
259,2.964605581918148e-07,-0.19252739054197296,,
260,-3.0208657728570305e-07,-0.2867566311886363,,
261,-3.768675529971435e-08,-0.10703986624399164,,
262,-1.5791944649692054e-08,-0.11719086709934926,,
263,1.7142579531116373e-07,-0.2763706749612597,,
264,-1.959227565439014e-07,-0.22135261597825479,,
265,-3.014503252085261e-07,-0.26646293762369055,,
266,-5.0455217679103415e-08,-0.3208515060946636,,
267,-1.8515827717308226e-07,-0.24730911970772218,,
268,-4.346676941531617e-08,-0.42109291281365896,,
269,-4.5149645015937825e-08,-0.4647566588571433,,
270,2.7327078372536566e-07,-0.35247568593874395,,
271,-1.0921477071593088e-08,-0.40666412846464145,,
272,7.265493310321183e-08,-0.31708221936162534,,
273,1.5998851356367565e-08,-0.22667569748680133,,
274,-2.6920984475435434e-07,-0.2558029953890396,,
275,1.3920058383758308e-07,-0.1509547100487918,,
276,-8.28046045013776e-08,-0.033183858759445385,,
277,-1.4468779210987877e-07,-0.06561458246877856,,
278,4.315817871887347e-08,-0.04149206907800534,,
279,-8.307535209528102e-08,-0.10569991376251209,,
280,-2.2755598455608606e-08,-0.13869922824555986,,
281,-8.963653659883838e-08,-0.03857808830887867,,
282,2.7112584138596774e-07,0.16587745316573815,,
283,6.312149202441061e-08,-0.0941923475448779,,
284,4.945441147736724e-07,-0.13320703944215861,,
285,-3.588803295757448e-08,-0.08593766729871584,,
286,-5.001118509069637e-08,-0.09712323106498535,,
287,-4.2703758777163216e-07,-0.16942069243386904,,
288,-1.3839249698539243e-07,-0.18991332060263316,,
289,-5.094818276899109e-07,-0.08166742590441306,,
290,-1.5596737056374503e-07,-0.250376671315954,,
291,-4.3644744637735264e-08,-0.08743926054686822,,
292,1.7599025919042972e-07,-0.05397060728291998,,
293,-2.4225934252412704e-07,-0.29767576163720083,,
294,-3.8873563988662256e-07,-0.29815379854509555,,
295,-1.1688727412266103e-07,-0.06632112439731637,,
296,-4.279681389897721e-08,-0.04710151162933133,,
297,-2.1085571545201518e-07,-0.0733459118833019,,
298,-3.6151434227336203e-07,-0.3140475095264018,,
299,1.2496199562673377e-07,-0.2996062881812893,,
300,-1.74239423191443e-07,-0.20955339550127733,,
301,-2.7254202864308544e-07,-0.1033482680144959,,
302,-7.725453751299138e-08,-0.20974196076388457,,
303,-3.588298190370001e-07,-0.13832811862738606,,
304,-4.787852789930907e-07,-0.09904915017504189,,
305,-3.5092680605205276e-07,-0.19995401090616727,,
306,-8.10999480410575e-08,-0.14593120151722427,,
307,-3.7739314129067135e-07,-0.1506812097547296,,
308,3.0589551265254704e-08,-0.31121168445840397,,
309,1.3635349702780876e-07,-0.3329785078041302,,
310,1.9378251899353006e-07,-0.2271169687302815,,
311,-7.463339465606939e-08,-0.16808104669361895,,
312,-2.0479833501957528e-07,-0.14529898141602277,,
313,-2.2920335121859876e-07,-0.16734221368960442,,
314,-5.1196457149028294e-08,-0.026896573772603415,,
315,-1.4898282454095238e-07,-0.1442269134452167,,
316,1.8210300596498053e-07,-0.17718201941960782,,
317,-1.212464553614687e-07,-0.12086131093321154,,
318,-1.6607722877209625e-07,-0.14495271903705056,,
319,-5.905942024449367e-07,-0.0833827533630563,,
320,-6.152063127715136e-08,-0.2768716969925907,,
321,-2.773345917245216e-07,-0.28269484467035616,,
322,-2.617665149927134e-07,-0.25465043865966547,,
323,-5.223191293781705e-07,-0.20023558040384026,,
324,1.5968406064529503e-07,-0.05008035813033431,,
325,-3.6480898983461495e-07,-0.16156626473454935,,
326,1.0949804097321377e-07,-0.42017649094630405,,
327,3.344313137922456e-07,-0.4307942471053142,,
328,-1.0824837169616827e-07,-0.3215546936269964,,
329,-2.343104565853601e-07,-0.3647108773066507,,
330,-6.761147882710745e-08,-0.3019347848655556,,
331,9.638571040606379e-08,-0.13409014393720514,,
332,4.2842996454210533e-07,-0.2544010702160748,,
333,3.518661237737054e-07,-0.43349683870593225,,
334,2.1772844188778377e-07,-0.3657631330687245,,
335,-8.191233360097902e-08,-0.39401149489422027,,
336,8.261268507007614e-08,-0.2790216806424249,,
337,5.773068901752477e-08,-0.3794605815351778,,
338,3.846992618947145e-07,-0.4651232007878015,,
339,1.1564474271980978e-07,-0.4079813723259469,,
340,1.110132831733209e-07,-0.3917843805051381,,
341,-8.858846430124911e-08,-0.25878081504406797,,
342,-4.301959089776866e-07,-0.2947464371637783,,
343,-1.6280665356099153e-07,-0.30276017545688005,,
344,1.1043965928774705e-07,-0.345853645707685,,
345,-2.403910417038306e-07,-0.24013591062915313,,
346,-8.769593541446758e-08,-0.1453822793659403,,
347,-1.690619105566267e-07,-0.1355715238111067,,
348,3.190612636924128e-07,-0.11168242651962804,,
349,2.1145985714972737e-07,-0.3526605417262933,,
350,-7.960837992637731e-08,-0.33729192771976046,,
351,-3.0132015383739967e-07,-0.34810482094147954,,
352,-2.4150003265693334e-07,-0.4042105024021613,,
353,1.0726195566471919e-08,-0.29955115494515794,,
354,-1.0522056146445534e-07,-0.3819341846684066,,
355,1.9842287289669236e-09,-0.3393467387414348,,
356,-2.2047141579672323e-07,-0.42556236028249755,,
357,-2.60936474494449e-08,-0.5043738577250894,,
358,-1.5726422567340797e-07,-0.4213534735286931,,
359,-4.466516954580623e-07,-0.42531353916160386,,
360,-1.830183283886166e-07,-0.4275140897260008,,
361,1.7402858013573204e-07,-0.26762162991780863,,
362,-3.402423876425859e-07,-0.3183806512853076,,
363,-6.115168810187392e-08,-0.21439101721535678,,
364,-3.249857009059138e-07,-0.3409936358800588,,
365,1.0217784929432862e-07,-0.4569892568309316,,
366,-2.613957342667287e-07,-0.29732862778482866,,
367,-1.4064304093321528e-07,-0.37116523451600547,,
368,-2.6011364525799237e-07,-0.40770596905679257,,
369,-1.975231070438899e-07,-0.5578009844814102,,
370,1.425343976509087e-07,-0.3698689058151664,,
371,-2.9926157813509916e-07,-0.3216615164558264,,
372,-4.952350934180325e-07,-0.31821329709433055,,
373,-1.7510284710666985e-07,-0.3043307240860633,,
374,-5.045599344319749e-08,-0.37689904832335297,,
375,1.3372154639006794e-07,-0.255547226718843,,
376,-1.6890510041089733e-07,-0.6162052858583857,,
377,-4.5456791548368896e-08,-0.20206980700266675,,
378,2.4619705913519343e-08,-0.41599688470878204,,
379,-8.340388154327125e-08,-0.32297501748919794,,
380,2.043174210041128e-07,-0.30576487750109066,,
381,2.61192137236376e-07,-0.40791942154824234,,
382,-3.847977197073374e-08,-0.20616058162272094,,
383,-3.841358201545039e-07,-0.2207700776202247,,
384,3.471679804127966e-07,-0.39538224210107725,,
385,2.001417909084057e-07,-0.28706066276059733,,
386,1.6527603096869955e-07,-0.18682215753623854,,
387,-8.408319916900426e-08,-0.24771321374025895,,
388,2.526625993841588e-08,-0.4086394467500435,,
389,-3.7384971405577164e-08,-0.4439164662088104,,
390,-3.024745158531129e-07,-0.5066866549981413,,
391,-3.301984141210318e-07,-0.2595503883776274,,
392,-2.7714425097090285e-07,-0.45717789760349153,,
393,6.330542542452427e-08,-0.4546060803774461,,
394,1.0521277403037766e-07,-0.4693906035733755,,
395,-2.947978232098923e-07,-0.38399271550881353,,
396,6.737042999325656e-08,-0.48422918653434266,,
397,-3.7294263041595344e-07,-0.37867700154428596,,
398,2.604324396139931e-07,-0.29204787560779805,,
399,3.8998518474370806e-08,-0.3943031819425976,,
400,1.9068196057142293e-07,-0.24752957536943657,,
401,4.120385827290009e-07,-0.31137344578458176,,
402,1.476371044484911e-07,-0.24483155553425764,,
403,2.110014696097552e-07,-0.29929735574255345,,
404,-1.86063757066322e-07,-0.19865125650704432,,
405,6.131922259873164e-08,-0.23211560221343008,,
406,1.1672660399056049e-08,-0.21846172612801823,,
407,-2.100125340378017e-07,-0.19831859934455381,,
408,-3.5721016875016955e-08,-0.16338011276876402,,
409,-1.2665278203880752e-07,-0.1717938347824362,,
410,7.495406797585065e-08,-0.3640031094948254,,
411,1.4874810507410875e-07,-0.3103050579212131,,
412,1.5564116993245478e-07,-0.21262941587890555,,
413,7.933412837795128e-08,-0.35684360830647693,,
414,-3.4169070770633464e-07,-0.4490290075604652,,
415,6.933539679933902e-08,-0.379938562368447,,
416,-3.059375198493677e-07,-0.2553069822422193,,
417,5.0507214789019236e-08,-0.25038719923609376,,
418,6.065860803168677e-08,-0.2436062672112108,,
419,-1.0603181344743186e-07,-0.18018823542981366,,
420,-1.124270482235078e-07,-0.08481199214896451,,
421,-7.201308634497871e-08,-0.2614269223745017,,
422,3.027365984683771e-08,-0.30572588856366234,,
423,2.3192832749281537e-07,-0.24258699757907812,,
424,3.3863822298748576e-07,-0.08677850289945012,,
425,2.1344340222792475e-07,-0.17887821126324494,,
426,-2.741938693050328e-07,-0.4287438289835512,,
427,7.708421634198323e-08,-0.4136667210942127,,
428,-1.0694484829771172e-08,-0.24254708015842766,,
429,-5.260450854666232e-08,-0.1259317242112629,,
430,4.438145458410594e-08,-0.05072922788855673,,
431,1.3218051221027814e-09,-0.27886182404358234,,
432,-1.7099925413717154e-07,-0.1830930729050615,,
433,-1.6012955938786616e-07,-0.08574600081096274,,
434,-4.0813644804291803e-07,-0.0858093746274536,,
435,-1.9215735243494295e-07,-0.13063978593482858,,
436,-1.2202220295046146e-07,-0.3390025161305407,,
437,2.6012420145503535e-08,-0.12986327508247622,,
438,-8.746128397384899e-08,-0.13800062803021282,,
439,-1.7876627097380935e-07,-0.3179385676121682,,
440,-2.1171631199860314e-07,-0.15533782056311657,,
441,-2.7461540737326124e-08,-0.10380755506887125,,
442,-9.356517990485874e-08,-0.02862558185047546,,
443,-3.102167802132266e-08,-0.0671621454970286,,
444,-1.5280139464864684e-07,-0.0139115109285874,,
445,2.0299047619904365e-08,-0.25673419264741426,,
446,-1.0570436903870217e-07,-0.1876780870657168,,
447,-3.9451070222826734e-07,-0.11774123658798838,,
448,4.9198230680811654e-08,-0.2512832485424584,,
449,-1.684270379429411e-07,-0.44749585231744105,,
450,-6.373993989109424e-08,-0.16694954996267625,,
451,1.0981266418861219e-07,-0.24252551693803612,,
452,2.0472605608306275e-07,-0.31053547113583796,,
453,-2.308239710047032e-07,-0.11011159217535374,,
454,-1.44728589780435e-07,-0.1574279350123808,,
455,1.3366092525908135e-07,-0.1556381114219611,,
456,9.872912593371193e-08,-0.11427881581458657,,
457,1.1815557233444196e-07,-0.165537957777626,,
458,1.4981914288449503e-07,-0.17177968327100118,,
459,-2.3209497578020954e-07,-0.17001445140566002,,
460,-1.2317373830420452e-07,-0.20906978289562303,,
461,-1.0120914322885885e-08,-0.29048126703506677,,
462,-3.4035935819121553e-07,-0.2810792413760019,,
463,-4.051091233461851e-08,-0.2093564396173823,,
464,-2.3637448837466056e-07,-0.35582126960056615,,
465,5.364695500981198e-08,-0.32524626736847073,,
466,-1.228606701601269e-07,-0.15992907512084845,,
467,-2.1312903617972255e-07,-0.30912845303580905,,
468,-1.719020301333425e-07,-0.20335004097104165,,
469,-4.5876978897882476e-07,-0.22744346487560763,,
470,-2.0814883344368806e-07,-0.2263912256440213,,
471,-8.205100734611071e-08,-0.23069862138851316,,
472,-1.2520135924909624e-08,-0.19807474651967746,,
473,-3.0755922496518136e-07,-0.22496697631020485,,
474,-6.003193771103199e-07,-0.19416347425735242,,
475,-2.3053900720854263e-07,-0.25194535621372793,,
476,-1.7310176063275898e-07,-0.2835836012660385,,
477,-3.060178010335316e-07,-0.2283972097573998,,
478,1.5230634883073302e-07,-0.37906252300357224,,
479,-1.214282308695512e-07,-0.2777953442429573,,
480,-4.5721186736288866e-07,-0.05543404183779597,,
481,-5.639608227653387e-07,-0.15037503014601455,,
482,-1.0323815612878294e-07,-0.3936324514182746,,
483,4.5039042071040207e-07,-0.3178046565829563,,
484,2.091291851940685e-07,-0.34604181785717625,,
485,-3.3609550548091635e-07,-0.05585459228145018,,
486,1.5505350384589827e-07,-0.3722540079619664,,
487,1.0051252550718874e-07,-0.3119402098595999,,
488,-3.2815081652169594e-07,-0.33553137308465625,,
489,-5.7273677236682373e-08,-0.19595644951919114,,
490,-1.2011073119894743e-07,-0.33570669947352927,,
491,-9.301111805100107e-08,-0.24664467890455882,,
492,-2.5394459786301133e-07,-0.2769186962753702,,
493,-3.0216002801049976e-07,-0.18366231408045347,,
494,8.970514644541209e-08,0.00264289877105596,,
495,-1.987363600908764e-07,-0.28266534624460304,,
496,1.8883327476671286e-07,-0.12685782190082145,,
497,-1.0168240484702762e-07,-0.09345024718018093,,
498,-3.3202520434565637e-07,-0.12462901941975386,,
499,-1.6920990182017245e-07,-0.11807724939732564,,
500,-1.420885884559476e-07,-0.1911870455459728,,
501,-2.3679354946542166e-07,-0.1538505666488775,,
502,-2.1652647698509897e-07,-0.19235355817603983,,
503,-2.7680823250778486e-07,0.08499277891492915,,
504,-2.7205486766203118e-08,-0.19994666244765846,,
505,-3.536430092157763e-07,0.026310791581223153,,
506,-5.283851133721276e-07,-0.07307639670546263,,
507,-6.365710295263516e-08,-0.16181225161318138,,
508,-1.4193163657309562e-07,-0.09805113882351159,,
509,-3.037362389290285e-07,-0.11439988665327136,,
510,-2.994588996207631e-07,-0.12119103837142127,,
511,-6.017596087979379e-07,-0.17258112061797246,,
512,-5.557123831604181e-07,-0.24903221294269576,,
513,1.0686671596340418e-07,-0.1865244975288407,,
514,-1.7900143659153768e-07,-0.3266091413233682,,
515,-1.257362776225313e-07,-0.22868273681160128,,
516,2.815206734626717e-07,-0.3420117079049553,,
517,-3.1363311215299596e-07,-0.23553971639257396,,
518,-2.7103631355097126e-07,-0.13726133468179663,,
519,-6.044358278027476e-09,-0.27009207862529067,,
520,-2.3105794259828113e-07,-0.22496506027480478,,
521,-1.8089962600502858e-07,-0.1370407241573235,,
522,-9.242321721768172e-08,-0.15279877228039362,,
523,-4.286694140904713e-07,-0.011625939729286385,,
524,-3.383000442930602e-07,-0.009133049003513877,,
525,1.4621913743631621e-07,-0.017969002573490017,,
526,-1.9647891363994816e-07,-0.2343581460997552,,
527,-7.797429393127363e-08,-0.08794519533890206,,
528,-3.3415142433440987e-07,-0.524617486050518,,
529,-2.4192227058203463e-07,-0.2796770950762579,,
530,-1.111039378301436e-06,-0.234182255579133,,
531,-5.174004071196197e-07,-0.43553396963088076,,
532,-5.325195897976941e-07,-0.23231557092842872,,
533,-4.2719040633900704e-07,-0.21790719829449695,,
534,-2.9263514953706054e-07,-0.14854473466650825,,
535,-2.0050865681715374e-07,-0.26145654686996783,,
536,-5.603937001767304e-07,-0.63810966884899,,
537,7.748973463667203e-08,-0.6387536094891318,,
538,-2.302031934799381e-07,-0.5608916709516574,,
539,-2.7831562111716645e-08,-0.5315112116499576,,
540,-4.0052122019171275e-07,-0.6001909211952424,,
541,-4.974549551033236e-07,-0.6915799143000884,,
542,-2.790126897521417e-07,-0.7131983665153766,,
543,-1.0492152921360672e-07,-0.8813944532138681,,
544,-4.5272722082806166e-07,-0.7112992367281639,,
545,-6.346550281250999e-08,-0.8367005518979752,,
546,-6.357645763057528e-08,-0.7543776264806352,,
547,-2.721728647700828e-07,-0.6467438720622035,,
548,3.29384383720497e-07,-0.6526895296034274,,
549,-3.081469771882497e-08,-0.7460660610184895,,
550,3.471303480705174e-07,-0.7782517444159014,,
551,-1.3117685395897974e-08,-0.6874416909362717,,
552,3.870118763293743e-08,-0.5613978430107451,,
553,6.287203512175246e-07,-0.6523105091783918,,
554,9.792533378920516e-08,-0.4662757269773568,,
555,4.619821612047263e-07,-0.46522059459378917,,
556,4.758698005504935e-07,-0.3720484536692604,,
557,3.067056256262221e-07,-0.2180062794375514,,
558,9.00854434626928e-08,-0.23719940155091795,,
559,1.986511155876504e-08,-0.3076096923064309,,
560,3.382282917549845e-08,-0.337187417830236,,
561,2.1893801355406894e-07,-0.3648901577682945,,
562,1.548784932978231e-08,-0.597102865099761,,
563,-3.075894741454547e-07,-0.35060743649847415,,
564,-2.3622325304094184e-08,-0.3965593189589218,,
565,-3.6495164483648477e-07,-0.3943881860584576,,
566,5.4132284353292515e-08,-0.38211451256384016,,
567,1.0681923506460957e-07,-0.33418688757808906,,
568,2.3382819253166604e-07,-0.24210828328748465,,
569,-1.0361534332757516e-08,-0.19841509849796313,,
570,-1.1172447967576404e-07,-0.17306850487126368,,
571,-5.947970884611223e-07,-0.05971893574583827,,
572,1.7933333088197164e-07,-0.16645792003568272,,
573,-2.0489225567784738e-07,-0.2935380812255331,,
574,-3.9676108725610183e-07,-0.2339668490714483,,
575,-1.048158321203178e-06,-0.23603168842822045,,
576,-9.537949028764053e-07,-0.22070411648179858,,
577,-3.3587456668001345e-07,-0.3300755182968103,,
578,1.343138984180981e-08,-0.1986689573242938,,
579,-1.348527570605479e-07,-0.340087158747253,,
580,-2.4043659044515755e-07,-0.32060855553186574,,
581,1.786190913662667e-08,-0.36425618821264544,,
582,-3.288753745916281e-07,-0.28690609634651215,,
583,8.290875755583619e-09,-0.208286268957179,,
584,-1.8975298328376857e-07,-0.27222783997752253,,
585,-6.561659680364955e-08,-0.3368076334838864,,
586,6.495717308341223e-08,-0.1042817473967885,,
587,-2.8294172879485734e-07,-0.24337717951796778,,
588,-6.341009925733664e-07,-0.04104149556680683,,
589,-5.911648407577936e-07,-0.16297714331836827,,
590,1.216760817432437e-07,-0.17115809289973705,,
591,-4.928722463890922e-07,-0.3095172064148879,,
592,3.098462080544984e-07,-0.3753440502584299,,
593,1.1573815552456263e-07,-0.14148490322884677,,
594,1.721991969206557e-07,-0.24810225813999076,,
595,1.858980043597237e-07,-0.2323470633080426,,
596,-3.083497552252153e-08,-0.547311591200842,,
597,2.2799025966291528e-07,-0.3590771331946925,,
598,-4.152404977517733e-07,-0.31704950676414934,,
599,2.457287084323884e-07,-0.453441904528156,,
600,1.2101489018571181e-08,-0.41428936249391785,,
601,-2.1695724277737066e-07,-0.5733791576799403,,
602,-1.7363606814550222e-07,-0.3073041340390105,,
603,-4.728573284430407e-07,-0.470583626881789,,
604,-2.0466908923166814e-07,-0.34941821181451754,,
605,-7.542579587746116e-08,-0.27137271798255436,,
606,-3.3903262549913394e-07,-0.3656627451330889,,
607,-1.1538889711907122e-07,-0.33396293194840254,,
608,-7.208443260388593e-07,-0.4245093090520807,,
609,-3.362764776947193e-07,-0.2666318016317499,,
610,-5.063288958724788e-07,-0.3359464835018854,,
611,-6.518168466902166e-07,-0.1800222062818829,,
612,-5.194171938672244e-07,-0.2532232538890902,,
613,-6.137609392990696e-07,-0.2216648995863762,,
614,-3.6503277822332315e-07,-0.10776282338974766,,
615,-3.9166492100412093e-07,-0.222959654292498,,
616,-3.632062398981981e-07,-0.15940457991587106,,
617,-2.5490391219536777e-07,-0.2064415965634004,,
618,-7.610380210451708e-07,-0.0200854803167295,,
619,-6.944009541455489e-07,0.0776779022144193,,
620,-4.0606706311743124e-07,-0.223422507234398,,
621,-5.902198512714635e-07,-0.09009469394221731,,
622,-3.650542052006112e-07,-0.10374690456361686,,
623,1.899485958675302e-07,-0.21102295566688248,,
624,-1.8145792378741201e-07,-0.1920226756745507,,
625,-7.936205460665961e-08,-0.20471342913210172,,
626,-1.4437158555835024e-07,-0.3296153069186616,,
627,-7.923055087971431e-08,-0.5255376529776944,,
628,-6.261325190531659e-07,-0.266060329283098,,
629,-5.818906236223846e-07,-0.08603474374110451,,
630,-3.280461311099738e-07,-0.2209154546676478,,
631,-2.8943124483836894e-07,-0.3016106520955303,,
632,8.318223573041407e-09,-0.35961461427086183,,
633,-6.550909743341554e-07,-0.333432035826572,,
634,-5.285351588943945e-07,-0.21735805299526278,,
635,3.109287544973334e-08,-0.26648202454784886,,
636,4.938043952532751e-07,-0.20354417658986282,,
637,-8.018537379786122e-07,-0.11429680578581776,,
638,-1.932913675750696e-07,-0.112779472925124,,
639,1.7222752321396927e-07,-0.1763757720467784,,
640,2.866379010236251e-07,-0.19069524426507395,,
641,-3.532712608167698e-07,-0.0867658924563495,,
642,-6.59677288932658e-07,0.03192023946217093,,
643,-1.8366918461628728e-07,-0.18769323700007778,,
644,-2.639619874180622e-07,-0.2196972061520313,,
645,1.6094570696746966e-07,-0.22606288653981377,,
646,-2.7814404781737884e-07,-0.25471024873676895,,
647,-5.645036699021369e-07,-0.23325661061648542,,
648,-4.4183885858099105e-07,-0.33239378032205824,,
649,-7.309851183025708e-07,-0.22393824291737813,,
650,-4.099007714500477e-07,-0.21968868289291157,,
651,-2.6254783268682127e-07,-0.23975555412044466,,
652,5.528543301783437e-09,-0.11049178257364997,,
653,2.530910824372235e-08,-0.34712780787080816,,
654,-4.0211397284254145e-07,-0.310926744016029,,
655,-6.005117391248573e-07,-0.07339447739177477,,
656,-1.7401094325822407e-07,-0.0744469570580154,,
657,-8.920796406952881e-08,-0.07689893290118699,,
658,-5.032589580441974e-07,-0.16471351188133668,,
659,-1.004518350346346e-07,-0.05837220896513488,,
660,-3.903999588400014e-08,-0.26896920996159357,,
661,-2.0930889811105426e-07,-0.24883402411391797,,
662,-5.488918887796099e-07,-0.3036380150142526,,
663,-2.8956296807051864e-07,-0.31787776103744114,,
664,-8.575806552165788e-07,-0.2918732800554613,,
665,3.89175748290676e-07,-0.1313796202339427,,
666,-8.649752446304167e-08,-0.03866851683183913,,
667,-1.6688095050918012e-07,-0.0573823984792312,,
668,-4.2862215772793686e-07,-0.1407105782275224,,
669,-3.596721627862445e-07,0.016795560323851207,,
670,3.777118690040586e-07,-0.04285092985058467,,
671,-1.4946018198522392e-07,0.11783992153955576,,
672,-4.854175668000671e-07,0.018849667746848632,,
673,1.8143704517221182e-07,0.013188301836256572,,
674,-1.6787397712620223e-07,0.14013063710714946,,
675,-6.470740601722192e-07,0.14192463907638295,,
676,6.011023984129975e-08,-0.06441243991505201,,
677,-3.5967252983858e-07,0.06865972375647592,,
678,-8.493606291857431e-07,-0.06939003777792917,,
679,-7.111136135678854e-07,0.05443061924569407,,
680,-4.5057269663498786e-07,0.0930887076449384,,
681,-3.483621435657238e-08,0.027479882445984444,,
682,-7.327062378192894e-07,-0.09095631683266811,,
683,-7.048709035669234e-07,-0.11915611466489226,,
684,-7.421985028096529e-07,-0.05443794490296537,,
685,-1.3046541679220453e-07,0.0312369046464383,,
686,1.3512247645551732e-07,-0.27544278615524226,,
687,1.4714069078535428e-08,-0.21943158672594287,,
688,2.5530786282668145e-07,-0.3166441687291196,,
689,-1.479049980147587e-07,-0.31438161892216754,,
690,-2.2952127481604628e-07,-0.6489811193113866,,
691,-3.239786296669977e-07,-0.24138234242369716,,
692,-1.2841928319684146e-07,-0.3267828182923189,,
693,-5.203852757055132e-07,-0.2849300481563771,,
694,1.295372033170802e-07,-0.41928767939235545,,
695,-4.698182591278046e-09,-0.2106287114069568,,
696,-2.4105650651920964e-07,-0.2645177241052739,,
697,1.0723403449696688e-07,-0.4428217326265454,,
698,1.8398888313224812e-07,-0.3486940070078023,,
699,-1.2038820389007503e-07,-0.39564622549883677,,
700,-6.785452998365374e-08,-0.221647160260171,,
701,-3.192591451317126e-07,-0.06692491363823906,,
702,-8.506155064357031e-07,-0.0961182040684251,,
703,1.9145141745813703e-07,-0.11382338972353086,,
704,-1.67300214370167e-07,-0.20128270942042245,,
705,4.155596457419473e-07,-0.05630094812316409,,
706,-7.312352226118584e-07,-0.03792101845436496,,
707,-4.5969705097880715e-07,-0.2763432714006381,,
708,-7.860843039735967e-08,0.017691990347214182,,
709,-1.1275864387111174e-07,-0.13343022784598846,,
710,4.064210020051174e-07,-0.13307767734444562,,
711,3.194407261870765e-07,-0.18280282184397728,,
712,8.905656980255121e-08,-0.18490400156665918,,
713,-1.1359988240193822e-07,-0.292099287979698,,
714,-2.000516354414886e-07,-0.43550459240233164,,
715,-1.4119814349003348e-07,-0.2352929861320665,,
716,-1.0376208074847722e-07,-0.3310443714945392,,
717,6.339047308510322e-08,-0.2577943324832495,,
718,1.7942220956319345e-08,-0.2712442401559638,,
719,-3.7162429172866646e-08,-0.16195799792306462,,
720,-4.711579153133127e-07,-0.2230622395363667,,
721,-6.460440225289677e-07,-0.25632850603371143,,
722,-4.01917228074615e-07,-0.09371373640361529,,
723,-5.173714711187917e-07,-0.11664031055188104,,
724,-4.839513453056939e-07,-0.06832524288098125,,
725,2.7648954185409375e-07,-0.17257229769843047,,
726,3.635721182353015e-07,-0.2112700029897384,,
727,5.480343208072161e-07,-0.18719191253118272,,
728,4.537198485731479e-07,-0.09738178643319786,,
729,2.796167688124153e-07,-0.2738279132444352,,
730,-1.0588051257507192e-07,-0.09694359072595658,,
731,1.1272416292118595e-08,-0.0050145021971697,,
732,-1.2834026490626165e-07,-0.06508256716189581,,
733,-7.344288578246596e-07,-0.1552809314622762,,
734,2.060703758063142e-07,-0.32598320133070285,,
735,1.0894870146025357e-07,-0.15437641245741313,,
736,-1.683994692201745e-07,-0.19163812638973032,,
737,3.207850921803648e-07,-0.2215378162622601,,
738,-2.99391366512871e-07,-0.30745663976092025,,
739,4.757573799868049e-07,-0.2135526415430315,,
740,-5.383421163511164e-07,-0.2226772181023246,,
741,6.959162299064491e-07,-0.17514769117820225,,
742,3.7705001610466597e-07,0.09370303481985555,,
743,-2.6957289976955705e-07,-0.2171244646742115,,
744,5.521415476942526e-08,-0.09534258559753891,,
745,4.3255796919499693e-07,0.042150299064599994,,
746,1.2136184442441453e-07,0.017229968492232267,,
747,3.740120704804194e-07,0.05122116037170532,,
748,1.4840027358666774e-07,-0.14711626726703111,,
749,1.9791460228042648e-07,-0.319485194899464,,
750,-3.3777529477189215e-07,-0.11393328566267816,,
751,2.2259532812055464e-07,-0.42607016370782363,,
752,-5.194779207855186e-07,-0.36873445723054366,,
753,1.9223907164431162e-07,-0.1922422277369121,,
754,2.4500960614078344e-07,-0.400442287031585,,
755,1.195218844555608e-06,-0.3289561520458659,,
756,6.662929526080707e-07,-0.29567583845102147,,
757,6.800350065628531e-07,-0.7269319148371323,,
758,1.2979992057704053e-06,-0.2554141707360817,,
759,1.306179340402909e-06,-0.09499053390575626,,
760,9.267792435352747e-07,-0.33179842429065154,,
761,-3.513066481046944e-07,-0.17259475819963052,,
762,-1.3343430984185888e-07,-0.03653103396117927,,
763,7.490974334556714e-07,-0.21035666675194403,,
764,5.536024804812573e-07,0.2927968643324253,,
765,3.5029580640732347e-07,-0.03445664977939714,,
766,6.089063739494376e-07,-0.05615014132182219,,
767,-1.9340548971608076e-07,-0.19657133527513732,,
768,-2.8777407105512394e-07,-0.10840168558376677,,
769,-3.2884259299671193e-07,0.22273779310049288,,
770,2.6912085545815508e-08,0.15537395163106865,,
771,-5.390088771025401e-07,0.09057252820304204,,
772,1.617240296572462e-07,-0.28270291518909774,,
773,5.446117193310682e-07,-0.6375742461854643,,
774,-4.725017838162539e-07,-0.23017568700410496,,
775,-1.3046511633266845e-07,-0.1623114840763002,,
776,-1.9777768554703615e-07,-0.19889450695171998,,
777,-1.2642717861192258e-07,-0.2934121913348138,,
778,4.190589477566684e-07,-0.17634535815223024,,
779,2.1508042114602704e-08,-0.33631950750014106,,
780,-6.146868940407291e-07,-0.2244578982408596,,
781,-5.490157273502104e-07,-0.06610876471456274,,
782,5.244051048766804e-07,-0.1670451224149505,,
783,-6.896325747475838e-07,-0.03680504579644156,,
784,6.293398412151579e-07,-0.2464059971823335,,
785,1.1005831282984206e-07,0.03420565187927146,,
786,2.9508311278338016e-08,-0.14806531094547995,,
787,6.504328597410573e-07,0.021216784547401554,,
788,-1.2450899743095862e-07,-0.11117493396742217,,
789,9.467333352485016e-08,-0.14334277587233274,,
790,2.428869732620896e-07,-0.2562936750277448,,
791,1.6712341140292647e-07,-0.4396313905432424,,
792,-3.405143626448704e-08,-0.24769270374448965,,
793,-4.427282768251528e-08,-0.18004835275584477,,
794,-8.398704803319992e-07,-0.05272106326666896,,
795,-7.261486728234075e-07,0.016979128427917045,,
796,7.799278916673262e-08,-0.19110032749792388,,
797,9.330043169888336e-08,-0.22808980928765546,,
798,1.1411808398417629e-07,-0.220672499972778,,
799,1.893656701502439e-07,-0.5977574335588258,,
800,-8.995248624380703e-08,-0.6732641746738021,,
801,4.552262845706089e-08,-0.5054784848404419,,
802,-3.497185264757317e-07,-0.3060222837537143,,
803,-7.678780503071672e-07,-0.2901994447605065,,
804,-4.851326196705461e-07,-0.21142941884069205,,
805,-1.7994260731170512e-07,-0.3775132517205199,,
806,-7.688656182263058e-08,-0.3081863795817541,,
807,-3.7310727176950796e-09,-0.4979583864090892,,
808,-4.1924626963067873e-07,-0.29586732427662965,,
809,-2.0466478538697248e-07,-0.3516954047456948,,
810,-8.562716184257842e-07,-0.3211405863447682,,
811,-6.111131975626193e-07,-0.29909255321997263,,
812,-9.29604042431496e-07,-0.15204518956676483,,
813,-3.7823122148560145e-07,-0.1546491406776348,,
814,-5.292637789077413e-07,-0.1801467450157272,,
815,-3.3941627721398175e-07,-0.3764646219065889,,
816,-3.2729220836809456e-07,-0.24322326628486274,,
817,-3.8957218714765934e-07,0.04216187966193063,,
818,-1.5259878459806932e-08,-0.3045166964011788,,
819,2.5648243510942642e-08,-0.20386668681727924,,
820,-6.009503657907525e-07,-0.44809082098126984,,
821,-3.768464134542616e-07,-0.39916374466080745,,
822,-8.42388050918011e-08,-0.4234126646957089,,
823,-5.155245812243146e-07,-0.23678744523539513,,
824,-3.256803100667593e-07,-0.43102434063922246,,
825,-4.4077245149889594e-07,-0.2761392965946126,,
826,-7.298897607634894e-09,-0.3796998274441841,,
827,-8.608166314119308e-08,-0.4096411724779176,,
828,-1.6782498097894445e-07,-0.37696177177829954,,
829,-6.337891768352688e-07,-0.41590843390766263,,
830,-4.477491015576551e-07,-0.3828746209965891,,
831,-6.101354530383962e-07,-0.4076194106106191,,
832,-2.340331999778959e-07,-0.3909138860196063,,
833,-1.4979424027614904e-07,-0.28511706925915575,,
834,-2.5248491491563423e-07,-0.10027131753955125,,
835,-2.3123409389849963e-07,-0.1945955154741696,,
836,-1.4731761278986338e-07,-0.2616861515131487,,
837,-4.179598260550886e-07,-0.3297121077187086,,
838,1.959558243498389e-07,-0.3165018962830381,,
839,1.580511346097386e-07,-0.30556900490031025,,
840,4.0476617203529335e-07,-0.16562204815977108,,
841,6.95652554764562e-07,-0.219214146421363,,
842,-2.597186989573003e-07,0.05321267275528639,,
843,-1.948387298099588e-07,-0.14401592787455944,,
844,4.1361772074858184e-07,-0.0724725875603012,,
845,-3.89172404213538e-07,0.08361451046798093,,
846,-3.74056290292484e-07,-0.19455774313596333,,
847,-2.4430904158685583e-07,-0.15730357210665522,,
848,-5.55527508781823e-07,-0.09964429606682175,,
849,-1.71252599480945e-07,-0.2119825976070632,,
850,1.5697225055116954e-07,-0.01012853537399018,,
851,2.8460456340224496e-07,-0.25459041027768947,,
852,1.670871833171389e-08,-0.6216481424798255,,
853,3.9448022192603696e-08,-0.4138650068803357,,
854,-2.1147503599206246e-07,-0.4100218546623199,,
855,-3.4666965606661527e-07,-0.33984531800350515,,
856,-2.548627489418162e-07,-0.2851734283559827,,
857,-1.2826769127041914e-08,-0.3562466419839221,,
858,-3.464180134571977e-07,-0.1571640895631328,,
859,1.1059833629986387e-07,-0.41095891883968916,,
860,-7.423582577663202e-07,-0.3324792429496427,,
861,-2.3686821950805187e-07,-0.444383016851616,,
862,1.0914748605354406e-07,-0.45019636120647294,,
863,-3.951927342448213e-07,-0.395629064878705,,
864,-6.77849814051283e-10,-0.18051991871179532,,
865,-2.432561380625647e-07,-0.4468213139299544,,
866,6.149439207333746e-07,-0.3810783356795946,,
867,-1.9370715485857632e-07,-0.38221165730427625,,
868,-2.109523956765465e-07,-0.23904494916901226,,
869,5.6499388046697767e-08,-0.06852845268481003,,
870,8.140720078666912e-08,-0.3758320674512309,,
871,6.499550708921131e-07,-0.6633837330062234,,
872,1.2018426564027705e-06,-0.41386522103730466,,
873,1.0257532938893167e-06,-0.32555757902821825,,
874,-4.909477496353928e-07,-0.002061609321684818,,
875,3.8246544629961795e-07,0.15939843882528543,,
876,3.667116041490531e-07,0.006528813718504813,,
877,-2.1702096615666695e-07,-0.28749574053695065,,
878,-1.871818070404519e-07,0.03228006174698368,,
879,5.078410471251644e-07,0.10035904895290267,,
880,2.524531071703246e-07,0.12762279456021836,,
881,6.100596435084056e-07,-0.04570221186040148,,
882,4.036435214284272e-07,-0.04972403893567455,,
883,3.9145406492823384e-08,-0.11428828454324465,,
884,-4.483534042078351e-07,-0.10989503379667113,,
885,3.334538768110717e-07,0.032078538634428305,,
886,3.573219907400175e-07,-0.004030704350942111,,
887,5.247379542679672e-07,0.035088242824964984,,
888,-3.577106463092254e-07,-0.026702975062027012,,
889,-1.0196513732578492e-07,0.23560099776424687,,
890,-2.740000498833254e-07,0.1196844764998187,,
891,-5.747539693352421e-07,-0.02937991700179703,,
892,7.751314602853892e-07,-0.11502734126381556,,
893,-4.687339032701518e-07,-0.15174984709913525,,
894,1.0826880602620636e-07,-0.19119034000082563,,
895,7.11111234159582e-07,-0.4278757193766265,,
896,8.762554964259243e-07,-0.49786339212238745,,
897,4.3712798056079826e-08,0.047060726627921934,,
898,-4.2382368094094063e-07,-0.2127349310219723,,
899,5.216964398470091e-07,-0.4118305499943136,,
900,2.123493097739675e-07,-0.3821305180470885,,
901,7.873333750477946e-07,-0.2212371419386384,,
902,-2.4229205934200077e-09,-0.24009968728791087,,
903,4.7138933286264906e-07,-0.7177659175507805,,
904,4.0027642500816713e-07,-0.47258229734417545,,
905,-1.9539166954255343e-07,-0.36374758301917554,,
906,7.894287744987998e-08,-0.45010685715736026,,
907,7.178500572627819e-08,-0.48882253633764583,,
908,5.267033512940581e-07,-0.21256545493349965,,
909,1.5661459342850344e-07,-0.2779599704673775,,
910,5.134741815897771e-07,-0.5414629870339234,,
911,5.498060041376056e-07,-0.46610630870564507,,
912,3.115039468341677e-07,-0.16640245188329866,,
913,3.175580658799462e-07,-0.3994684906268878,,
914,3.692463675826805e-08,-0.0621826046695589,,
915,-1.4017129794778769e-07,-0.13775721313961475,,
916,3.1487241099119326e-07,-0.18752325985008983,,
917,1.8448995459800814e-07,-0.2521458406351367,,
918,-1.5035301675501862e-07,-0.34953982738245426,,
919,2.885199808043495e-07,-0.31130198599104736,,
920,3.8611163956941956e-07,-0.29808642776251815,,
921,-3.247267507515607e-07,-0.18009688518049832,,
922,-7.01752856567214e-08,-0.18039245072857743,,
923,-4.615066746616273e-07,-0.39777368516941086,,
924,3.8994124685524353e-07,-0.18750153277815726,,
925,3.504769284997151e-07,-0.18437805371480978,,
926,5.454529910841401e-07,0.0409534862589898,,
927,3.2878734398250865e-08,0.0677744292284791,,
928,-3.036181386034184e-07,0.16527485124569058,,
929,-3.0943223450460555e-08,-0.003911709377469083,,
930,2.7166782573721147e-07,-0.12067610901927298,,
931,-3.0157149505544915e-07,-0.021779354750400454,,
932,5.926223037995292e-07,-0.22141757093542033,,
933,3.052918887838881e-08,-0.08859295825832954,,
934,4.664234041721625e-07,-0.045580115001848276,,
935,4.864539394970728e-07,-0.24720544705872274,,
936,-2.658089456766266e-07,-0.051685258535317746,,
937,-4.3425918097085346e-07,-0.06598960451833169,,
938,1.0883942297781202e-07,-0.13735898359687715,,
939,4.984384951810194e-07,-0.3777212219516898,,
940,-5.089094777501072e-07,-0.6030219911981846,,
941,-9.501379707064731e-07,-0.127547702332171,,
942,7.993608906513126e-08,-0.4986996259444087,,
943,-1.8578351252077247e-07,-0.45875432761527596,,
944,-5.851072659443705e-07,-0.14360289446486557,,
945,-6.53092914969941e-07,-0.14182986708200726,,
946,6.515939737580687e-07,-0.10362625403792755,,
947,2.318349188352472e-07,-0.4533641864608489,,
948,5.809256194250598e-09,-0.06055436618146246,,
949,-5.605918983258074e-07,-0.08885916543099784,,
950,4.4235200941499423e-07,-0.254609930613782,,
951,-2.9534799475701435e-07,-0.14345838769704725,,
952,7.956572702944943e-07,-0.30484324090575887,,
953,-4.483764552019924e-07,-0.38399874401248946,,
954,-1.819107100804519e-07,-0.28926270950109034,,
955,1.1027424257278254e-06,-0.1885717476467382,,
956,5.961615068494936e-07,0.007905507966950909,,
957,7.221767731021767e-07,-0.16294877195891047,,
958,4.850362822101977e-08,-0.4634620690624935,,
959,-3.741353351800997e-08,-0.39188990221354497,,
960,2.0881656423372044e-07,-0.160572888743921,,
961,6.113680088819374e-07,-0.24971873390254448,,
962,-5.027117505018305e-07,-0.27297130137606673,,
963,5.782696822050424e-07,-0.03609408199052729,,
964,1.2065167916570674e-07,-0.1508378669195274,,
965,-4.932490168326532e-07,-0.03249853913264428,,
966,-3.266321592395159e-07,-0.08247560918468351,,
967,1.355314695054291e-07,-0.3071667438448322,,
968,1.4824537430669233e-07,-0.08458504077927496,,
969,1.5294103694665605e-06,-0.27247647147018966,,
970,4.172266068781932e-07,0.16842743481618977,,
971,-5.600551578920533e-07,-0.2451854149298398,,
972,4.4159552317522004e-07,-0.008200535351638658,,
973,6.272333528728287e-07,-0.47718033641260493,,
974,1.0464039895352437e-07,-0.04055034036417234,,
975,6.591970157506979e-07,-0.2749765440262465,,
976,-6.515936362791376e-09,-0.43334578726118106,,
977,-9.783261498456005e-08,-0.203605447520096,,
978,1.1149634504915804e-07,-0.16484981867092482,,
979,-1.2848597986021787e-07,-0.008904742064685856,,
980,-3.5501941670847436e-07,-0.06235064854079133,,
981,3.9945727799321424e-07,-0.07941855491827886,,
982,1.0047206958952512e-08,0.2572950149175929,,
983,-1.229093113657796e-07,0.011882273107652462,,
984,-3.3959887519978007e-07,-0.024566811584923066,,
985,5.096817190650912e-07,-0.18826945084836336,,
986,-3.735646820910908e-07,-0.04228918010031912,,
987,-8.092758231834694e-07,-0.23367750789823777,,
988,-1.672043283692918e-07,-0.12541389192705502,,
989,1.546911788445933e-07,-0.22310325866953798,,
990,5.058504197293213e-07,-0.1790228868666612,,
991,7.093139878138182e-07,-0.19875373648402364,,
992,6.683392020061882e-07,-0.20959412996148924,,
993,2.939587622802848e-07,0.024226883461831474,,
994,1.8564045743391e-07,-0.4677425717156739,,
995,5.40920617709015e-07,-0.34056644295770977,,
996,2.750771258490105e-07,-0.6127834140545474,,
997,-1.7439499130176741e-07,-0.4813620737163077,,
998,5.45224230655373e-07,-0.4437771300715309,,
999,1.2779820394479496e-06,-0.5558904522402678,,
1000,9.441930106200036e-07,-0.583187910529046,,
1001,5.999280811398285e-07,-0.5575554930912554,,
1002,8.97944957362897e-07,-0.4883348875679731,,
1003,6.568087314072763e-07,-0.6879593862277325,,
1004,1.4846808057260975e-06,-0.6990261736380808,,
1005,6.560057269127867e-07,-0.24291520954304097,,
1006,4.883269199964451e-07,-0.41870191000455115,,
1007,1.0971277282599886e-06,-0.5651442184506381,,
1008,8.785230943854897e-10,0.06248250313126587,,
1009,7.917439631852593e-07,-0.009156435803200913,,
1010,8.45479507496399e-07,-0.3631079281065268,,
1011,3.9878651908830725e-08,-0.39512657750484237,,
1012,7.802605056276841e-07,-0.6595994576435765,,
1013,8.066090048808712e-07,-0.40959008735423125,,
1014,-1.852602270456227e-07,-0.5604993661601597,,
1015,3.2218980721311094e-07,-0.19427481651058223,,
1016,-4.423965693310534e-08,-0.5060373662843196,,
1017,1.97385114263932e-07,-0.4469089536319652,,
1018,5.584567462495974e-07,-0.1574763339101056,,
1019,1.9196602714560976e-07,-0.14955686600046858,,
1020,6.293054538312337e-07,-0.5137652937309825,,
1021,2.820473610014876e-07,-0.6361241789120529,,
1022,5.868851505671794e-07,-0.4471280226083854,,
1023,6.210115106300395e-07,-0.4099144725035406,,
1024,5.5423316702409676e-08,-0.6201048963218845,,
1025,5.370808779950947e-07,-0.27866663138994135,,
1026,1.9823741617940264e-07,-0.13397533030315079,,
1027,7.766812643781338e-07,-0.39428498905461473,,
1028,4.879691197673167e-08,-0.056721936322533716,,
1029,1.2412750856892189e-06,-0.7733472591972983,,
1030,5.930607097969219e-07,-0.6161140820883999,,
1031,5.848705425128054e-07,-0.21855519716383007,,
1032,1.3740512841771794e-06,-0.6877668831108389,,
1033,-1.3654740027044582e-07,-0.11540400910391321,,
1034,1.7073003520091282e-07,-0.4865169096547798,,
1035,-4.205422473550784e-07,-0.2526936736526346,,
1036,1.3423475310628923e-07,-0.35964625599950006,,
1037,6.160079557362645e-07,-0.39330892145205965,,
1038,2.160312866603664e-07,-0.26824193010367886,,
1039,1.3341408072772706e-07,-0.1681205752042517,,
1040,-1.2645104960733974e-07,-0.5498110614076201,,
1041,-7.311005260145743e-07,-0.2599227285099167,,
1042,9.133427111078626e-08,-0.4769637310332032,,
1043,8.951845697072257e-07,-0.695739131505598,,
1044,-1.0977753943208634e-07,-0.1623012271129509,,
1045,9.918495255716076e-07,-0.3799594869263589,,
1046,-1.935643238971396e-08,-0.636437069790204,,
1047,5.654723319446626e-07,-0.6393348510744759,,
1048,-1.537193217221854e-08,-0.44831482381817767,,
1049,8.703056333152358e-07,-0.29179971987406594,,
1050,-1.0206744928452796e-06,0.13686308885838516,,
1051,9.811000012472332e-08,-0.4345602747883478,,
1052,-7.426618990155729e-07,-0.37589613813179495,,
1053,-2.005685655299515e-07,-0.36541673509711103,,
1054,1.2815635589024288e-06,-0.6542548594445898,,
1055,3.295113293320728e-07,-0.4433020845533284,,
1056,8.484380392967551e-07,-0.7734886746012273,,
1057,1.6339804774607398e-07,-0.5070680129551597,,
1058,-3.43028234424312e-08,-0.36891504113485335,,
1059,-7.055532620880939e-07,-0.32956750468668516,,
1060,-1.089967552318637e-06,-0.049604421559969275,,
1061,-8.094122720972586e-08,-0.2913194709215311,,
1062,-3.906973083547014e-08,-0.6169570444994639,,
1063,8.945504899945266e-07,-0.6285286833163996,,
1064,-7.527549784799691e-07,-0.32490955449353714,,
1065,-1.490649695199007e-07,-0.33797006756587805,,
1066,-4.3016168861693625e-07,-0.23234634690347397,,
1067,-2.4451789240997247e-07,-0.38301981165194154,,
1068,-2.788042507618526e-07,-0.41117327499879097,,
1069,-3.4753824445703964e-07,-0.570582469714229,,
1070,-8.682386695659727e-07,-0.12471846494855317,,
1071,-7.132373862045992e-07,-0.46631048596061575,,
1072,-1.5610644320925187e-07,-0.6390049707439137,,
1073,-3.8963426886183366e-08,-0.5464760159896939,,
1074,-5.030218270478759e-07,-0.542034900736338,,
1075,-4.956859116763977e-07,-0.5276345025725049,,
1076,-1.7984002369624555e-07,-0.5872417548938814,,
1077,-8.982987859088725e-07,-0.41999053238478556,,
1078,-1.4257893008836492e-06,-0.39807879139352853,,
1079,1.6444619599827206e-07,-0.6334266760110165,,
1080,6.570566713699276e-07,-0.6167914634305179,,
1081,3.755099722364953e-07,-0.7701682715433564,,
1082,9.803570334346563e-07,-0.687992244384349,,
1083,4.851776314599058e-07,-0.6575056744906427,,
1084,3.9710712685396304e-07,-0.24017724528653567,,
1085,-3.39446266308492e-07,-0.3957190958716186,,
1086,4.268379799956455e-07,-0.2851602178386122,,
1087,-2.2389341261646377e-07,-0.3870593868683193,,
1088,1.6091977705890423e-07,-0.6413602988562026,,
1089,-1.8044723891083472e-07,-0.6027266300303641,,
1090,1.4296491330765752e-07,-0.7142917658191787,,
1091,-7.41532066737857e-07,-0.4684216583801216,,
1092,-8.85484841634812e-07,-0.3942746928053374,,
1093,-7.078174640824741e-07,-0.3470719345568493,,
1094,-1.1969995743063983e-07,-0.2993464740019603,,
1095,-1.514566455173734e-07,-0.2805560332854798,,
1096,3.2110732801580494e-07,-0.5663622218767074,,
1097,-3.4564247301066e-07,-0.3272726043929833,,
1098,8.390659313830537e-07,-0.6223431464847937,,
1099,4.864718146307441e-07,-0.35549752470630214,,
1100,4.6155108544702785e-07,-0.33327455643194276,,
1101,-7.761538819426142e-08,-0.37102179252199013,,
1102,1.6913507069763725e-07,-0.1900687365902453,,
1103,2.2667658903627099e-07,-0.3967250335148703,,
1104,4.750161666261157e-07,-0.5460185128092255,,
1105,-7.279318219802167e-07,-0.12828630020420287,,
1106,2.078357186694126e-07,-0.31672869995651365,,
1107,1.0819808328408944e-06,-0.8708309000068469,,
1108,8.071793877311143e-07,-0.6968879514049008,,
1109,1.038485782011536e-06,-0.7545281393284958,,
1110,5.05318898470883e-07,-0.5408492609169139,,
1111,9.311245780771079e-07,-0.5432703565632533,,
1112,1.384642912500766e-06,-0.530185995199646,,
1113,2.5801367417241933e-07,-0.6267660296165593,,
1114,5.892791019737593e-07,-0.6807174004596824,,
1115,3.428596224442925e-07,-0.2611066350836795,,
1116,7.964670066648824e-07,-0.42977258245539673,,
1117,9.40886151722426e-07,-0.8817989276637132,,
1118,8.660804965617995e-07,-0.7676574976269752,,
1119,3.3811914289900305e-07,-0.6080829254314817,,
1120,3.365170352038506e-07,-0.34287198097665766,,
1121,-7.196032573844306e-08,-0.5348166925812882,,
1122,1.0190437066035218e-06,-0.5734233709875174,,
1123,7.165560213058947e-07,-0.4133126125053342,,
1124,6.446805491062625e-07,-0.4683760613087308,,
1125,1.4928222986450517e-06,-0.685434174061555,,
1126,4.410682142427404e-07,-0.3879393070808274,,
1127,1.071559330192127e-06,-0.7483497541700337,,
1128,9.68223079280139e-07,-0.534103802242317,,
1129,6.029733470105381e-07,-0.6833001397293506,,
1130,7.990077132171045e-07,-0.2826873830120656,,
1131,1.1518134990204456e-06,-0.40159282108734295,,
1132,1.0026340705679679e-06,-0.5165063584530739,,
1133,1.0158648517023334e-06,-0.516905219849669,,
1134,5.176826007892036e-07,-0.4780238546885586,,
1135,8.171874529276476e-08,-0.4018972348232529,,
1136,5.396955927177996e-07,-0.4956912204719985,,
1137,3.4940962120263294e-07,-0.4951647852078057,,
1138,6.011954751163414e-07,-0.4225112730121965,,
1139,-1.0933098206723697e-07,0.025239040327459404,,
1140,2.1074937137631366e-07,-0.22561095274187326,,
1141,6.65074348634035e-07,-0.2506190554081436,,
1142,5.925005978605211e-07,-0.3104061617115733,,
1143,6.624459679820252e-07,-0.18620420058041467,,
1144,9.68497486176421e-07,-0.5747028475645712,,
1145,1.1034598170648907e-06,-0.1511667244252451,,
1146,7.285097257785524e-07,-0.2119946584658793,,
1147,9.609965660655345e-07,-0.6414356496212397,,
1148,-2.471773634778926e-07,-0.3549048306494241,,
1149,-4.170141690341375e-07,-0.23770083737903214,,
1150,-2.8041629013982275e-07,0.060702322606920454,,
1151,7.477933087093315e-07,-0.6690925082667263,,
1152,2.8462363691241497e-07,-0.40400394812867046,,
1153,2.0465627320512275e-07,0.01769752903602539,,
1154,4.999676969223534e-07,-0.27549909922291793,,
1155,8.382480073437604e-09,-0.10081220576583276,,
1156,8.497779644925797e-09,-0.06274754536392421,,
1157,-3.8178762660955603e-07,-0.051211943185560785,,
1158,-6.712649321511298e-07,-0.014838744521957017,,
1159,-2.8284056336746993e-07,0.29485542932522907,,
1160,2.6809417116217023e-07,0.21323670612996168,,
1161,-4.70607317253719e-08,0.03401714129629756,,
1162,1.6081936573748105e-07,0.03607032187461475,,
1163,2.049617579817096e-07,-0.11251047514854322,,
1164,-3.1346429982211126e-07,-0.07849639169510546,,
1165,-7.935792136528348e-07,0.2333052135772892,,
1166,1.2856970148221704e-07,0.03996653842873055,,
1167,-1.0257688206454327e-06,-0.049991472835948014,,
1168,-1.0970932474927642e-06,0.14708605192648322,,
1169,-1.1093310098469718e-06,-0.06893594344365944,,
1170,3.9076210850526385e-07,0.05270167783619336,,
1171,3.564097301398579e-07,-0.43957996018496254,,
1172,5.521300576938165e-07,-0.42890650758191307,,
1173,-5.216436049495933e-07,-0.3509942955505906,,
1174,2.277569802474536e-07,-0.5926373250648929,,
1175,-1.5153975198778774e-07,-0.31808955069457145,,
1176,5.282694970051039e-07,-0.26028250154776955,,
1177,-2.079537870412334e-07,-0.3328141450882711,,
1178,5.739974848605116e-07,-0.38110316599662103,,
1179,-1.1080291314786115e-07,-0.46261577050631547,,
1180,4.726845431199809e-07,-0.47955602793756585,,
1181,8.255606969669437e-07,-0.5544824449088296,,
1182,1.6207337072838702e-07,-0.5486779030126321,,
1183,1.3542880636377794e-07,-0.27304850854249946,,
1184,-4.321661144717358e-07,-0.26194844962311414,,
1185,-3.060320762825261e-07,-0.2112281516300753,,
1186,-8.085062762707163e-07,-0.22405055207380703,,
1187,-4.350905635097143e-07,-0.3471086059885537,,
1188,-4.826455144861827e-07,-0.3463324868702594,,
1189,-3.288072298922673e-07,-0.3706207200702406,,
1190,2.6269920818480817e-07,-0.3833681202002099,,
1191,-8.819565822000708e-07,-0.22045909807477937,,
1192,-5.264720447777685e-07,-0.41006152849773636,,
1193,-7.287717582386151e-07,-0.17709564404914876,,
1194,-6.216021386830461e-07,-0.14526749761240174,,
1195,-1.1322782069706291e-06,0.12328780360169607,,
1196,-7.843187150573785e-07,-0.08702663041344352,,
1197,1.4112049115092787e-07,-0.13742483372158645,,
1198,-7.788081272612076e-07,0.031942173303820834,,
1199,-1.687911278785048e-06,-0.014618244309942796,,
1200,-1.4459554459917524e-07,-0.06828823475546739,,
1201,-3.144252290128757e-07,-0.11214492268097309,,
1202,-8.007449956027206e-07,-0.13111061013039102,,
1203,-6.539283107690403e-07,0.008605002080865166,,
1204,-7.226087340387685e-07,-0.06184672174235227,,
1205,-3.5741898866697054e-07,-0.05648502638161442,,
1206,9.616195194378038e-09,0.008145117384201515,,
1207,-1.4141197487005825e-07,-0.2376695270228411,,
1208,2.114243594866366e-07,-0.0007326032501351373,,
1209,4.406144443587657e-07,-0.32893053252487775,,
1210,-3.5912074241311226e-07,-0.021658140639638453,,
1211,6.699111367737576e-07,-0.04480294588713489,,
1212,-3.4397185519257827e-07,-0.013714193515681697,,
1213,-2.543706445212986e-07,-0.09252003806459345,,
1214,-6.54835962481077e-07,-0.10907796988905631,,
1215,-3.9159149787938606e-07,-0.20708259477770183,,
1216,-6.550041189455058e-08,-0.32720139936162596,,
1217,-4.555225853989187e-07,-0.2253384043941064,,
1218,5.54890661894245e-09,-0.3219128940742523,,
1219,-4.575920821853885e-07,-0.1805846777520917,,
1220,1.880976333837266e-07,-0.19436532765233233,,
1221,6.927108934034821e-07,-0.2196629448965827,,
1222,1.1669502550418617e-07,-0.2282915833326585,,
1223,7.739081597727884e-09,-0.3903113333321613,,
1224,1.3711908133641978e-07,-0.242870202368547,,
1225,2.253315510490544e-09,-0.0752347858109757,,
1226,-7.18354613128858e-07,-0.1139628035145965,,
1227,-4.40713246537159e-07,-0.3013942645441552,,
1228,-4.0811636334954987e-07,-0.29291126775598714,,
1229,-1.3895430785655954e-06,-0.25279045610139195,,
1230,-8.379172659805558e-08,-0.5012892685454245,,
1231,3.074492498085989e-07,-0.31520769153163564,,
1232,-4.980933609095391e-07,-0.2759649929949955,,
1233,-4.042005647294719e-07,-0.5340368571917865,,
1234,-5.551656611968472e-07,-0.3310984787168772,,
1235,-2.261932721887519e-07,-0.3835869699933129,,
1236,1.0697187647750083e-08,-0.331333175002221,,
1237,8.098136291689005e-10,-0.472456836527506,,
1238,-1.175957165432568e-06,-0.15643590717902828,,
1239,-4.0438444070268587e-07,-0.13204293289865626,,
1240,-5.217079719029865e-07,-0.16338921888486063,,
1241,-1.1821322403264411e-06,-0.11856895905058892,,
1242,-2.1884710190529902e-07,-0.20041530830082213,,
1243,-8.492991473406603e-07,-0.13728288656613974,,
1244,-3.1263849761481317e-07,-0.2505562294640206,,
1245,-2.3660169762914222e-07,-0.24207165162509026,,
1246,-5.820936540616783e-07,-0.08785317497266758,,
1247,-1.125948757557632e-06,-0.06433710841830384,,
1248,3.183630455357097e-08,-0.379980347910644,,
1249,4.6515543629219463e-07,-0.20525232138067612,,
1250,6.443452972720242e-07,-0.19232960047098197,,
1251,4.5503070062360346e-07,-0.09429899701207252,,
1252,-1.4846157316245894e-07,-0.1781630888211431,,
1253,3.7711199113028356e-07,-0.16396787845202407,,
1254,1.2523465126010245e-06,-0.338154971045529,,
1255,4.2041283177751504e-07,0.11497533968701594,,
1256,5.861287641085438e-08,-0.31049901345883335,,
1257,1.0690360268808252e-06,-0.11637299428959906,,
1258,3.966932684800014e-07,-0.5778698718812795,,
1259,4.7564640778373565e-07,-0.31494081653263584,,
1260,9.137557129941173e-07,-0.2608297346691112,,
1261,-4.0127617425263085e-07,-0.18996177764112537,,
1262,-5.248297082954862e-07,-0.12918235834574432,,
1263,-5.701547045878798e-08,-0.21192336626394254,,
1264,-2.023802328904036e-07,-0.34543508670706946,,
1265,7.835657332176184e-08,-0.3561766985284879,,
1266,1.0861633605301956e-06,-0.4618513046938861,,
1267,9.97461921047693e-07,-0.5974420655466828,,
1268,2.289840815667489e-07,-0.5130352639837701,,
1269,1.3938137757101414e-06,-0.4945474815250003,,
1270,1.6859777937890378e-07,-0.2594262801394339,,
1271,4.001217487885942e-07,-0.12046421079398972,,
1272,-5.175111670935606e-08,-0.28109700009111693,,
1273,4.445009029583202e-07,-0.2910061330548252,,
1274,-1.8551475464541008e-07,-0.037813490024594894,,
1275,4.5891430805158476e-07,-0.20991972169354703,,
1276,-2.1017386791156453e-07,-0.26211904934718383,,
1277,-4.626854489731369e-07,-0.19591645885514355,,
1278,-4.804217818166906e-08,-0.4915085634302656,,
1279,-1.9954893669477223e-07,-0.12605415381890395,,
1280,-2.1598139406253108e-07,-0.15943645062229625,,
1281,5.32087302728611e-07,-0.3157393131413511,,
1282,-1.3011528141345032e-07,-0.4965577831670654,,
1283,9.781058679474381e-07,-0.5630090017430329,,
1284,-7.888186837642584e-08,-0.4221462521009915,,
1285,1.1523561885583303e-06,-0.3454633438589406,,
1286,-5.278405517664871e-07,-0.15988843424911048,,
1287,6.149911413340056e-07,-0.6238417018423965,,
1288,3.738289312404204e-07,-0.6217929039226437,,
1289,-1.7165811012891528e-07,-0.5356477702177547,,
1290,5.070781364698473e-07,-0.7301692729713137,,
1291,-4.688751532743911e-07,-0.44948388574562587,,
1292,-8.118805047143537e-09,-0.5268270238224528,,
1293,4.2470465782181804e-08,-0.44787170413059674,,
1294,8.373776348319025e-07,-0.8343070454003048,,
1295,7.518971499245194e-07,-0.3950744931268315,,
1296,-2.945758650333172e-07,-0.41795498361359557,,
1297,1.2282173521322187e-06,-0.461833529585194,,
1298,9.315737060755365e-07,-0.433282351155236,,
1299,1.264546124784206e-06,-0.5006653467178588,,
1300,-2.974610730933529e-07,-0.42936777067219134,,
1301,8.344419340291708e-07,-0.4349446166814343,,
1302,4.879120793859032e-07,-0.5465422782736435,,
1303,-1.7434610420257087e-07,-0.4971588514931208,,
1304,-2.0464489274976198e-07,-0.35286065271544886,,
1305,1.8487393243975805e-07,-0.5757429159231053,,
1306,-1.4410895009055554e-06,-0.14101986317353649,,
1307,2.6346842055170067e-07,-0.5816840617814505,,
1308,8.943248196264206e-07,-0.2537508059402883,,
1309,-3.939290401725017e-07,-0.11769176474602414,,
1310,-5.374315303657566e-07,-0.32355924370641975,,
1311,3.797299686542052e-07,-0.20116180385869095,,
1312,1.1247738032084074e-07,-0.3328906223718731,,
1313,-8.618698452875097e-07,-0.13158896145739535,,
1314,-3.373595443015461e-07,-0.36888343758323777,,
1315,8.246768690168901e-07,-0.4602852420184262,,
1316,-2.42576249957025e-08,-0.2013227261339408,,
1317,-4.972039745022436e-07,-0.1971386897091667,,
1318,-3.219628373348526e-07,-0.3564630247639407,,
1319,-5.628539254126343e-07,-0.24109380882723289,,
1320,-1.254983923642796e-06,-0.3818854425770608,,
1321,5.793331350594413e-07,-0.421309229918866,,
1322,3.739059632878318e-08,-0.36602988813241877,,
1323,5.668825599421785e-07,-0.2993667111944515,,
1324,-2.4131495251752935e-07,-0.20385818640906622,,
1325,-1.0896772036341699e-06,0.12092131801515509,,
1326,4.343458548306707e-07,-0.2172965448377763,,
1327,-2.1078883326883677e-07,-0.2520740336219004,,
1328,-1.6746215167813e-06,0.22009543078374608,,
1329,5.45610348828389e-07,-0.2579312969789491,,
1330,-2.1809473855877053e-07,-0.5295858277678702,,
1331,-4.508850282218675e-07,-0.5397865787318088,,
1332,-1.3507967171397984e-06,0.0071407661140946545,,
1333,-2.033353354379933e-06,-0.01597161726484047,,
1334,-1.1754396478358137e-06,-0.0389697585792929,,
1335,-2.470823289235953e-07,-0.3487368752500617,,
1336,-1.349759921535457e-06,-0.18467901312703638,,
1337,-5.092579747356922e-07,-0.38016147266169964,,
1338,3.8159953888403923e-07,-0.5727061354467685,,
1339,-3.1000678520736234e-07,-0.45625136172051245,,
1340,-1.4037783031688196e-06,-0.18058150039693305,,
1341,-5.936033910891894e-07,-0.22899027380249107,,
1342,1.0924060588814425e-06,-0.31138171143497606,,
1343,2.8191854682300267e-07,-0.35014614450809806,,
1344,-7.867151418076958e-07,-0.21028910816101792,,
1345,6.715824650787345e-07,-0.6266295101756794,,
1346,-1.4853319532906366e-07,-0.7997409102318105,,
1347,2.8486081856400374e-07,-0.7438796933067834,,
1348,-9.63996414002484e-07,-0.8586366471802294,,
1349,-4.6711644171995765e-07,-0.5518087708733821,,
1350,5.237218765624588e-07,-0.9731488216256745,,
1351,-1.472334505324017e-06,-0.376158227383354,,
1352,-6.99155135862663e-07,-0.6167479674782713,,
1353,-1.3133826830335135e-06,-0.6033156290439956,,
1354,-1.1057432340080229e-06,-0.5339958165546835,,
1355,-1.7829956334708115e-06,-0.6470771035767398,,
1356,-3.209450044906791e-07,-0.6930234558260167,,
1357,-6.150824315010588e-07,-0.42505561233975026,,
1358,-2.5894333279461657e-08,-0.5759759137084289,,
1359,5.272575367734013e-07,-0.5813738292065775,,
1360,-1.126324691600048e-06,-0.5256495972906295,,
1361,-3.2694189222402806e-08,-0.4868277053013873,,
1362,-7.846331583119657e-07,-0.4671627300934068,,
1363,-1.680756268637606e-07,-0.36463683424324655,,
1364,-1.5901385747276182e-06,-0.15710257207246608,,
1365,-5.251322145317382e-07,-0.16264753236611143,,
1366,-7.97933598375056e-09,-0.5018041976171433,,
1367,-1.112741464286378e-06,-0.21382882808918632,,
1368,3.861586366374343e-07,-0.3442667276734296,,
1369,-8.100447627339501e-07,-0.4328274389631524,,
1370,4.850805062464945e-07,-0.6037616009496576,,
1371,-2.4589974390508283e-07,-0.4578251918654147,,
1372,5.337709595246793e-07,-0.5705007030754621,,
1373,-1.1947877003476538e-07,-0.5191190945531898,,
1374,-2.644073094644977e-07,-0.19908667923745962,,
1375,-4.594857078951165e-07,-0.3980027597394643,,
1376,-5.189340858147114e-07,-0.35889230848719456,,
1377,-5.317377752459678e-07,-0.46554353470688437,,
1378,-2.704260287981319e-07,-0.48269335924510176,,
1379,3.032336799098058e-07,-0.28295741646992806,,
1380,-2.9138555087794845e-07,-0.16423627761482154,,
1381,-1.535730675691751e-06,-0.11468812667456063,,
1382,-1.3887580549818785e-06,-0.24180496958321349,,
1383,-5.063964466458406e-07,-0.08344260622968197,,
1384,2.093145583487424e-07,-0.10793901461965436,,
1385,-5.866970825882615e-07,-0.25399553244028694,,
1386,-5.342800393613057e-07,0.013144838127728866,,
1387,-1.136303236569832e-07,-0.31294642580776044,,
1388,-5.466413805163919e-08,-0.3839919937265107,,
1389,-6.175076745199862e-07,-0.19364751545313647,,
1390,3.753335323407543e-07,-0.15809127524949104,,
1391,4.628500566951394e-07,-0.27029859192537325,,
1392,-6.137617154058962e-07,-0.3533965116657983,,
1393,-1.472869455676267e-06,-0.019802836588763188,,
1394,-4.379516729824562e-07,-0.3026528137511705,,
1395,-1.0438144567602218e-06,-0.1810609197664531,,
1396,-1.4067003030360075e-08,-0.2507766560270831,,
1397,-5.501498824235289e-07,-0.24322230943886658,,
1398,-4.5042746130230674e-07,-0.25260836799048336,,
1399,-5.910111156608158e-07,-0.4294698470878884,,
1400,-3.270895462567737e-07,-0.11811937057807868,,
1401,-1.9321172862101326e-07,-0.08153748104383128,,
1402,-7.201599618318637e-07,-0.04255839875506405,,
1403,-5.151943155814328e-07,0.18197243361992685,,
1404,-3.436839407565459e-07,-0.004273275290238745,,
1405,-8.558158704391729e-07,0.01551896650945217,,
1406,-7.064948091568932e-07,-0.008057459616034485,,
1407,-3.485168341460829e-08,-0.10983700403408299,,
1408,-1.3612737776880993e-07,-0.13242103579417902,,
1409,-3.195029917048719e-07,-0.054859504552268366,,
1410,1.1894632300577448e-06,-0.31029910086695933,,
1411,-1.3237245124006993e-08,-0.09775958588863368,,
1412,1.4055425709044576e-07,0.022885033469828276,,
1413,-3.055505354127588e-08,-0.17336066777415954,,
1414,3.1834402298919023e-07,-0.37536451309940533,,
1415,-3.4550641929759127e-07,-0.12081128845740637,,
1416,-2.0316406165060393e-07,-0.18384519253550718,,
1417,-3.193200258392586e-07,-0.2627057632967196,,
1418,-5.6950820302821214e-09,-0.09687936954795955,,
1419,-3.8498748399504516e-07,-0.28416662454402497,,
1420,-5.401870704088561e-07,-0.1427033583564026,,
1421,-3.2806343772444413e-08,-0.10527375603694308,,
1422,-8.089883335287132e-07,-0.14603809686246202,,
1423,2.29917810802697e-07,-0.3976769581166913,,
1424,3.9031199378453143e-07,-0.15887438726907094,,
1425,-9.598237936540112e-07,-0.10663425957925166,,
1426,-1.288331983256897e-07,-0.3148040822742263,,
1427,-3.7533658011648805e-07,-0.253840792320156,,
1428,-4.930903685563071e-07,-0.1673567729259858,,
1429,-2.9933821329211557e-07,-0.19820182005392492,,
1430,-4.1015320965327913e-07,-0.2740683916363987,,
1431,-5.337085925205133e-08,-0.03737192721390656,,
1432,-9.81718986648966e-07,-0.15252384265682956,,
1433,-5.788476391222102e-07,-0.07243363660829649,,
1434,-1.5057038861365012e-06,-0.06702749532922435,,
1435,6.026716447811465e-07,-0.2526733359709585,,
1436,4.6167785068931337e-07,0.03587899168422906,,
1437,-2.2312871259566732e-07,-0.16028839323488928,,
1438,-8.425695373654768e-07,0.05420010946415016,,
1439,-7.619671633368128e-07,0.014508785596865872,,
1440,9.775933979564271e-08,-0.0076256689613333735,,
1441,-4.212433013287558e-07,-0.044439901090789866,,
1442,-1.8062011220839526e-06,0.1510473122661458,,
1443,-5.89193759908041e-07,0.12338110060082827,,
1444,-5.626391892307307e-07,0.13470208907166098,,
1445,-1.0371566312602959e-06,0.09523488959533445,,
1446,-5.861081353393445e-07,-0.10503910891700212,,
1447,-1.2040281751433077e-06,0.17744854439833754,,
1448,-6.177044680395015e-07,-0.13535029628846523,,
1449,-1.028470777322323e-07,-0.2075956666107603,,
1450,1.8128039209773758e-07,-0.3856198237552456,,
1451,4.006696390707046e-07,-0.34170140011147804,,
1452,-6.888987835403721e-07,-0.243391194312728,,
1453,8.074101481493881e-07,-0.7768955930793047,,
1454,-3.1462878028154144e-07,-0.4895847890636967,,
1455,-3.1249649971917203e-07,-0.6367186084956725,,
1456,1.1135391179336155e-06,-0.7797761955274755,,
1457,1.3934090046180644e-06,-0.6867444428678204,,
1458,4.5784529419689166e-07,-0.4555135442357912,,
1459,8.606101111845406e-07,-0.8716045578212102,,
1460,-1.0301643476651627e-07,-0.4750622290062928,,
1461,-1.066844393318655e-06,-0.2665915098195945,,
1462,-9.61090038526102e-07,-0.5492501640635468,,
1463,5.701529711945106e-07,-0.7381823088724161,,
1464,-7.350117026116341e-07,-0.4824563081351122,,
1465,8.773404678595534e-07,-0.8188788400311757,,
1466,-8.18359739882969e-08,-0.5996156495044512,,
1467,1.5233117397606805e-07,-0.5242908604796498,,
1468,5.618708766900647e-07,-0.7109334648352361,,
1469,7.503163048175972e-07,-0.75266414203994,,
1470,1.2016383128018983e-06,-0.7846158330219053,,
1471,1.5955894173156563e-07,-0.4602112011128037,,
1472,7.05741841867728e-07,-0.6348921188430725,,
1473,-1.8776751402785877e-06,-0.2452242826829351,,
1474,-7.126283755975133e-07,-0.4639422595380305,,
1475,-2.190657610566922e-07,-0.36933598122063427,,
1476,-1.2473008791146536e-06,-0.03620412955790956,,
1477,-4.315673389295396e-07,-0.4785378688483388,,
1478,-4.3414781698500904e-08,-0.2930722837053547,,
1479,-5.789886566002707e-07,-0.33650879340085843,,
1480,8.916011395273252e-07,-0.48840759568641967,,
1481,1.338294428550604e-06,-0.4272506793212251,,
1482,1.0021832541554161e-07,-0.2901280282854464,,
1483,-2.090480251682614e-07,-0.1931568715506617,,
1484,7.511658562623233e-07,-0.0621962031424372,,
1485,1.1541812101388924e-06,-0.38749025406325144,,
1486,-3.159270469354385e-07,-0.15334063148571048,,
1487,4.894494742090384e-07,-0.026722782930136895,,
1488,5.783685209067279e-07,-0.209317010681172,,
1489,5.761365522420129e-07,-0.1534155419663993,,
1490,1.0123416261125114e-06,0.009537252209685067,,
1491,1.2636182669126107e-06,-0.32987407103447486,,
1492,9.649331846342724e-07,-0.401721202726342,,
1493,7.518136597699009e-08,-0.38950192851971044,,
1494,2.583480017228505e-07,-0.2609083884933091,,
1495,8.788690781127213e-07,-0.34465528799709044,,
1496,2.2450160944939894e-06,-0.4800044226928022,,
1497,3.6821176249679565e-07,-0.6489111066069182,,
1498,1.0041478175876714e-06,-0.6308279488131976,,
1499,2.8348156819693327e-07,-0.11189483441464709,,
1500,-1.9283705866087472e-09,-0.15500852521811115,,
1501,2.3500049047139326e-09,-0.22938723013922094,,
1502,-3.682799571421509e-07,0.016857398586726934,,
1503,-4.660977688373098e-07,-0.04030980308770341,,
1504,-2.8079539263176105e-07,0.0016474062982294493,,
1505,8.614194963761192e-07,-0.2042030748091866,,
1506,-6.247547961348525e-07,-0.18846042861322948,,
1507,-9.739001142066643e-07,-0.08446362576058045,,
1508,7.14227694211062e-07,-0.2548973529861968,,
1509,7.564450754792939e-08,-0.16408621512354737,,
1510,-1.0959271223349032e-06,0.09780271834368379,,
1511,-1.1918978810209346e-07,-0.1821230469577087,,
1512,-2.7945756959236377e-07,0.016762230690042852,,
1513,-3.258265013504321e-07,-0.2566099171311106,,
1514,-1.2796924228144798e-07,-0.10098941243132693,,
1515,6.82179539365367e-07,-0.2740209519254474,,
1516,1.96789747948963e-07,-0.1308176187580637,,
1517,-6.948767056524102e-07,-0.12507101900508072,,
1518,-2.5553818150343736e-07,-0.1042445754193559,,
1519,-9.387808862104761e-07,-0.10547921983032224,,
1520,1.0790808753530981e-07,-0.25691046239815546,,
1521,-1.4726724301096538e-06,-0.18106399727786998,,
1522,-1.1021968683719395e-06,-0.23491712731366693,,
1523,6.038965894573108e-08,-0.35580629517420137,,
1524,-5.50583694761263e-07,-0.30608736736700976,,
1525,-6.76897023940063e-07,-0.2861739382409969,,
1526,-2.5102275926899573e-07,-0.1970726201069844,,
1527,1.0408817880250083e-06,-0.2866878751341851,,
1528,-1.21316932994788e-07,-0.14938169084886838,,
1529,4.503171059599743e-07,-0.21417872600624172,,
1530,-6.57728693731056e-07,-0.2544140531377917,,
1531,9.963146604743797e-08,-0.0783783588789291,,
1532,4.622653481663553e-07,-0.5206707069614303,,
1533,-2.9913257990352517e-07,-0.36760210630297796,,
1534,-5.3261321851880764e-08,-0.3332996065335481,,
1535,4.3607269621224205e-07,-0.2832453441206239,,
1536,-1.8626272534063171e-09,-0.2720505333034071,,
1537,9.075668113204099e-07,-0.20075830845968462,,
1538,2.0852740604553773e-06,-0.41770256659737254,,
1539,1.2491805163995093e-06,-0.22691920490392392,,
1540,-5.020741330748291e-07,-0.10719722858610377,,
1541,7.835904885318244e-07,-0.4358859465353356,,
1542,7.512190365516361e-07,-0.592001754122725,,
1543,-4.7512100359678566e-08,-0.3921616165458597,,
1544,9.900232274724721e-07,-0.6756707131689536,,
1545,-1.3845464422178553e-07,-0.32847234193320335,,
1546,5.789230999423696e-08,-0.35743541597405853,,
1547,1.8733214529516318e-07,-0.43845426484585615,,
1548,-3.549873977447916e-07,-0.051129435958214994,,
1549,-3.608720389111313e-07,-0.49416675466844817,,
1550,-1.036813997701346e-07,-0.20493226693407154,,
1551,-1.2206584282275572e-07,-0.23143965184625942,,
1552,2.706512347493139e-07,-0.3161286270308154,,
1553,9.846008116056027e-07,-0.2726749766020539,,
1554,7.709253434644297e-07,-0.30732345248345955,,
1555,1.3163077130468546e-06,-0.34670375294768785,,
1556,-9.263647134785985e-07,-0.13604082331583184,,
1557,-1.1160389648717867e-07,-0.3967111332945756,,
1558,-4.8496926640620174e-08,-0.026162405974388497,,
1559,-1.4862919207107892e-06,0.022147610291271075,,
1560,6.253013500114128e-07,-0.06598090037310819,,
1561,-5.991654766536582e-07,0.12757052276820485,,
1562,1.5938623362394537e-07,0.20441217495057762,,
1563,7.222204989177467e-07,-0.20316279350206487,,
1564,3.9398730678182567e-07,-0.19399270590272014,,
1565,5.846954018791512e-07,-0.11139413662671209,,
1566,-1.5716831418504535e-06,-0.1136481984109546,,
1567,-1.096786177131417e-06,-0.13048559519346017,,
1568,2.9398274198242876e-07,-0.2062855875999705,,
1569,5.523388310264136e-07,-0.48681421340172176,,
1570,1.71382954770512e-07,-0.1410864683262047,,
1571,-1.0325377696120522e-06,-0.34622086921986356,,
1572,-5.112944798734727e-07,-0.30090539484572926,,
1573,5.696638751897361e-07,-0.40130366010270546,,
1574,-3.6505751229889166e-07,-0.3777374853761234,,
1575,-1.918602371925501e-07,-0.019276871105007837,,
1576,4.072335686348466e-07,-0.4878104927936418,,
1577,-7.571265379204061e-08,-0.31646692098756846,,
1578,-5.711013878001513e-07,-0.3633459631088176,,
1579,-1.3498747196473833e-06,-0.6058717368331977,,
1580,-9.701957019355223e-07,-0.6498682496969673,,
1581,-2.1483636043555473e-07,-0.7898949059811442,,
1582,-1.070890939642571e-06,-0.5848167816956956,,
1583,-2.3390759640370236e-06,-0.298279545048456,,
1584,-1.6021748514082917e-06,-0.19654727503739602,,
1585,3.915202482006302e-07,-0.5677947979556962,,
1586,-4.126940951166863e-07,-0.1515521447257789,,
1587,7.923130478420599e-07,-0.9061524210103815,,
1588,-2.0793975835229774e-06,-0.4927194111811769,,
1589,-5.90981465095464e-07,-0.6692326430610394,,
1590,-1.0650737772731442e-06,-0.4620596719364819,,
1591,-6.696138631855021e-07,-0.600461350052057,,
1592,-4.4658336018021174e-07,-0.6246877354219958,,
1593,1.0399623155623024e-06,-0.9381253559504978,,
1594,5.094371524869782e-07,-0.5849637176215732,,
1595,1.6427204172121316e-07,-0.4681929812306886,,
1596,8.873778707994574e-08,-0.6521608874639477,,
1597,1.650554337572292e-07,-0.5017169942269707,,
1598,2.5356754230165733e-07,-0.7103260438914643,,
1599,-2.8459399524964647e-07,-0.6894036888145484,,
1600,4.954154981839851e-07,-0.7098391665997641,,
1601,9.054752313761187e-07,-1.0620343866180122,,
1602,-4.93507007275915e-07,-0.789773994024106,,
1603,-6.799801679333174e-07,-0.8178182435072024,,
1604,-1.069033866029182e-06,-0.6746209303618375,,
1605,-1.5490790928789132e-06,-0.6207114669047872,,
1606,-3.7814436977967534e-07,-0.695930825499107,,
1607,-1.9109953844665472e-06,-0.43851898268313494,,
1608,-1.3285975080703176e-06,-0.672119096905727,,
1609,-9.977840141808943e-07,-0.750039305442489,,
1610,-4.297543880814471e-07,-0.41062857545824744,,
1611,-1.672491118984009e-06,-0.31636397463291627,,
1612,-1.1189846430487706e-06,-0.374748789635668,,
1613,-1.1816236064913064e-07,-0.14459507897302898,,
1614,-1.2784997224104033e-06,-0.22083905893876987,,
1615,-1.4774192160993005e-06,-0.2873894468494921,,
1616,-1.7004794163447567e-06,-0.12604965617409256,,
1617,-2.9974100711937104e-07,-0.3665773679225432,,
1618,1.7965954984350173e-07,-0.4456349183174602,,
1619,-1.1553604691359872e-06,-0.338702200379825,,
1620,-8.498731609534345e-07,-0.4272335923811806,,
1621,-6.407373751119809e-07,-0.41456511493207915,,
1622,-5.271844078164677e-07,-0.2954656423627677,,
1623,-7.814891646683029e-07,-0.30584792817735396,,
1624,1.7654382695220826e-07,-0.5145838731200449,,
1625,-2.964970069377502e-07,-0.4470884343951127,,
1626,-1.129803477359293e-06,-0.4813230046208291,,
1627,1.5094625844139686e-06,-0.7657613819155373,,
1628,8.436208275550713e-07,-0.7869636681251191,,
1629,1.5012987103693958e-06,-0.48378079507948996,,
1630,-7.644125429006715e-08,-0.4949244658314713,,
1631,-1.4297568485308404e-08,-0.5600534224600868,,
1632,-2.1864871492196165e-07,-0.49486695954561766,,
1633,7.378669272498261e-07,-0.7612953243865438,,
1634,1.1193879955203738e-06,-0.5985403795937566,,
1635,1.775937286795092e-07,-0.37641430222231265,,
1636,-3.884952209353847e-07,-0.3460351600460255,,
1637,-9.151523540232504e-07,-0.16821022497827381,,
1638,7.393979087438079e-08,-0.37768372834842734,,
1639,4.4654704625634615e-09,-0.6303080430357321,,
1640,1.9478309305332673e-07,-0.3675089527414218,,
1641,4.4814826176134555e-07,-0.8827773353656921,,
1642,-6.347095151597071e-07,-0.9630575095708427,,
1643,5.105435698570386e-07,-0.77733819986802,,
1644,4.9802356797914816e-08,-0.7679097178518165,,
1645,-5.823043093057384e-07,-0.5372345640643832,,
1646,-3.9528289077131284e-07,-0.4451361358487957,,
1647,-3.6137863366004665e-07,-0.4749248304184591,,
1648,-1.9377903135957464e-06,-0.521289125795982,,
1649,1.9554601554710607e-07,-0.38601304816640986,,
1650,-6.751871864104103e-07,-0.3379599536803833,,
1651,2.0681898491729726e-07,-0.24548898145870957,,
1652,1.7215808490875451e-06,-0.5557578563134651,,
1653,8.919782500107649e-07,-0.5029871064232525,,
1654,1.0548543809901984e-06,-0.5078883415989671,,
1655,8.824465539350177e-07,-0.10067776104923191,,
1656,2.807866249013245e-07,-0.22098302338870895,,
1657,6.220090389429016e-07,-0.24185069083302832,,
1658,6.949572839988841e-07,-0.46924527045999487,,
1659,-3.6905586505638744e-07,-0.31008572269320867,,
1660,-1.4641338024932553e-06,-0.22124801216438256,,
1661,-1.1378619460838249e-06,-0.2534062307603052,,
1662,-1.4350659681632542e-06,-0.41448412262992174,,
1663,1.0141622436188324e-06,-0.6399665418286301,,
1664,-5.747587608257593e-07,-0.1927189458856306,,
1665,-9.894035623502113e-07,-0.3077730838625804,,
1666,2.3721110171975168e-07,-0.2683923904035595,,
1667,2.3573336134036355e-06,-0.71952595555489,,
1668,-3.9410741766275233e-07,-0.6206159263660973,,
1669,2.892950693914877e-07,-0.5751221945984092,,
1670,8.251738072164986e-07,-0.8258293667394658,,
1671,5.165498388418751e-07,-0.5058439321911516,,
1672,8.080912154129209e-07,-0.4432403465460421,,
1673,1.1516003567702716e-06,-0.5053477441131485,,
1674,1.0730929195739281e-06,-0.5658091804366701,,
1675,1.524949512781013e-06,-1.0785471220232634,,
1676,9.906168257054965e-07,-0.5874661361992244,,
1677,6.815434761140755e-07,-0.7876887172008413,,
1678,-6.839804221822096e-08,-0.5750167303507598,,
1679,2.7115154690244466e-07,-0.4076674132014343,,
1680,-1.25947562076076e-06,-0.3743859490015226,,
1681,-9.416831997033535e-07,-0.18878519118865095,,
1682,-3.3001207901822217e-07,-0.4544638197193661,,
1683,-2.2104224789158357e-07,-0.28638348257664903,,
1684,9.757242230847991e-07,-0.2926114983663953,,
1685,8.559395641788645e-07,-0.6896889636632371,,
1686,-7.211109020977412e-07,-0.45579924796392246,,
1687,7.79139738598155e-07,-0.2120324431560948,,
1688,-3.203922230696398e-07,-0.45316342849774865,,
1689,1.0164219867506406e-06,-0.5410630602491112,,
1690,1.2649923524363263e-06,-0.6965529726837375,,
1691,9.664442850417172e-08,-0.40967507923925706,,
1692,2.0633312310145267e-06,-0.976404413803132,,
1693,1.6237885284949499e-06,-0.4875549699694742,,
1694,2.774814153546737e-07,-0.5146971267322927,,
1695,1.681422673928513e-07,-0.8812183811141173,,
1696,-1.684576834379979e-07,-0.5706022847639446,,
1697,1.0027265925103556e-06,-0.7317323290193204,,
1698,3.3858348748348458e-06,-1.2793895693918926,,
1699,1.3104145569668848e-06,-0.9404863852231633,,
1700,-4.13998146823175e-07,-0.7685227519409165,,
1701,8.741990424328766e-08,-0.5865382623079151,,
1702,2.851942093588019e-07,-0.7053593276495463,,
1703,9.3058368430602e-07,-0.530489243325118,,
1704,-1.2867640866554108e-07,-0.29264313598744734,,
1705,6.343787031603095e-07,-0.4693416142666503,,
1706,-1.1180262239954605e-07,-0.21728621169938825,,
1707,6.39562348337605e-07,-0.28165300772818486,,
1708,7.024533285800871e-07,-0.4681851892087626,,
1709,9.019229517481896e-07,-0.6430191718449622,,
1710,1.6082735213323534e-06,-0.5006584615257432,,
1711,1.5013451684121892e-06,-0.6876520643644878,,
1712,1.1840342691882117e-06,-0.24837151930182122,,
1713,1.1511900001138266e-06,-0.41346859860144713,,
1714,1.592452449053111e-06,-0.8076056364404447,,
1715,5.186652677547122e-07,-0.30419137093202914,,
1716,8.12847252569716e-07,-0.6206884583613828,,
1717,2.613082445802839e-07,-0.48333709069302105,,
1718,1.930368248228906e-07,-0.4245174870013555,,
1719,-1.2400515866446566e-07,-0.15979533860837408,,
1720,-3.651979062626859e-07,-0.08682695499312647,,
1721,-3.1534544192543427e-07,-0.5220810801346313,,
1722,-1.5286593541770043e-06,-0.09982922591491337,,
1723,-6.808249282343829e-07,-0.5877960817893777,,
1724,-1.657256719880727e-06,-0.15399908390924014,,
1725,-5.704337386222212e-07,-0.5668251998780608,,
1726,-5.931182822454313e-07,-0.08893800621674483,,
1727,6.493284916512106e-07,-0.03235129645306897,,
1728,-1.5954486324599483e-07,3.7403860974158378e-06,,
1729,-4.070004471131722e-07,0.09588618191070439,,
1730,2.419792612800272e-07,-0.262726333488928,,
1731,-4.263752308941024e-07,-0.3314575857413521,,
1732,5.563027123347063e-07,-0.451462776333089,,
1733,4.576650592480845e-07,-0.40787384069491583,,
1734,-1.3816236957878244e-06,-0.1960180711619505,,
1735,-1.6617875926747908e-07,-0.3143790004151196,,
1736,1.1184791912394818e-06,-0.43268887227640607,,
1737,-2.68386272157718e-07,-0.2419398138880632,,
1738,-4.2923663728236635e-07,-0.3765833955236815,,
1739,7.179671188845016e-08,-0.013337423754816108,,
1740,7.708314857104148e-07,-0.627139308613748,,
1741,3.8048698956733195e-07,-0.4596475622850894,,
1742,7.517273106814749e-07,-0.5088224564438717,,
1743,5.205949868210711e-07,-0.4908022123343191,,
1744,5.482629284951658e-07,-0.4869833793862505,,
1745,5.090090666916278e-07,-0.4861295227524975,,
1746,1.7449808757141322e-07,-0.5241349929804421,,
1747,5.354813553870268e-07,-0.31046391800395506,,
1748,2.358270047162159e-07,-0.20707441368437704,,
1749,7.235075742929237e-07,-0.32942515255871,,
1750,1.1722936699352535e-06,-0.6611587716748469,,
1751,-6.880785217546801e-07,-0.4942232044719274,,
1752,2.4139181660172706e-07,-0.18489358504184855,,
1753,-8.727582374848928e-07,-0.3772664035360089,,
1754,-1.3539323114165158e-06,-0.025196024677890637,,
1755,-8.387462998606905e-09,-0.3237509763332405,,
1756,-7.865517864302266e-07,-0.13100336026328852,,
1757,2.350243250050737e-07,-0.25797544391343774,,
1758,-3.7455930174752626e-07,-0.6506836872029902,,
1759,-2.252867428120758e-07,-0.3358382157223789,,
1760,-3.68925707718318e-07,-0.45976888777866226,,
1761,-1.0598343937241866e-06,-0.3863234546123092,,
1762,-1.6243026221812623e-06,-0.16553264609260382,,
1763,-7.74143526377082e-07,-0.12283899919599209,,
1764,-1.3109287110225714e-06,-0.24019922660361287,,
1765,-3.4062851890755956e-07,-0.3193737512976803,,
1766,-5.230846571175486e-07,-0.10463182947718616,,
1767,-6.009535252892384e-07,-0.2784089241073116,,
1768,-3.4016054691062423e-07,-0.31907463116901225,,
1769,-6.023553486619672e-07,-0.20276134664048112,,
1770,-6.398717964573226e-07,-0.1293565601282744,,
1771,-1.6386094500441571e-06,-0.40428554244040465,,
1772,-4.808161792038351e-07,-0.42191654383182964,,
1773,-1.332870479969665e-06,-0.17367853240124997,,
1774,-9.163310471477973e-07,0.009626468773596023,,
1775,3.376113492215739e-07,-0.21546376531273373,,
1776,8.795600809139652e-07,-0.31520143984477217,,
1777,-5.05063229977192e-07,-0.17757687500933766,,
1778,-4.433849535704677e-07,-0.10574743499724155,,
1779,-1.1345637795970552e-06,-0.473453592742388,,
1780,-8.792150850559806e-07,-0.18517699069779855,,
1781,-2.722260000596849e-06,-0.05915814763424743,,
1782,-1.5234449551128204e-06,-0.02093166787564319,,
1783,-1.0607824086527981e-07,-0.4065854591286119,,
1784,3.1004272532233725e-07,-0.18136170279560038,,
1785,-1.3650468098804754e-08,-0.2979370673693823,,
1786,-4.246534559982066e-07,-0.37542635322411916,,
1787,4.010756500922489e-07,-0.3974923497640416,,
1788,4.8620207353509006e-08,-0.262191691398684,,
1789,1.2236575389109077e-06,-0.47291419905292165,,
1790,-2.028649808682137e-07,-0.32523832590673146,,
1791,-1.1969467944084952e-06,-0.13061778777233185,,
1792,5.287322322689717e-07,-0.22222926277074953,,
1793,-8.195526074291993e-07,-0.4364440956698469,,
1794,-1.3344318852388012e-07,-0.3108951563624883,,
1795,3.4922261630664706e-07,-0.32971597103941386,,
1796,2.9412643730655827e-08,-0.17489507950267869,,
1797,8.770429567502793e-08,-0.13123058338955726,,
1798,6.30284660244809e-07,0.08358044089002432,,
1799,3.263900255592448e-07,-0.34257772346205717,,
1800,3.3250954217595456e-07,-0.3024539376953185,,
1801,-2.4124604344109094e-07,-0.18234603154328952,,
1802,-1.1683064911124121e-06,0.02846524923468883,,
1803,-8.114066783351746e-07,-0.08452757265052285,,
1804,-1.1731905257018361e-07,-0.11079791226023614,,
1805,-8.454177888417379e-08,-0.4059245479910123,,
1806,-2.188030905507295e-06,-0.35375124593668217,,
1807,-2.2542523881301227e-06,0.09255415629523467,,
1808,-2.4611827025015425e-07,-0.28283318036427796,,
1809,1.193612673939395e-07,-0.5045304017469758,,
1810,-2.718629114443238e-07,-0.5724798077434688,,
1811,-8.840725827451412e-07,-0.39520517477103645,,
1812,-1.3202568050417457e-07,-0.3070516572418924,,
1813,-5.531647983109248e-07,-0.8670210074888398,,
1814,1.1588532505679778e-07,-0.7672576425628754,,
1815,-1.8538987954582646e-06,-0.8329553541482657,,
1816,1.0513717668850157e-06,-1.4856740598538007,,
1817,-8.71256005942934e-07,-1.0128336786990864,,
1818,-8.799264531584493e-07,-0.9069771693124796,,
1819,-2.3754207048406653e-07,-0.9517595141510157,,
1820,2.925786406598098e-07,-0.8021741899353163,,
1821,-1.297447042751421e-06,-0.8168980355897695,,
1822,-2.7398421498623133e-06,-0.37009319074538805,,
1823,-1.3564091310754764e-06,-0.5089574998842504,,
1824,-1.0334891640545557e-06,-0.5011447780811882,,
1825,-1.35649523679206e-06,-0.48322370571352236,,
1826,-7.307321626630293e-07,-0.5297558059309332,,
1827,-7.380455025738171e-07,-0.7284093950712209,,
1828,-2.094316756604013e-07,-0.29192699068155126,,
1829,5.537483270960854e-07,-0.779109852895716,,
1830,-6.766472194648071e-07,-0.2843077134907882,,
1831,1.9634291581057785e-07,-0.46699825841445775,,
1832,-1.5921862353762608e-06,-0.7312108091137166,,
1833,-8.841682045303099e-08,-0.7731114770481642,,
1834,-1.44703677673001e-06,-0.04775624065175721,,
1835,-1.493064241267616e-06,-0.8022474433386438,,
1836,-1.5490793839981688e-06,-0.9260873724876225,,
1837,-1.289141442833268e-06,-0.7307318832157972,,
1838,-3.3487718630783237e-07,-0.7584279730893569,,
1839,-1.5834428776172572e-06,-0.5786706443897984,,
1840,-5.029148142933468e-07,-0.6183682749831657,,
1841,-1.502435953382089e-06,-0.5178697276065948,,
1842,-4.5309359629379985e-07,-0.3194338291505153,,
1843,-7.8890797922973e-07,-0.7668718886547746,,
1844,-9.047153399486694e-07,-0.5354217404568874,,
1845,-5.020013354336619e-07,-0.7187976522149573,,
1846,-1.6191615476835436e-06,0.0960758247357225,,
1847,9.131880873552535e-07,-0.6200184264189081,,
1848,-1.438076246042093e-06,-0.4098603256900749,,
1849,-2.1790742171227774e-06,-0.2644495694222807,,
1850,1.413733107834739e-07,-0.5926481814069341,,
1851,-8.722480885165951e-07,-0.43470641587522396,,
1852,-1.3211811397177759e-07,-0.4373543145363527,,
1853,-5.991654947342318e-08,-0.3402409024546265,,
1854,-4.067811421215675e-07,-0.40014979784817395,,
1855,4.6219905687445126e-07,-0.4743484343863248,,
1856,-7.841099165261838e-07,-0.19817084919161848,,
1857,-2.3120886464928072e-07,-0.44632407096675,,
1858,-7.380039327750698e-07,-0.30532485274269733,,
1859,-1.4027660348074703e-06,-0.30360327816234656,,
1860,5.340784055742502e-07,-0.5109892809271704,,
1861,-1.862576178689639e-06,0.10384289892437956,,
1862,-1.0695794130480885e-06,-0.017669824301595593,,
1863,-1.787692859342739e-06,-0.056156231493495426,,
1864,-7.890335184895152e-07,-0.1910673495998979,,
1865,-7.952210098481709e-07,-0.13902185910977344,,
1866,-2.028219736140096e-06,-0.439469241975471,,
1867,-8.597042741180445e-07,-0.22581101380498442,,
1868,-1.2097107488978042e-06,-0.07093992215366682,,
1869,-1.0735360119470068e-07,-0.19066358931168317,,
1870,-1.4364701504642711e-06,-0.029181624009324454,,
1871,-8.149028016079988e-07,-0.277451526955009,,
1872,1.9044281123739378e-07,-0.42325524084045796,,
1873,-4.495809659846249e-07,-0.21572790803756506,,
1874,-1.3923403838794051e-06,0.03175369222889225,,
1875,-4.56339127903167e-07,0.03709819832137522,,
1876,-8.56675073735694e-08,-0.36088423750660426,,
1877,-3.550952597092765e-07,0.13042069280675594,,
1878,-1.667191208061692e-07,0.1892533476615874,,
1879,9.496498321356505e-07,-0.0983410952759487,,
1880,-1.5370626532914257e-06,-0.08939643490885132,,
1881,2.0754156521856137e-07,-0.018431680964566117,,
1882,-2.35423126605987e-07,-0.28257697050905894,,
1883,-4.7276162415430306e-07,-0.23659411600026176,,
1884,5.196352330674476e-07,-0.4039880296363271,,
1885,1.7855445494470549e-07,-0.2864279902130106,,
1886,-1.113252414961091e-06,-0.04555594583745611,,
1887,-1.191293739981199e-06,-0.26739309763034347,,
1888,1.1198584529720433e-07,-0.39785915319483334,,
1889,-7.86101875461213e-08,-0.12104785842738364,,
1890,-1.892496950816738e-07,-0.5224304129933548,,
1891,8.034181506143358e-07,-0.3114445419771196,,
1892,-2.011571077509309e-06,-0.04689226398046098,,
1893,-1.6111185436364023e-06,-0.05411045796526316,,
1894,-2.006656555299386e-08,-0.079404729295055,,
1895,-7.000488396018547e-07,0.054457128396242616,,
1896,5.805082471979706e-07,-0.3206911957056864,,
1897,-4.250692372384798e-07,-0.058004121274007114,,
1898,-1.7702382756619383e-06,0.04123149846728481,,
1899,-1.5688371957440372e-06,-0.1363747824514911,,
1900,-2.0929257848007e-06,0.10536957158320817,,
1901,-5.850524534826174e-07,-0.04322068882932865,,
1902,-5.8903110625081e-07,-0.22271625033635875,,
1903,-1.0872906936852227e-06,-0.1378676603259034,,
1904,-3.890990754231262e-06,0.0997997987184937,,
1905,-2.149290979274262e-06,-0.3837347854289007,,
1906,-2.619648798178732e-06,-0.19847346272037555,,
1907,-1.6853387513522734e-06,-0.3472508261002859,,
1908,-1.9396437080203836e-06,-0.193024478676376,,
1909,-1.925300700742779e-06,-0.43243508221346644,,
1910,-1.122366981431662e-06,-0.4794729097476961,,
1911,-1.988319566657726e-06,-0.14929644757034605,,
1912,5.003279148057822e-07,-0.5671750951608715,,
1913,-1.4183711987120857e-06,-0.5765652572738165,,
1914,-7.316451627127907e-07,-0.35348657541005285,,
1915,-1.7251556671686991e-06,-0.4211976709924385,,
1916,2.4285279080009625e-07,-0.4107957585748433,,
1917,1.703789797717529e-06,-0.3565670469359622,,
1918,-2.9220207935395416e-07,-0.3086329789038061,,
1919,7.582323313677144e-08,-0.14943877265716338,,
1920,-2.0544509873838518e-06,-0.23172318615891782,,
1921,-1.8839551844139843e-06,-0.06033992159073874,,
1922,-1.0284869182415003e-06,-0.31333669399405367,,
1923,-7.897469119069758e-07,-0.4904390704493468,,
1924,-6.867333244928274e-07,-0.22759290377665362,,
1925,-7.653377937662602e-07,-0.3243985724936318,,
1926,-1.0169080107455127e-06,-0.2241367793012557,,
1927,-7.597883341215484e-07,-0.11313050573459024,,
1928,-1.979018455231495e-06,0.3204857066372658,,
1929,-9.008316973046835e-07,0.0412141244709621,,
1930,1.1228854612125858e-07,0.1331067103836281,,
1931,5.429904146412155e-07,0.03683138465277691,,
1932,1.1536369392536947e-06,-0.044558870403656706,,
1933,-1.2428439429793439e-06,0.03485826719165597,,
1934,8.779361413623792e-07,-0.042915887758232796,,
1935,-6.409845304157534e-07,0.04663368724629674,,
1936,-7.993221072555193e-09,-0.08202053629340222,,
1937,-4.3633998043182887e-07,0.11437607766230598,,
1938,4.187755942308764e-07,-0.1485908286238002,,
1939,1.697331860303822e-06,-0.11175006712973845,,
1940,1.2292520054132749e-06,-0.0983724369205494,,
1941,5.882938570553206e-07,0.006666711381677406,,
1942,5.176088364687281e-07,0.15585323697805195,,
1943,-1.4185358039174932e-06,0.17066341720226286,,
1944,-5.058067997624006e-07,0.1555439690492153,,
1945,-1.603891639580125e-06,0.2660570043404463,,
1946,-9.38978178360403e-07,0.16635229581741115,,
1947,8.786811663469879e-07,0.1399074990238589,,
1948,-1.9439106919465687e-06,0.03775567590534158,,
1949,-2.3679655614712725e-06,0.22055247984598117,,
1950,-1.3344964598761172e-06,0.3389018774006357,,
1951,-8.815173279599863e-07,0.4425820104841467,,
1952,-4.875317902842634e-07,0.578826711103436,,
1953,-5.550616026299892e-07,0.4761746046758414,,
1954,-2.3166726335582018e-07,0.1300573329022301,,
1955,-1.4787777387475033e-06,0.23637834714815747,,
1956,2.6344921732820516e-07,-0.10028928305952792,,
1957,-1.1720672247709602e-06,-0.03978220974136994,,
1958,5.576128902698504e-07,0.4071714132167582,,
1959,-4.605462851303756e-07,0.3252313965590972,,
1960,6.047611092362411e-07,0.14365386529079469,,
1961,-5.220867547162709e-07,0.1596121744422497,,
1962,-3.0578170810134503e-07,0.18997915747759836,,
1963,2.1228778064660903e-06,-0.21228442178107879,,
1964,-2.80183770634657e-07,-0.12445311158302488,,
1965,-4.39144983618147e-07,-0.535316481130449,,
1966,2.8272624071421544e-07,0.02320028229950974,,
1967,-2.3737928148062874e-07,-0.16591278857512437,,
1968,-1.7648021019702294e-08,-0.33247123104265947,,
1969,2.5677982943108164e-06,-0.130960460578297,,
1970,4.976869539904962e-07,0.17878402980235789,,
1971,6.794888045209199e-07,0.11154878011243208,,
1972,2.282488352908824e-06,-0.4493829675877651,,
1973,-6.916360078323866e-08,-0.014141296164975914,,
1974,7.957605011806291e-07,-0.3696441783739213,,
1975,6.988505343001063e-07,-0.36079774436948414,,
1976,1.6785165367787913e-06,-0.2123263139901365,,
1977,1.8064448127309565e-06,-0.219066690007761,,
1978,3.264559881854816e-07,-0.29414599111214307,,
1979,1.6678276710086216e-06,0.031076940058593006,,
1980,9.702811054843013e-07,-0.13758521258672815,,
1981,3.920306514196584e-07,-0.05892978068691392,,
1982,-9.484084781711162e-08,0.25414394167866217,,
1983,-6.212443212805352e-07,0.34556892390212524,,
1984,7.536879099200189e-07,-0.1590876567797234,,
1985,1.56207520433612e-08,0.16164686420718002,,
1986,1.9562898918553246e-06,0.19567756751757454,,
1987,4.4142025789527425e-07,0.2649438349596006,,
1988,2.100926361968494e-06,0.44521709314697155,,
1989,1.464896426158828e-07,0.3072970679004906,,
1990,-4.917368006035858e-07,0.4746834776682052,,
1991,9.95234937992815e-07,0.5806947749765374,,
1992,1.1183418804314553e-06,0.3321110449385129,,
1993,3.244749384427915e-07,0.4532828030683282,,
1994,-1.8520476454127487e-07,1.0333849465581113,,
1995,1.809167458195044e-06,0.5643141451168907,,
1996,1.373613801557876e-06,0.2520998764958492,,
1997,1.996163640901558e-06,0.5428995949182746,,
1998,1.1256941917615174e-06,1.061794471284133,,
1999,-6.266324997656745e-08,0.8520007134323597,,
2000,-8.331307225307476e-07,0.8685601336961255,,
