date,Observations,,1850-1900
1750.042,0.000,0.000,0.000
1750.125,0.000,0.000,0.000
1750.209,0.000,0.000,0.000
1750.292,0.000,0.000,0.000
1750.375,0.000,0.000,0.000
1750.459,0.000,0.000,0.000
1750.542,0.000,0.000,0.000
1750.625,0.000,0.000,0.000
1750.709,0.000,0.000,0.000
1750.792,0.000,0.000,0.000
1750.875,0.000,0.000,0.000
1750.959,0.000,0.000,0.000
1751.042,0.000,0.000,0.000
1751.125,0.000,0.000,0.000
1751.209,0.000,0.000,0.000
1751.292,0.000,0.000,0.000
1751.375,0.000,0.000,0.000
1751.459,0.000,0.000,0.000
1751.542,0.000,0.000,0.000
1751.625,0.000,0.000,0.000
1751.709,0.000,0.000,0.000
1751.792,0.000,0.000,0.000
1751.875,0.000,0.000,0.000
1751.959,0.000,0.000,0.000
1752.042,0.000,0.000,0.000
1752.125,0.000,0.000,0.000
1752.209,0.000,0.000,0.000
1752.292,0.000,0.000,0.000
1752.375,0.000,0.000,0.000
1752.459,0.000,0.000,0.000
1752.542,0.000,0.000,0.000
1752.625,0.000,0.000,0.000
1752.709,0.000,0.000,0.000
1752.792,0.000,0.000,0.000
1752.875,0.000,0.000,0.000
1752.959,0.000,0.000,0.000
1753.042,0.000,0.000,0.000
1753.125,0.000,0.000,0.000
1753.209,0.000,0.000,0.000
1753.292,0.000,0.000,0.000
1753.375,0.000,0.000,0.000
1753.459,0.000,0.000,0.000
1753.542,0.000,0.000,0.000
1753.625,0.000,0.000,0.000
1753.709,0.000,0.000,0.000
1753.792,0.000,0.000,0.000
1753.875,0.000,0.000,0.000
1753.959,0.000,0.000,0.000
1754.042,0.000,0.000,0.000
1754.125,0.000,0.000,0.000
1754.209,0.000,0.000,0.000
1754.292,0.000,0.000,0.000
1754.375,0.000,0.000,0.000
1754.459,0.000,0.000,0.000
1754.542,0.000,0.000,0.000
1754.625,0.000,0.000,0.000
1754.709,0.000,0.000,0.000
1754.792,0.000,0.000,0.000
1754.875,0.000,0.000,0.000
1754.959,0.000,0.000,0.000
1755.042,0.000,0.000,0.000
1755.125,0.000,0.000,0.000
1755.209,0.000,0.000,0.000
1755.292,0.000,0.000,0.000
1755.375,0.000,0.000,0.000
1755.459,0.000,0.000,0.000
1755.542,0.000,0.000,0.000
1755.625,0.000,0.000,0.000
1755.709,0.000,0.000,0.000
1755.792,0.000,0.000,0.000
1755.875,0.000,0.000,0.000
1755.959,0.000,0.000,0.000
1756.042,0.000,0.000,0.000
1756.125,0.000,0.000,0.000
1756.209,0.000,0.000,0.000
1756.292,0.000,0.000,0.000
1756.375,0.000,0.000,0.000
1756.459,0.000,0.000,0.000
1756.542,0.000,0.000,0.000
1756.625,0.000,0.000,0.000
1756.709,0.000,0.000,0.000
1756.792,0.000,0.000,0.000
1756.875,0.000,0.000,0.000
1756.959,0.000,0.000,0.000
1757.042,0.000,0.000,0.000
1757.125,0.000,0.000,0.000
1757.209,0.000,0.000,0.000
1757.292,0.000,0.000,0.000
1757.375,0.000,0.000,0.000
1757.459,0.000,0.000,0.000
1757.542,0.000,0.000,0.000
1757.625,0.000,0.000,0.000
1757.709,0.000,0.000,0.000
1757.792,0.000,0.000,0.000
1757.875,0.000,0.000,0.000
1757.959,0.000,0.000,0.000
1758.042,0.000,0.000,0.000
1758.125,0.000,0.000,0.000
1758.209,0.000,0.000,0.000
1758.292,0.000,0.000,0.000
1758.375,0.000,0.000,0.000
1758.459,0.000,0.000,0.000
1758.542,0.000,0.000,0.000
1758.625,0.000,0.000,0.000
1758.709,0.000,0.000,0.000
1758.792,0.000,0.000,0.000
1758.875,0.000,0.000,0.000
1758.959,0.000,0.000,0.000
1759.042,0.000,0.000,0.000
1759.125,0.000,0.000,0.000
1759.209,0.000,0.000,0.000
1759.292,0.000,0.000,0.000
1759.375,0.000,0.000,0.000
1759.459,0.000,0.000,0.000
1759.542,0.000,0.000,0.000
1759.625,0.000,0.000,0.000
1759.709,0.000,0.000,0.000
1759.792,0.000,0.000,0.000
1759.875,0.000,0.000,0.000
1759.959,0.000,0.000,0.000
1760.042,0.000,0.000,0.000
1760.125,0.000,0.000,0.000
1760.209,0.000,0.000,0.000
1760.292,0.000,0.000,0.000
1760.375,0.000,0.000,0.000
1760.459,0.000,0.000,0.000
1760.542,0.000,0.000,0.000
1760.625,0.000,0.000,0.000
1760.709,0.000,0.000,0.000
1760.792,0.000,0.000,0.000
1760.875,0.000,0.000,0.000
1760.959,0.000,0.000,0.000
1761.042,0.000,0.000,0.000
1761.125,0.000,0.000,0.000
1761.209,0.000,0.000,0.000
1761.292,0.000,0.000,0.000
1761.375,0.000,0.000,0.000
1761.459,0.000,0.000,0.000
1761.542,0.000,0.000,0.000
1761.625,0.000,0.000,0.000
1761.709,0.000,0.000,0.000
1761.792,0.000,0.000,0.000
1761.875,0.000,0.000,0.000
1761.959,0.000,0.000,0.000
1762.042,0.000,0.000,0.000
1762.125,0.000,0.000,0.000
1762.209,0.000,0.000,0.000
1762.292,0.000,0.000,0.000
1762.375,0.000,0.000,0.000
1762.459,0.000,0.000,0.000
1762.542,0.000,0.000,0.000
1762.625,0.000,0.000,0.000
1762.709,0.000,0.000,0.000
1762.792,0.000,0.000,0.000
1762.875,0.000,0.000,0.000
1762.959,0.000,0.000,0.000
1763.042,0.000,0.000,0.000
1763.125,0.000,0.000,0.000
1763.209,0.000,0.000,0.000
1763.292,0.000,0.000,0.000
1763.375,0.000,0.000,0.000
1763.459,0.000,0.000,0.000
1763.542,0.000,0.000,0.000
1763.625,0.000,0.000,0.000
1763.709,0.000,0.000,0.000
1763.792,0.000,0.000,0.000
1763.875,0.000,0.000,0.000
1763.959,0.000,0.000,0.000
1764.042,0.000,0.000,0.000
1764.125,0.000,0.000,0.000
1764.209,0.000,0.000,0.000
1764.292,0.000,0.000,0.000
1764.375,0.000,0.000,0.000
1764.459,0.000,0.000,0.000
1764.542,0.000,0.000,0.000
1764.625,0.000,0.000,0.000
1764.709,0.000,0.000,0.000
1764.792,0.000,0.000,0.000
1764.875,0.000,0.000,0.000
1764.959,0.000,0.000,0.000
1765.042,0.000,0.000,0.000
1765.125,0.000,0.000,0.000
1765.209,0.000,0.000,0.000
1765.292,0.000,0.000,0.000
1765.375,0.000,0.000,0.000
1765.459,0.000,0.000,0.000
1765.542,0.000,0.000,0.000
1765.625,0.000,0.000,0.000
1765.709,0.000,0.000,0.000
1765.792,0.000,0.000,0.000
1765.875,0.000,0.000,0.000
1765.959,0.000,0.000,0.000
1766.042,0.000,0.000,0.000
1766.125,0.000,0.000,0.000
1766.209,0.000,0.000,0.000
1766.292,0.000,0.000,0.000
1766.375,0.000,0.000,0.000
1766.459,0.000,0.000,0.000
1766.542,0.000,0.000,0.000
1766.625,0.000,0.000,0.000
1766.709,0.000,0.000,0.000
1766.792,0.000,0.000,0.000
1766.875,0.000,0.000,0.000
1766.959,0.000,0.000,0.000
1767.042,0.000,0.000,0.000
1767.125,0.000,0.000,0.000
1767.209,0.000,0.000,0.000
1767.292,0.000,0.000,0.000
1767.375,0.000,0.000,0.000
1767.459,0.000,0.000,0.000
1767.542,0.000,0.000,0.000
1767.625,0.000,0.000,0.000
1767.709,0.000,0.000,0.000
1767.792,0.000,0.000,0.000
1767.875,0.000,0.000,0.000
1767.959,0.000,0.000,0.000
1768.042,0.000,0.000,0.000
1768.125,0.000,0.000,0.000
1768.209,0.000,0.000,0.000
1768.292,0.000,0.000,0.000
1768.375,0.000,0.000,0.000
1768.459,0.000,0.000,0.000
1768.542,0.000,0.000,0.000
1768.625,0.000,0.000,0.000
1768.709,0.000,0.000,0.000
1768.792,0.000,0.000,0.000
1768.875,0.000,0.000,0.000
1768.959,0.000,0.000,0.000
1769.042,0.000,0.000,0.000
1769.125,0.000,0.000,0.000
1769.209,0.000,0.000,0.000
1769.292,0.000,0.000,0.000
1769.375,0.000,0.000,0.000
1769.459,0.000,0.000,0.000
1769.542,0.000,0.000,0.000
1769.625,0.000,0.000,0.000
1769.709,0.000,0.000,0.000
1769.792,0.000,0.000,0.000
1769.875,0.000,0.000,0.000
1769.959,0.000,0.000,0.000
1770.042,0.000,0.000,0.000
1770.125,0.000,0.000,0.000
1770.209,0.000,0.000,0.000
1770.292,0.000,0.000,0.000
1770.375,0.000,0.000,0.000
1770.459,0.000,0.000,0.000
1770.542,0.000,0.000,0.000
1770.625,0.000,0.000,0.000
1770.709,0.000,0.000,0.000
1770.792,0.000,0.000,0.000
1770.875,0.000,0.000,0.000
1770.959,0.000,0.000,0.000
1771.042,0.000,0.000,0.000
1771.125,0.000,0.000,0.000
1771.209,0.000,0.000,0.000
1771.292,0.000,0.000,0.000
1771.375,0.000,0.000,0.000
1771.459,0.000,0.000,0.000
1771.542,0.000,0.000,0.000
1771.625,0.000,0.000,0.000
1771.709,0.000,0.000,0.000
1771.792,0.000,0.000,0.000
1771.875,0.000,0.000,0.000
1771.959,0.000,0.000,0.000
1772.042,0.000,0.000,0.000
1772.125,0.000,0.000,0.000
1772.209,0.000,0.000,0.000
1772.292,0.000,0.000,0.000
1772.375,0.000,0.000,0.000
1772.459,0.000,0.000,0.000
1772.542,0.000,0.000,0.000
1772.625,0.000,0.000,0.000
1772.709,0.000,0.000,0.000
1772.792,0.000,0.000,0.000
1772.875,0.000,0.000,0.000
1772.959,0.000,0.000,0.000
1773.042,0.000,0.000,0.000
1773.125,0.000,0.000,0.000
1773.209,0.000,0.000,0.000
1773.292,0.000,0.000,0.000
1773.375,0.000,0.000,0.000
1773.459,0.000,0.000,0.000
1773.542,0.000,0.000,0.000
1773.625,0.000,0.000,0.000
1773.709,0.000,0.000,0.000
1773.792,0.000,0.000,0.000
1773.875,0.000,0.000,0.000
1773.959,0.000,0.000,0.000
1774.042,0.000,0.000,0.000
1774.125,0.000,0.000,0.000
1774.209,0.000,0.000,0.000
1774.292,0.000,0.000,0.000
1774.375,0.000,0.000,0.000
1774.459,0.000,0.000,0.000
1774.542,0.000,0.000,0.000
1774.625,0.000,0.000,0.000
1774.709,0.000,0.000,0.000
1774.792,0.000,0.000,0.000
1774.875,0.000,0.000,0.000
1774.959,0.000,0.000,0.000
1775.042,0.000,0.000,0.000
1775.125,0.000,0.000,0.000
1775.209,0.000,0.000,0.000
1775.292,0.000,0.000,0.000
1775.375,0.000,0.000,0.000
1775.459,0.000,0.000,0.000
1775.542,0.000,0.000,0.000
1775.625,0.000,0.000,0.000
1775.709,0.000,0.000,0.000
1775.792,0.000,0.000,0.000
1775.875,0.000,0.000,0.000
1775.959,0.000,0.000,0.000
1776.042,0.000,0.000,0.000
1776.125,0.000,0.000,0.000
1776.209,0.000,0.000,0.000
1776.292,0.000,0.000,0.000
1776.375,0.000,0.000,0.000
1776.459,0.000,0.000,0.000
1776.542,0.000,0.000,0.000
1776.625,0.000,0.000,0.000
1776.709,0.000,0.000,0.000
1776.792,0.000,0.000,0.000
1776.875,0.000,0.000,0.000
1776.959,0.000,0.000,0.000
1777.042,0.000,0.000,0.000
1777.125,0.000,0.000,0.000
1777.209,0.000,0.000,0.000
1777.292,0.000,0.000,0.000
1777.375,0.000,0.000,0.000
1777.459,0.000,0.000,0.000
1777.542,0.000,0.000,0.000
1777.625,0.000,0.000,0.000
1777.709,0.000,0.000,0.000
1777.792,0.000,0.000,0.000
1777.875,0.000,0.000,0.000
1777.959,0.000,0.000,0.000
1778.042,0.000,0.000,0.000
1778.125,0.000,0.000,0.000
1778.209,0.000,0.000,0.000
1778.292,0.000,0.000,0.000
1778.375,0.000,0.000,0.000
1778.459,0.000,0.000,0.000
1778.542,0.000,0.000,0.000
1778.625,0.000,0.000,0.000
1778.709,0.000,0.000,0.000
1778.792,0.000,0.000,0.000
1778.875,0.000,0.000,0.000
1778.959,0.000,0.000,0.000
1779.042,0.000,0.000,0.000
1779.125,0.000,0.000,0.000
1779.209,0.000,0.000,0.000
1779.292,0.000,0.000,0.000
1779.375,0.000,0.000,0.000
1779.459,0.000,0.000,0.000
1779.542,0.000,0.000,0.000
1779.625,0.000,0.000,0.000
1779.709,0.000,0.000,0.000
1779.792,0.000,0.000,0.000
1779.875,0.000,0.000,0.000
1779.959,0.000,0.000,0.000
1780.042,0.000,0.000,0.000
1780.125,0.000,0.000,0.000
1780.209,0.000,0.000,0.000
1780.292,0.000,0.000,0.000
1780.375,0.000,0.000,0.000
1780.459,0.000,0.000,0.000
1780.542,0.000,0.000,0.000
1780.625,0.000,0.000,0.000
1780.709,0.000,0.000,0.000
1780.792,0.000,0.000,0.000
1780.875,0.000,0.000,0.000
1780.959,0.000,0.000,0.000
1781.042,0.000,0.000,0.000
1781.125,0.000,0.000,0.000
1781.209,0.000,0.000,0.000
1781.292,0.000,0.000,0.000
1781.375,0.000,0.000,0.000
1781.459,0.000,0.000,0.000
1781.542,0.000,0.000,0.000
1781.625,0.000,0.000,0.000
1781.709,0.000,0.000,0.000
1781.792,0.000,0.000,0.000
1781.875,0.000,0.000,0.000
1781.959,0.000,0.000,0.000
1782.042,0.000,0.000,0.000
1782.125,0.000,0.000,0.000
1782.209,0.000,0.000,0.000
1782.292,0.000,0.000,0.000
1782.375,0.000,0.000,0.000
1782.459,0.000,0.000,0.000
1782.542,0.000,0.000,0.000
1782.625,0.000,0.000,0.000
1782.709,0.000,0.000,0.000
1782.792,0.000,0.000,0.000
1782.875,0.000,0.000,0.000
1782.959,0.000,0.000,0.000
1783.042,0.000,0.000,0.000
1783.125,0.000,0.000,0.000
1783.209,0.000,0.000,0.000
1783.292,0.000,0.000,0.000
1783.375,0.000,0.000,0.000
1783.459,0.000,0.000,0.000
1783.542,0.000,0.000,0.000
1783.625,0.000,0.000,0.000
1783.709,0.000,0.000,0.000
1783.792,0.000,0.000,0.000
1783.875,0.000,0.000,0.000
1783.959,0.000,0.000,0.000
1784.042,0.000,0.000,0.000
1784.125,0.000,0.000,0.000
1784.209,0.000,0.000,0.000
1784.292,0.000,0.000,0.000
1784.375,0.000,0.000,0.000
1784.459,0.000,0.000,0.000
1784.542,0.000,0.000,0.000
1784.625,0.000,0.000,0.000
1784.709,0.000,0.000,0.000
1784.792,0.000,0.000,0.000
1784.875,0.000,0.000,0.000
1784.959,0.000,0.000,0.000
1785.042,0.000,0.000,0.000
1785.125,0.000,0.000,0.000
1785.209,0.000,0.000,0.000
1785.292,0.000,0.000,0.000
1785.375,0.000,0.000,0.000
1785.459,0.000,0.000,0.000
1785.542,0.000,0.000,0.000
1785.625,0.000,0.000,0.000
1785.709,0.000,0.000,0.000
1785.792,0.000,0.000,0.000
1785.875,0.000,0.000,0.000
1785.959,0.000,0.000,0.000
1786.042,0.000,0.000,0.000
1786.125,0.000,0.000,0.000
1786.209,0.000,0.000,0.000
1786.292,0.000,0.000,0.000
1786.375,0.000,0.000,0.000
1786.459,0.000,0.000,0.000
1786.542,0.000,0.000,0.000
1786.625,0.000,0.000,0.000
1786.709,0.000,0.000,0.000
1786.792,0.000,0.000,0.000
1786.875,0.000,0.000,0.000
1786.959,0.000,0.000,0.000
1787.042,0.000,0.000,0.000
1787.125,0.000,0.000,0.000
1787.209,0.000,0.000,0.000
1787.292,0.000,0.000,0.000
1787.375,0.000,0.000,0.000
1787.459,0.000,0.000,0.000
1787.542,0.000,0.000,0.000
1787.625,0.000,0.000,0.000
1787.709,0.000,0.000,0.000
1787.792,0.000,0.000,0.000
1787.875,0.000,0.000,0.000
1787.959,0.000,0.000,0.000
1788.042,0.000,0.000,0.000
1788.125,0.000,0.000,0.000
1788.209,0.000,0.000,0.000
1788.292,0.000,0.000,0.000
1788.375,0.000,0.000,0.000
1788.459,0.000,0.000,0.000
1788.542,0.000,0.000,0.000
1788.625,0.000,0.000,0.000
1788.709,0.000,0.000,0.000
1788.792,0.000,0.000,0.000
1788.875,0.000,0.000,0.000
1788.959,0.000,0.000,0.000
1789.042,0.000,0.000,0.000
1789.125,0.000,0.000,0.000
1789.209,0.000,0.000,0.000
1789.292,0.000,0.000,0.000
1789.375,0.000,0.000,0.000
1789.459,0.000,0.000,0.000
1789.542,0.000,0.000,0.000
1789.625,0.000,0.000,0.000
1789.709,0.000,0.000,0.000
1789.792,0.000,0.000,0.000
1789.875,0.000,0.000,0.000
1789.959,0.000,0.000,0.000
1790.042,0.000,0.000,0.000
1790.125,0.000,0.000,0.000
1790.209,0.000,0.000,0.000
1790.292,0.000,0.000,0.000
1790.375,0.000,0.000,0.000
1790.459,0.000,0.000,0.000
1790.542,0.000,0.000,0.000
1790.625,0.000,0.000,0.000
1790.709,0.000,0.000,0.000
1790.792,0.000,0.000,0.000
1790.875,0.000,0.000,0.000
1790.959,0.000,0.000,0.000
1791.042,0.000,0.000,0.000
1791.125,0.000,0.000,0.000
1791.209,0.000,0.000,0.000
1791.292,0.000,0.000,0.000
1791.375,0.000,0.000,0.000
1791.459,0.000,0.000,0.000
1791.542,0.000,0.000,0.000
1791.625,0.000,0.000,0.000
1791.709,0.000,0.000,0.000
1791.792,0.000,0.000,0.000
1791.875,0.000,0.000,0.000
1791.959,0.000,0.000,0.000
1792.042,0.000,0.000,0.000
1792.125,0.000,0.000,0.000
1792.209,0.000,0.000,0.000
1792.292,0.000,0.000,0.000
1792.375,0.000,0.000,0.000
1792.459,0.000,0.000,0.000
1792.542,0.000,0.000,0.000
1792.625,0.000,0.000,0.000
1792.709,0.000,0.000,0.000
1792.792,0.000,0.000,0.000
1792.875,0.000,0.000,0.000
1792.959,0.000,0.000,0.000
1793.042,0.000,0.000,0.000
1793.125,0.000,0.000,0.000
1793.209,0.000,0.000,0.000
1793.292,0.000,0.000,0.000
1793.375,0.000,0.000,0.000
1793.459,0.000,0.000,0.000
1793.542,0.000,0.000,0.000
1793.625,0.000,0.000,0.000
1793.709,0.000,0.000,0.000
1793.792,0.000,0.000,0.000
1793.875,0.000,0.000,0.000
1793.959,0.000,0.000,0.000
1794.042,0.000,0.000,0.000
1794.125,0.000,0.000,0.000
1794.209,0.000,0.000,0.000
1794.292,0.000,0.000,0.000
1794.375,0.000,0.000,0.000
1794.459,0.000,0.000,0.000
1794.542,0.000,0.000,0.000
1794.625,0.000,0.000,0.000
1794.709,0.000,0.000,0.000
1794.792,0.000,0.000,0.000
1794.875,0.000,0.000,0.000
1794.959,0.000,0.000,0.000
1795.042,0.000,0.000,0.000
1795.125,0.000,0.000,0.000
1795.209,0.000,0.000,0.000
1795.292,0.000,0.000,0.000
1795.375,0.000,0.000,0.000
1795.459,0.000,0.000,0.000
1795.542,0.000,0.000,0.000
1795.625,0.000,0.000,0.000
1795.709,0.000,0.000,0.000
1795.792,0.000,0.000,0.000
1795.875,0.000,0.000,0.000
1795.959,0.000,0.000,0.000
1796.042,0.000,0.000,0.000
1796.125,0.000,0.000,0.000
1796.209,0.000,0.000,0.000
1796.292,0.000,0.000,0.000
1796.375,0.000,0.000,0.000
1796.459,0.000,0.000,0.000
1796.542,0.000,0.000,0.000
1796.625,0.000,0.000,0.000
1796.709,0.000,0.000,0.000
1796.792,0.000,0.000,0.000
1796.875,0.000,0.000,0.000
1796.959,0.000,0.000,0.000
1797.042,0.000,0.000,0.000
1797.125,0.000,0.000,0.000
1797.209,0.000,0.000,0.000
1797.292,0.000,0.000,0.000
1797.375,0.000,0.000,0.000
1797.459,0.000,0.000,0.000
1797.542,0.000,0.000,0.000
1797.625,0.000,0.000,0.000
1797.709,0.000,0.000,0.000
1797.792,0.000,0.000,0.000
1797.875,0.000,0.000,0.000
1797.959,0.000,0.000,0.000
1798.042,0.000,0.000,0.000
1798.125,0.000,0.000,0.000
1798.209,0.000,0.000,0.000
1798.292,0.000,0.000,0.000
1798.375,0.000,0.000,0.000
1798.459,0.000,0.000,0.000
1798.542,0.000,0.000,0.000
1798.625,0.000,0.000,0.000
1798.709,0.000,0.000,0.000
1798.792,0.000,0.000,0.000
1798.875,0.000,0.000,0.000
1798.959,0.000,0.000,0.000
1799.042,0.000,0.000,0.000
1799.125,0.000,0.000,0.000
1799.209,0.000,0.000,0.000
1799.292,0.000,0.000,0.000
1799.375,0.000,0.000,0.000
1799.459,0.000,0.000,0.000
1799.542,0.000,0.000,0.000
1799.625,0.000,0.000,0.000
1799.709,0.000,0.000,0.000
1799.792,0.000,0.000,0.000
1799.875,0.000,0.000,0.000
1799.959,0.000,0.000,0.000
1800.042,0.000,0.000,0.000
1800.125,0.000,0.000,0.000
1800.209,0.000,0.000,0.000
1800.292,0.000,0.000,0.000
1800.375,0.000,0.000,0.000
1800.459,0.000,0.000,0.000
1800.542,0.000,0.000,0.000
1800.625,0.000,0.000,0.000
1800.709,0.000,0.000,0.000
1800.792,0.000,0.000,0.000
1800.875,0.000,0.000,0.000
1800.959,0.000,0.000,0.000
1801.042,0.000,0.000,0.000
1801.125,0.000,0.000,0.000
1801.209,0.000,0.000,0.000
1801.292,0.000,0.000,0.000
1801.375,0.000,0.000,0.000
1801.459,0.000,0.000,0.000
1801.542,0.000,0.000,0.000
1801.625,0.000,0.000,0.000
1801.709,0.000,0.000,0.000
1801.792,0.000,0.000,0.000
1801.875,0.000,0.000,0.000
1801.959,0.000,0.000,0.000
1802.042,0.000,0.000,0.000
1802.125,0.000,0.000,0.000
1802.209,0.000,0.000,0.000
1802.292,0.000,0.000,0.000
1802.375,0.000,0.000,0.000
1802.459,0.000,0.000,0.000
1802.542,0.000,0.000,0.000
1802.625,0.000,0.000,0.000
1802.709,0.000,0.000,0.000
1802.792,0.000,0.000,0.000
1802.875,0.000,0.000,0.000
1802.959,0.000,0.000,0.000
1803.042,0.000,0.000,0.000
1803.125,0.000,0.000,0.000
1803.209,0.000,0.000,0.000
1803.292,0.000,0.000,0.000
1803.375,0.000,0.000,0.000
1803.459,0.000,0.000,0.000
1803.542,0.000,0.000,0.000
1803.625,0.000,0.000,0.000
1803.709,0.000,0.000,0.000
1803.792,0.000,0.000,0.000
1803.875,0.000,0.000,0.000
1803.959,0.000,0.000,0.000
1804.042,0.000,0.000,0.000
1804.125,0.000,0.000,0.000
1804.209,0.000,0.000,0.000
1804.292,0.000,0.000,0.000
1804.375,0.000,0.000,0.000
1804.459,0.000,0.000,0.000
1804.542,0.000,0.000,0.000
1804.625,0.000,0.000,0.000
1804.709,0.000,0.000,0.000
1804.792,0.000,0.000,0.000
1804.875,0.000,0.000,0.000
1804.959,0.000,0.000,0.000
1805.042,0.000,0.000,0.000
1805.125,0.000,0.000,0.000
1805.209,0.000,0.000,0.000
1805.292,0.000,0.000,0.000
1805.375,0.000,0.000,0.000
1805.459,0.000,0.000,0.000
1805.542,0.000,0.000,0.000
1805.625,0.000,0.000,0.000
1805.709,0.000,0.000,0.000
1805.792,0.000,0.000,0.000
1805.875,0.000,0.000,0.000
1805.959,0.000,0.000,0.000
1806.042,0.000,0.000,0.000
1806.125,0.000,0.000,0.000
1806.209,0.000,0.000,0.000
1806.292,0.000,0.000,0.000
1806.375,0.000,0.000,0.000
1806.459,0.000,0.000,0.000
1806.542,0.000,0.000,0.000
1806.625,0.000,0.000,0.000
1806.709,0.000,0.000,0.000
1806.792,0.000,0.000,0.000
1806.875,0.000,0.000,0.000
1806.959,0.000,0.000,0.000
1807.042,0.000,0.000,0.000
1807.125,0.000,0.000,0.000
1807.209,0.000,0.000,0.000
1807.292,0.000,0.000,0.000
1807.375,0.000,0.000,0.000
1807.459,0.000,0.000,0.000
1807.542,0.000,0.000,0.000
1807.625,0.000,0.000,0.000
1807.709,0.000,0.000,0.000
1807.792,0.000,0.000,0.000
1807.875,0.000,0.000,0.000
1807.959,0.000,0.000,0.000
1808.042,0.000,0.000,0.000
1808.125,0.000,0.000,0.000
1808.209,0.000,0.000,0.000
1808.292,0.000,0.000,0.000
1808.375,0.000,0.000,0.000
1808.459,0.000,0.000,0.000
1808.542,0.000,0.000,0.000
1808.625,0.000,0.000,0.000
1808.709,0.000,0.000,0.000
1808.792,0.000,0.000,0.000
1808.875,0.000,0.000,0.000
1808.959,0.000,0.000,0.000
1809.042,0.000,0.000,0.000
1809.125,0.000,0.000,0.000
1809.209,0.000,0.000,0.000
1809.292,0.000,0.000,0.000
1809.375,0.000,0.000,0.000
1809.459,0.000,0.000,0.000
1809.542,0.000,0.000,0.000
1809.625,0.000,0.000,0.000
1809.709,0.000,0.000,0.000
1809.792,0.000,0.000,0.000
1809.875,0.000,0.000,0.000
1809.959,0.000,0.000,0.000
1810.042,0.000,0.000,0.000
1810.125,0.000,0.000,0.000
1810.209,0.000,0.000,0.000
1810.292,0.000,0.000,0.000
1810.375,0.000,0.000,0.000
1810.459,0.000,0.000,0.000
1810.542,0.000,0.000,0.000
1810.625,0.000,0.000,0.000
1810.709,0.000,0.000,0.000
1810.792,0.000,0.000,0.000
1810.875,0.000,0.000,0.000
1810.959,0.000,0.000,0.000
1811.042,0.000,0.000,0.000
1811.125,0.000,0.000,0.000
1811.209,0.000,0.000,0.000
1811.292,0.000,0.000,0.000
1811.375,0.000,0.000,0.000
1811.459,0.000,0.000,0.000
1811.542,0.000,0.000,0.000
1811.625,0.000,0.000,0.000
1811.709,0.000,0.000,0.000
1811.792,0.000,0.000,0.000
1811.875,0.000,0.000,0.000
1811.959,0.000,0.000,0.000
1812.042,0.000,0.000,0.000
1812.125,0.000,0.000,0.000
1812.209,0.000,0.000,0.000
1812.292,0.000,0.000,0.000
1812.375,0.000,0.000,0.000
1812.459,0.000,0.000,0.000
1812.542,0.000,0.000,0.000
1812.625,0.000,0.000,0.000
1812.709,0.000,0.000,0.000
1812.792,0.000,0.000,0.000
1812.875,0.000,0.000,0.000
1812.959,0.000,0.000,0.000
1813.042,0.000,0.000,0.000
1813.125,0.000,0.000,0.000
1813.209,0.000,0.000,0.000
1813.292,0.000,0.000,0.000
1813.375,0.000,0.000,0.000
1813.459,0.000,0.000,0.000
1813.542,0.000,0.000,0.000
1813.625,0.000,0.000,0.000
1813.709,0.000,0.000,0.000
1813.792,0.000,0.000,0.000
1813.875,0.000,0.000,0.000
1813.959,0.000,0.000,0.000
1814.042,0.000,0.000,0.000
1814.125,0.000,0.000,0.000
1814.209,0.000,0.000,0.000
1814.292,0.000,0.000,0.000
1814.375,0.000,0.000,0.000
1814.459,0.000,0.000,0.000
1814.542,0.000,0.000,0.000
1814.625,0.000,0.000,0.000
1814.709,0.000,0.000,0.000
1814.792,0.000,0.000,0.000
1814.875,0.000,0.000,0.000
1814.959,0.000,0.000,0.000
1815.042,0.000,0.000,0.000
1815.125,0.000,0.000,0.000
1815.209,0.000,0.000,0.000
1815.292,0.000,0.000,0.000
1815.375,0.000,0.000,0.000
1815.459,0.000,0.000,0.000
1815.542,0.000,0.000,0.000
1815.625,0.000,0.000,0.000
1815.709,0.000,0.000,0.000
1815.792,0.000,0.000,0.000
1815.875,0.000,0.000,0.000
1815.959,0.000,0.000,0.000
1816.042,0.000,0.000,0.000
1816.125,0.000,0.000,0.000
1816.209,0.000,0.000,0.000
1816.292,0.000,0.000,0.000
1816.375,0.000,0.000,0.000
1816.459,0.000,0.000,0.000
1816.542,0.000,0.000,0.000
1816.625,0.000,0.000,0.000
1816.709,0.000,0.000,0.000
1816.792,0.000,0.000,0.000
1816.875,0.000,0.000,0.000
1816.959,0.000,0.000,0.000
1817.042,0.000,0.000,0.000
1817.125,0.000,0.000,0.000
1817.209,0.000,0.000,0.000
1817.292,0.000,0.000,0.000
1817.375,0.000,0.000,0.000
1817.459,0.000,0.000,0.000
1817.542,0.000,0.000,0.000
1817.625,0.000,0.000,0.000
1817.709,0.000,0.000,0.000
1817.792,0.000,0.000,0.000
1817.875,0.000,0.000,0.000
1817.959,0.000,0.000,0.000
1818.042,0.000,0.000,0.000
1818.125,0.000,0.000,0.000
1818.209,0.000,0.000,0.000
1818.292,0.000,0.000,0.000
1818.375,0.000,0.000,0.000
1818.459,0.000,0.000,0.000
1818.542,0.000,0.000,0.000
1818.625,0.000,0.000,0.000
1818.709,0.000,0.000,0.000
1818.792,0.000,0.000,0.000
1818.875,0.000,0.000,0.000
1818.959,0.000,0.000,0.000
1819.042,0.000,0.000,0.000
1819.125,0.000,0.000,0.000
1819.209,0.000,0.000,0.000
1819.292,0.000,0.000,0.000
1819.375,0.000,0.000,0.000
1819.459,0.000,0.000,0.000
1819.542,0.000,0.000,0.000
1819.625,0.000,0.000,0.000
1819.709,0.000,0.000,0.000
1819.792,0.000,0.000,0.000
1819.875,0.000,0.000,0.000
1819.959,0.000,0.000,0.000
1820.042,0.000,0.000,0.000
1820.125,0.000,0.000,0.000
1820.209,0.000,0.000,0.000
1820.292,0.000,0.000,0.000
1820.375,0.000,0.000,0.000
1820.459,0.000,0.000,0.000
1820.542,0.000,0.000,0.000
1820.625,0.000,0.000,0.000
1820.709,0.000,0.000,0.000
1820.792,0.000,0.000,0.000
1820.875,0.000,0.000,0.000
1820.959,0.000,0.000,0.000
1821.042,0.000,0.000,0.000
1821.125,0.000,0.000,0.000
1821.209,0.000,0.000,0.000
1821.292,0.000,0.000,0.000
1821.375,0.000,0.000,0.000
1821.459,0.000,0.000,0.000
1821.542,0.000,0.000,0.000
1821.625,0.000,0.000,0.000
1821.709,0.000,0.000,0.000
1821.792,0.000,0.000,0.000
1821.875,0.000,0.000,0.000
1821.959,0.000,0.000,0.000
1822.042,0.000,0.000,0.000
1822.125,0.000,0.000,0.000
1822.209,0.000,0.000,0.000
1822.292,0.000,0.000,0.000
1822.375,0.000,0.000,0.000
1822.459,0.000,0.000,0.000
1822.542,0.000,0.000,0.000
1822.625,0.000,0.000,0.000
1822.709,0.000,0.000,0.000
1822.792,0.000,0.000,0.000
1822.875,0.000,0.000,0.000
1822.959,0.000,0.000,0.000
1823.042,0.000,0.000,0.000
1823.125,0.000,0.000,0.000
1823.209,0.000,0.000,0.000
1823.292,0.000,0.000,0.000
1823.375,0.000,0.000,0.000
1823.459,0.000,0.000,0.000
1823.542,0.000,0.000,0.000
1823.625,0.000,0.000,0.000
1823.709,0.000,0.000,0.000
1823.792,0.000,0.000,0.000
1823.875,0.000,0.000,0.000
1823.959,0.000,0.000,0.000
1824.042,0.000,0.000,0.000
1824.125,0.000,0.000,0.000
1824.209,0.000,0.000,0.000
1824.292,0.000,0.000,0.000
1824.375,0.000,0.000,0.000
1824.459,0.000,0.000,0.000
1824.542,0.000,0.000,0.000
1824.625,0.000,0.000,0.000
1824.709,0.000,0.000,0.000
1824.792,0.000,0.000,0.000
1824.875,0.000,0.000,0.000
1824.959,0.000,0.000,0.000
1825.042,0.000,0.000,0.000
1825.125,0.000,0.000,0.000
1825.209,0.000,0.000,0.000
1825.292,0.000,0.000,0.000
1825.375,0.000,0.000,0.000
1825.459,0.000,0.000,0.000
1825.542,0.000,0.000,0.000
1825.625,0.000,0.000,0.000
1825.709,0.000,0.000,0.000
1825.792,0.000,0.000,0.000
1825.875,0.000,0.000,0.000
1825.959,0.000,0.000,0.000
1826.042,0.000,0.000,0.000
1826.125,0.000,0.000,0.000
1826.209,0.000,0.000,0.000
1826.292,0.000,0.000,0.000
1826.375,0.000,0.000,0.000
1826.459,0.000,0.000,0.000
1826.542,0.000,0.000,0.000
1826.625,0.000,0.000,0.000
1826.709,0.000,0.000,0.000
1826.792,0.000,0.000,0.000
1826.875,0.000,0.000,0.000
1826.959,0.000,0.000,0.000
1827.042,0.000,0.000,0.000
1827.125,0.000,0.000,0.000
1827.209,0.000,0.000,0.000
1827.292,0.000,0.000,0.000
1827.375,0.000,0.000,0.000
1827.459,0.000,0.000,0.000
1827.542,0.000,0.000,0.000
1827.625,0.000,0.000,0.000
1827.709,0.000,0.000,0.000
1827.792,0.000,0.000,0.000
1827.875,0.000,0.000,0.000
1827.959,0.000,0.000,0.000
1828.042,0.000,0.000,0.000
1828.125,0.000,0.000,0.000
1828.209,0.000,0.000,0.000
1828.292,0.000,0.000,0.000
1828.375,0.000,0.000,0.000
1828.459,0.000,0.000,0.000
1828.542,0.000,0.000,0.000
1828.625,0.000,0.000,0.000
1828.709,0.000,0.000,0.000
1828.792,0.000,0.000,0.000
1828.875,0.000,0.000,0.000
1828.959,0.000,0.000,0.000
1829.042,0.000,0.000,0.000
1829.125,0.000,0.000,0.000
1829.209,0.000,0.000,0.000
1829.292,0.000,0.000,0.000
1829.375,0.000,0.000,0.000
1829.459,0.000,0.000,0.000
1829.542,0.000,0.000,0.000
1829.625,0.000,0.000,0.000
1829.709,0.000,0.000,0.000
1829.792,0.000,0.000,0.000
1829.875,0.000,0.000,0.000
1829.959,0.000,0.000,0.000
1830.042,0.000,0.000,0.000
1830.125,0.000,0.000,0.000
1830.209,0.000,0.000,0.000
1830.292,0.000,0.000,0.000
1830.375,0.000,0.000,0.000
1830.459,0.000,0.000,0.000
1830.542,0.000,0.000,0.000
1830.625,0.000,0.000,0.000
1830.709,0.000,0.000,0.000
1830.792,0.000,0.000,0.000
1830.875,0.000,0.000,0.000
1830.959,0.000,0.000,0.000
1831.042,0.000,0.000,0.000
1831.125,0.000,0.000,0.000
1831.209,0.000,0.000,0.000
1831.292,0.000,0.000,0.000
1831.375,0.000,0.000,0.000
1831.459,0.000,0.000,0.000
1831.542,0.000,0.000,0.000
1831.625,0.000,0.000,0.000
1831.709,0.000,0.000,0.000
1831.792,0.000,0.000,0.000
1831.875,0.000,0.000,0.000
1831.959,0.000,0.000,0.000
1832.042,0.000,0.000,0.000
1832.125,0.000,0.000,0.000
1832.209,0.000,0.000,0.000
1832.292,0.000,0.000,0.000
1832.375,0.000,0.000,0.000
1832.459,0.000,0.000,0.000
1832.542,0.000,0.000,0.000
1832.625,0.000,0.000,0.000
1832.709,0.000,0.000,0.000
1832.792,0.000,0.000,0.000
1832.875,0.000,0.000,0.000
1832.959,0.000,0.000,0.000
1833.042,0.000,0.000,0.000
1833.125,0.000,0.000,0.000
1833.209,0.000,0.000,0.000
1833.292,0.000,0.000,0.000
1833.375,0.000,0.000,0.000
1833.459,0.000,0.000,0.000
1833.542,0.000,0.000,0.000
1833.625,0.000,0.000,0.000
1833.709,0.000,0.000,0.000
1833.792,0.000,0.000,0.000
1833.875,0.000,0.000,0.000
1833.959,0.000,0.000,0.000
1834.042,0.000,0.000,0.000
1834.125,0.000,0.000,0.000
1834.209,0.000,0.000,0.000
1834.292,0.000,0.000,0.000
1834.375,0.000,0.000,0.000
1834.459,0.000,0.000,0.000
1834.542,0.000,0.000,0.000
1834.625,0.000,0.000,0.000
1834.709,0.000,0.000,0.000
1834.792,0.000,0.000,0.000
1834.875,0.000,0.000,0.000
1834.959,0.000,0.000,0.000
1835.042,0.000,0.000,0.000
1835.125,0.000,0.000,0.000
1835.209,0.000,0.000,0.000
1835.292,0.000,0.000,0.000
1835.375,0.000,0.000,0.000
1835.459,0.000,0.000,0.000
1835.542,0.000,0.000,0.000
1835.625,0.000,0.000,0.000
1835.709,0.000,0.000,0.000
1835.792,0.000,0.000,0.000
1835.875,0.000,0.000,0.000
1835.959,0.000,0.000,0.000
1836.042,0.000,0.000,0.000
1836.125,0.000,0.000,0.000
1836.209,0.000,0.000,0.000
1836.292,0.000,0.000,0.000
1836.375,0.000,0.000,0.000
1836.459,0.000,0.000,0.000
1836.542,0.000,0.000,0.000
1836.625,0.000,0.000,0.000
1836.709,0.000,0.000,0.000
1836.792,0.000,0.000,0.000
1836.875,0.000,0.000,0.000
1836.959,0.000,0.000,0.000
1837.042,0.000,0.000,0.000
1837.125,0.000,0.000,0.000
1837.209,0.000,0.000,0.000
1837.292,0.000,0.000,0.000
1837.375,0.000,0.000,0.000
1837.459,0.000,0.000,0.000
1837.542,0.000,0.000,0.000
1837.625,0.000,0.000,0.000
1837.709,0.000,0.000,0.000
1837.792,0.000,0.000,0.000
1837.875,0.000,0.000,0.000
1837.959,0.000,0.000,0.000
1838.042,0.000,0.000,0.000
1838.125,0.000,0.000,0.000
1838.209,0.000,0.000,0.000
1838.292,0.000,0.000,0.000
1838.375,0.000,0.000,0.000
1838.459,0.000,0.000,0.000
1838.542,0.000,0.000,0.000
1838.625,0.000,0.000,0.000
1838.709,0.000,0.000,0.000
1838.792,0.000,0.000,0.000
1838.875,0.000,0.000,0.000
1838.959,0.000,0.000,0.000
1839.042,0.000,0.000,0.000
1839.125,0.000,0.000,0.000
1839.209,0.000,0.000,0.000
1839.292,0.000,0.000,0.000
1839.375,0.000,0.000,0.000
1839.459,0.000,0.000,0.000
1839.542,0.000,0.000,0.000
1839.625,0.000,0.000,0.000
1839.709,0.000,0.000,0.000
1839.792,0.000,0.000,0.000
1839.875,0.000,0.000,0.000
1839.959,0.000,0.000,0.000
1840.042,0.000,0.000,0.000
1840.125,0.000,0.000,0.000
1840.209,0.000,0.000,0.000
1840.292,0.000,0.000,0.000
1840.375,0.000,0.000,0.000
1840.459,0.000,0.000,0.000
1840.542,0.000,0.000,0.000
1840.625,0.000,0.000,0.000
1840.709,0.000,0.000,0.000
1840.792,0.000,0.000,0.000
1840.875,0.000,0.000,0.000
1840.959,0.000,0.000,0.000
1841.042,0.000,0.000,0.000
1841.125,0.000,0.000,0.000
1841.209,0.000,0.000,0.000
1841.292,0.000,0.000,0.000
1841.375,0.000,0.000,0.000
1841.459,0.000,0.000,0.000
1841.542,0.000,0.000,0.000
1841.625,0.000,0.000,0.000
1841.709,0.000,0.000,0.000
1841.792,0.000,0.000,0.000
1841.875,0.000,0.000,0.000
1841.959,0.000,0.000,0.000
1842.042,0.000,0.000,0.000
1842.125,0.000,0.000,0.000
1842.209,0.000,0.000,0.000
1842.292,0.000,0.000,0.000
1842.375,0.000,0.000,0.000
1842.459,0.000,0.000,0.000
1842.542,0.000,0.000,0.000
1842.625,0.000,0.000,0.000
1842.709,0.000,0.000,0.000
1842.792,0.000,0.000,0.000
1842.875,0.000,0.000,0.000
1842.959,0.000,0.000,0.000
1843.042,0.000,0.000,0.000
1843.125,0.000,0.000,0.000
1843.209,0.000,0.000,0.000
1843.292,0.000,0.000,0.000
1843.375,0.000,0.000,0.000
1843.459,0.000,0.000,0.000
1843.542,0.000,0.000,0.000
1843.625,0.000,0.000,0.000
1843.709,0.000,0.000,0.000
1843.792,0.000,0.000,0.000
1843.875,0.000,0.000,0.000
1843.959,0.000,0.000,0.000
1844.042,0.000,0.000,0.000
1844.125,0.000,0.000,0.000
1844.209,0.000,0.000,0.000
1844.292,0.000,0.000,0.000
1844.375,0.000,0.000,0.000
1844.459,0.000,0.000,0.000
1844.542,0.000,0.000,0.000
1844.625,0.000,0.000,0.000
1844.709,0.000,0.000,0.000
1844.792,0.000,0.000,0.000
1844.875,0.000,0.000,0.000
1844.959,0.000,0.000,0.000
1845.042,0.000,0.000,0.000
1845.125,0.000,0.000,0.000
1845.209,0.000,0.000,0.000
1845.292,0.000,0.000,0.000
1845.375,0.000,0.000,0.000
1845.459,0.000,0.000,0.000
1845.542,0.000,0.000,0.000
1845.625,0.000,0.000,0.000
1845.709,0.000,0.000,0.000
1845.792,0.000,0.000,0.000
1845.875,0.000,0.000,0.000
1845.959,0.000,0.000,0.000
1846.042,0.000,0.000,0.000
1846.125,0.000,0.000,0.000
1846.209,0.000,0.000,0.000
1846.292,0.000,0.000,0.000
1846.375,0.000,0.000,0.000
1846.459,0.000,0.000,0.000
1846.542,0.000,0.000,0.000
1846.625,0.000,0.000,0.000
1846.709,0.000,0.000,0.000
1846.792,0.000,0.000,0.000
1846.875,0.000,0.000,0.000
1846.959,0.000,0.000,0.000
1847.042,0.000,0.000,0.000
1847.125,0.000,0.000,0.000
1847.209,0.000,0.000,0.000
1847.292,0.000,0.000,0.000
1847.375,0.000,0.000,0.000
1847.459,0.000,0.000,0.000
1847.542,0.000,0.000,0.000
1847.625,0.000,0.000,0.000
1847.709,0.000,0.000,0.000
1847.792,0.000,0.000,0.000
1847.875,0.000,0.000,0.000
1847.959,0.000,0.000,0.000
1848.042,0.000,0.000,0.000
1848.125,0.000,0.000,0.000
1848.209,0.000,0.000,0.000
1848.292,0.000,0.000,0.000
1848.375,0.000,0.000,0.000
1848.459,0.000,0.000,0.000
1848.542,0.000,0.000,0.000
1848.625,0.000,0.000,0.000
1848.709,0.000,0.000,0.000
1848.792,0.000,0.000,0.000
1848.875,0.000,0.000,0.000
1848.959,0.000,0.000,0.000
1849.042,0.000,0.000,0.000
1849.125,0.000,0.000,0.000
1849.209,0.000,0.000,0.000
1849.292,0.000,0.000,0.000
1849.375,0.000,0.000,0.000
1849.459,0.000,0.000,0.000
1849.542,0.000,0.000,0.000
1849.625,0.000,0.000,0.000
1849.709,0.000,0.000,0.000
1849.792,0.000,0.000,0.000
1849.875,0.000,0.000,0.000
1849.959,0.000,0.000,0.000
1850.042,-0.740,-0.399,-0.399
1850.125,-0.285,0.056,0.056
1850.209,-0.529,-0.188,-0.188
1850.292,-0.551,-0.210,-0.210
1850.375,-0.511,-0.170,-0.170
1850.459,-0.333,0.008,0.008
1850.542,-0.108,0.233,0.233
1850.625,-0.116,0.225,0.225
1850.709,-0.328,0.013,0.013
1850.792,-0.582,-0.241,-0.241
1850.875,-0.357,-0.016,-0.016
1850.959,-0.408,-0.067,-0.067
1851.042,-0.157,0.184,0.184
1851.125,-0.441,-0.100,-0.100
1851.209,-0.674,-0.333,-0.333
1851.292,-0.628,-0.287,-0.287
1851.375,-0.202,0.139,0.139
1851.459,-0.121,0.220,0.220
1851.542,-0.088,0.253,0.253
1851.625,-0.095,0.246,0.246
1851.709,-0.080,0.261,0.261
1851.792,-0.044,0.297,0.297
1851.875,-0.101,0.240,0.240
1851.959,-0.135,0.206,0.206
1852.042,-0.425,-0.084,-0.084
1852.125,-0.474,-0.133,-0.133
1852.209,-0.609,-0.268,-0.268
1852.292,-0.655,-0.314,-0.314
1852.375,-0.119,0.222,0.222
1852.459,-0.055,0.286,0.286
1852.542,0.052,0.393,0.393
1852.625,-0.169,0.172,0.172
1852.709,-0.037,0.304,0.304
1852.792,-0.161,0.180,0.180
1852.875,-0.352,-0.011,-0.011
1852.959,0.126,0.467,0.467
1853.042,-0.229,0.112,0.112
1853.125,-0.388,-0.047,-0.047
1853.209,-0.307,0.034,0.034
1853.292,-0.419,-0.078,-0.078
1853.375,-0.246,0.095,0.095
1853.459,-0.151,0.190,0.190
1853.542,0.000,0.341,0.341
1853.625,-0.035,0.306,0.306
1853.709,-0.280,0.061,0.061
1853.792,-0.421,-0.080,-0.080
1853.875,-0.507,-0.166,-0.166
1853.959,-0.397,-0.056,-0.056
1854.042,-0.431,-0.090,-0.090
1854.125,-0.393,-0.052,-0.052
1854.209,-0.223,0.118,0.118
1854.292,-0.364,-0.023,-0.023
1854.375,-0.335,0.006,0.006
1854.459,-0.340,0.001,0.001
1854.542,-0.170,0.171,0.171
1854.625,-0.139,0.202,0.202
1854.709,-0.134,0.207,0.207
1854.792,-0.022,0.319,0.319
1854.875,-0.367,-0.026,-0.026
1854.959,-0.425,-0.084,-0.084
1855.042,-0.142,0.199,0.199
1855.125,-0.363,-0.022,-0.022
1855.209,-0.362,-0.021,-0.021
1855.292,-0.166,0.175,0.175
1855.375,-0.318,0.023,0.023
1855.459,-0.298,0.043,0.043
1855.542,-0.293,0.048,0.048
1855.625,-0.169,0.172,0.172
1855.709,-0.314,0.027,0.027
1855.792,-0.201,0.140,0.140
1855.875,-0.412,-0.071,-0.071
1855.959,-0.460,-0.119,-0.119
1856.042,-0.083,0.258,0.258
1856.125,-0.404,-0.063,-0.063
1856.209,-0.411,-0.070,-0.070
1856.292,-0.397,-0.056,-0.056
1856.375,-0.315,0.026,0.026
1856.459,-0.163,0.178,0.178
1856.542,-0.273,0.068,0.068
1856.625,-0.249,0.092,0.092
1856.709,-0.446,-0.105,-0.105
1856.792,-0.490,-0.149,-0.149
1856.875,-0.578,-0.237,-0.237
1856.959,-0.459,-0.118,-0.118
1857.042,-0.591,-0.250,-0.250
1857.125,-0.449,-0.108,-0.108
1857.209,-0.586,-0.245,-0.245
1857.292,-0.708,-0.367,-0.367
1857.375,-0.665,-0.324,-0.324
1857.459,-0.297,0.044,0.044
1857.542,-0.419,-0.078,-0.078
1857.625,-0.290,0.051,0.051
1857.709,-0.387,-0.046,-0.046
1857.792,-0.487,-0.146,-0.146
1857.875,-0.637,-0.296,-0.296
1857.959,-0.245,0.096,0.096
1858.042,-0.304,0.037,0.037
1858.125,-0.501,-0.160,-0.160
1858.209,-0.548,-0.207,-0.207
1858.292,-0.388,-0.047,-0.047
1858.375,-0.523,-0.182,-0.182
1858.459,-0.354,-0.013,-0.013
1858.542,-0.290,0.051,0.051
1858.625,-0.269,0.072,0.072
1858.709,-0.332,0.009,0.009
1858.792,-0.274,0.067,0.067
1858.875,-0.381,-0.040,-0.040
1858.959,-0.481,-0.140,-0.140
1859.042,-0.400,-0.059,-0.059
1859.125,-0.364,-0.023,-0.023
1859.209,-0.349,-0.008,-0.008
1859.292,-0.143,0.198,0.198
1859.375,-0.138,0.203,0.203
1859.459,-0.198,0.143,0.143
1859.542,-0.321,0.020,0.020
1859.625,-0.226,0.115,0.115
1859.709,-0.431,-0.090,-0.090
1859.792,-0.265,0.076,0.076
1859.875,-0.262,0.079,0.079
1859.959,-0.281,0.060,0.060
1860.042,-0.396,-0.055,-0.055
1860.125,-0.506,-0.165,-0.165
1860.209,-0.829,-0.488,-0.488
1860.292,-0.331,0.010,0.010
1860.375,-0.348,-0.007,-0.007
1860.459,-0.228,0.113,0.113
1860.542,-0.238,0.103,0.103
1860.625,-0.143,0.198,0.198
1860.709,-0.115,0.226,0.226
1860.792,-0.371,-0.030,-0.030
1860.875,-0.623,-0.282,-0.282
1860.959,-0.838,-0.497,-0.497
1861.042,-0.987,-0.646,-0.646
1861.125,-0.636,-0.295,-0.295
1861.209,-0.432,-0.091,-0.091
1861.292,-0.355,-0.014,-0.014
1861.375,-0.621,-0.280,-0.280
1861.459,-0.243,0.098,0.098
1861.542,-0.334,0.007,0.007
1861.625,-0.088,0.253,0.253
1861.709,-0.269,0.072,0.072
1861.792,-0.448,-0.107,-0.107
1861.875,-0.439,-0.098,-0.098
1861.959,-0.367,-0.026,-0.026
1862.042,-0.869,-0.528,-0.528
1862.125,-0.768,-0.427,-0.427
1862.209,-0.587,-0.246,-0.246
1862.292,-0.561,-0.220,-0.220
1862.375,-0.368,-0.027,-0.027
1862.459,-0.296,0.045,0.045
1862.542,-0.321,0.020,0.020
1862.625,-0.472,-0.131,-0.131
1862.709,-0.393,-0.052,-0.052
1862.792,-0.437,-0.096,-0.096
1862.875,-0.615,-0.274,-0.274
1862.959,-0.927,-0.586,-0.586
1863.042,-0.168,0.173,0.173
1863.125,-0.279,0.062,0.062
1863.209,-0.369,-0.028,-0.028
1863.292,-0.335,0.006,0.006
1863.375,-0.400,-0.059,-0.059
1863.459,-0.397,-0.056,-0.056
1863.542,-0.283,0.058,0.058
1863.625,-0.283,0.058,0.058
1863.709,-0.311,0.030,0.030
1863.792,-0.458,-0.117,-0.117
1863.875,-0.464,-0.123,-0.123
1863.959,-0.454,-0.113,-0.113
1864.042,-0.846,-0.505,-0.505
1864.125,-0.599,-0.258,-0.258
1864.209,-0.502,-0.161,-0.161
1864.292,-0.555,-0.214,-0.214
1864.375,-0.293,0.048,0.048
1864.459,-0.126,0.215,0.215
1864.542,-0.230,0.111,0.111
1864.625,-0.306,0.035,0.035
1864.709,-0.472,-0.131,-0.131
1864.792,-0.614,-0.273,-0.273
1864.875,-0.405,-0.064,-0.064
1864.959,-0.608,-0.267,-0.267
1865.042,-0.156,0.185,0.185
1865.125,-0.472,-0.131,-0.131
1865.209,-0.611,-0.270,-0.270
1865.292,-0.438,-0.097,-0.097
1865.375,-0.365,-0.024,-0.024
1865.459,-0.194,0.147,0.147
1865.542,-0.220,0.121,0.121
1865.625,-0.230,0.111,0.111
1865.709,-0.152,0.189,0.189
1865.792,-0.272,0.069,0.069
1865.875,-0.372,-0.031,-0.031
1865.959,-0.441,-0.100,-0.100
1866.042,-0.165,0.176,0.176
1866.125,-0.359,-0.018,-0.018
1866.209,-0.619,-0.278,-0.278
1866.292,-0.506,-0.165,-0.165
1866.375,-0.564,-0.223,-0.223
1866.459,-0.078,0.263,0.263
1866.542,-0.022,0.319,0.319
1866.625,-0.253,0.088,0.088
1866.709,-0.375,-0.034,-0.034
1866.792,-0.372,-0.031,-0.031
1866.875,-0.223,0.118,0.118
1866.959,-0.254,0.087,0.087
1867.042,-0.385,-0.044,-0.044
1867.125,-0.362,-0.021,-0.021
1867.209,-0.640,-0.299,-0.299
1867.292,-0.393,-0.052,-0.052
1867.375,-0.566,-0.225,-0.225
1867.459,-0.335,0.006,0.006
1867.542,-0.273,0.068,0.068
1867.625,-0.369,-0.028,-0.028
1867.709,-0.142,0.199,0.199
1867.792,-0.120,0.221,0.221
1867.875,-0.171,0.170,0.170
1867.959,-0.403,-0.062,-0.062
1868.042,-0.677,-0.336,-0.336
1868.125,-0.684,-0.343,-0.343
1868.209,-0.363,-0.022,-0.022
1868.292,-0.279,0.062,0.062
1868.375,-0.253,0.088,0.088
1868.459,-0.246,0.095,0.095
1868.542,-0.016,0.325,0.325
1868.625,-0.143,0.198,0.198
1868.709,-0.301,0.040,0.040
1868.792,-0.203,0.138,0.138
1868.875,-0.364,-0.023,-0.023
1868.959,-0.222,0.119,0.119
1869.042,-0.347,-0.006,-0.006
1869.125,0.074,0.415,0.415
1869.209,-0.639,-0.298,-0.298
1869.292,-0.372,-0.031,-0.031
1869.375,-0.318,0.023,0.023
1869.459,-0.362,-0.021,-0.021
1869.542,-0.392,-0.051,-0.051
1869.625,-0.125,0.216,0.216
1869.709,-0.196,0.145,0.145
1869.792,-0.298,0.043,0.043
1869.875,-0.251,0.090,0.090
1869.959,-0.535,-0.194,-0.194
1870.042,-0.246,0.095,0.095
1870.125,-0.484,-0.143,-0.143
1870.209,-0.479,-0.138,-0.138
1870.292,-0.313,0.028,0.028
1870.375,-0.299,0.042,0.042
1870.459,-0.213,0.128,0.128
1870.542,-0.063,0.278,0.278
1870.625,-0.282,0.059,0.059
1870.709,-0.212,0.129,0.129
1870.792,-0.391,-0.050,-0.050
1870.875,-0.294,0.047,0.047
1870.959,-0.667,-0.326,-0.326
1871.042,-0.567,-0.226,-0.226
1871.125,-0.662,-0.321,-0.321
1871.209,-0.215,0.126,0.126
1871.292,-0.223,0.118,0.118
1871.375,-0.376,-0.035,-0.035
1871.459,-0.275,0.066,0.066
1871.542,-0.074,0.267,0.267
1871.625,-0.275,0.066,0.066
1871.709,-0.368,-0.027,-0.027
1871.792,-0.378,-0.037,-0.037
1871.875,-0.530,-0.189,-0.189
1871.959,-0.492,-0.151,-0.151
1872.042,-0.580,-0.239,-0.239
1872.125,-0.578,-0.237,-0.237
1872.209,-0.513,-0.172,-0.172
1872.292,-0.419,-0.078,-0.078
1872.375,-0.138,0.203,0.203
1872.459,-0.304,0.037,0.037
1872.542,-0.135,0.206,0.206
1872.625,-0.009,0.332,0.332
1872.709,-0.166,0.175,0.175
1872.792,-0.212,0.129,0.129
1872.875,-0.323,0.018,0.018
1872.959,-0.562,-0.221,-0.221
1873.042,-0.259,0.082,0.082
1873.125,-0.301,0.040,0.040
1873.209,-0.391,-0.050,-0.050
1873.292,-0.484,-0.143,-0.143
1873.375,-0.334,0.007,0.007
1873.459,-0.287,0.054,0.054
1873.542,-0.181,0.160,0.160
1873.625,-0.189,0.152,0.152
1873.709,-0.395,-0.054,-0.054
1873.792,-0.359,-0.018,-0.018
1873.875,-0.426,-0.085,-0.085
1873.959,-0.261,0.080,0.080
1874.042,-0.215,0.126,0.126
1874.125,-0.441,-0.100,-0.100
1874.209,-0.690,-0.349,-0.349
1874.292,-0.439,-0.098,-0.098
1874.375,-0.318,0.023,0.023
1874.459,-0.578,-0.237,-0.237
1874.542,-0.193,0.148,0.148
1874.625,-0.275,0.066,0.066
1874.709,-0.160,0.181,0.181
1874.792,-0.478,-0.137,-0.137
1874.875,-0.435,-0.094,-0.094
1874.959,-0.312,0.029,0.029
1875.042,-0.568,-0.227,-0.227
1875.125,-0.481,-0.140,-0.140
1875.209,-0.578,-0.237,-0.237
1875.292,-0.392,-0.051,-0.051
1875.375,-0.288,0.053,0.053
1875.459,-0.265,0.076,0.076
1875.542,-0.190,0.151,0.151
1875.625,-0.192,0.149,0.149
1875.709,-0.194,0.147,0.147
1875.792,-0.237,0.104,0.104
1875.875,-0.502,-0.161,-0.161
1875.959,-0.582,-0.241,-0.241
1876.042,-0.519,-0.178,-0.178
1876.125,-0.328,0.013,0.013
1876.209,-0.355,-0.014,-0.014
1876.292,-0.399,-0.058,-0.058
1876.375,-0.570,-0.229,-0.229
1876.459,-0.333,0.008,0.008
1876.542,-0.137,0.204,0.204
1876.625,-0.287,0.054,0.054
1876.709,-0.365,-0.024,-0.024
1876.792,-0.308,0.033,0.033
1876.875,-0.575,-0.234,-0.234
1876.959,-0.635,-0.294,-0.294
1877.042,-0.409,-0.068,-0.068
1877.125,-0.228,0.113,0.113
1877.209,-0.072,0.269,0.269
1877.292,-0.309,0.032,0.032
1877.375,-0.348,-0.007,-0.007
1877.459,-0.078,0.263,0.263
1877.542,0.012,0.353,0.353
1877.625,0.229,0.570,0.570
1877.709,0.109,0.450,0.450
1877.792,0.115,0.456,0.456
1877.875,0.048,0.389,0.389
1877.959,-0.103,0.238,0.238
1878.042,-0.103,0.238,0.238
1878.125,0.215,0.556,0.556
1878.209,0.312,0.653,0.653
1878.292,0.170,0.511,0.511
1878.375,-0.135,0.206,0.206
1878.459,0.022,0.363,0.363
1878.542,-0.048,0.293,0.293
1878.625,-0.016,0.325,0.325
1878.709,0.026,0.367,0.367
1878.792,-0.128,0.213,0.213
1878.875,-0.152,0.189,0.189
1878.959,-0.330,0.011,0.011
1879.042,-0.213,0.128,0.128
1879.125,-0.272,0.069,0.069
1879.209,-0.208,0.133,0.133
1879.292,-0.385,-0.044,-0.044
1879.375,-0.340,0.001,0.001
1879.459,-0.289,0.052,0.052
1879.542,-0.251,0.090,0.090
1879.625,-0.204,0.137,0.137
1879.709,-0.235,0.106,0.106
1879.792,-0.135,0.206,0.206
1879.875,-0.368,-0.027,-0.027
1879.959,-0.542,-0.201,-0.201
1880.042,-0.324,0.017,0.017
1880.125,-0.378,-0.037,-0.037
1880.209,-0.222,0.119,0.119
1880.292,-0.278,0.063,0.063
1880.375,-0.256,0.085,0.085
1880.459,-0.303,0.038,0.038
1880.542,-0.278,0.063,0.063
1880.625,-0.153,0.188,0.188
1880.709,-0.259,0.082,0.082
1880.792,-0.371,-0.030,-0.030
1880.875,-0.310,0.031,0.031
1880.959,-0.291,0.050,0.050
1881.042,-0.240,0.101,0.101
1881.125,-0.234,0.107,0.107
1881.209,-0.180,0.161,0.161
1881.292,-0.072,0.269,0.269
1881.375,-0.105,0.236,0.236
1881.459,-0.323,0.018,0.018
1881.542,-0.161,0.180,0.180
1881.625,-0.130,0.211,0.211
1881.709,-0.273,0.068,0.068
1881.792,-0.303,0.038,0.038
1881.875,-0.367,-0.026,-0.026
1881.959,-0.217,0.124,0.124
1882.042,-0.011,0.330,0.330
1882.125,-0.081,0.260,0.260
1882.209,-0.165,0.176,0.176
1882.292,-0.315,0.026,0.026
1882.375,-0.320,0.021,0.021
1882.459,-0.337,0.004,0.004
1882.542,-0.290,0.051,0.051
1882.625,-0.200,0.141,0.141
1882.709,-0.189,0.152,0.152
1882.792,-0.376,-0.035,-0.035
1882.875,-0.347,-0.006,-0.006
1882.959,-0.537,-0.196,-0.196
1883.042,-0.450,-0.109,-0.109
1883.125,-0.488,-0.147,-0.147
1883.209,-0.290,0.051,0.051
1883.292,-0.374,-0.033,-0.033
1883.375,-0.309,0.032,0.032
1883.459,-0.164,0.177,0.177
1883.542,-0.214,0.127,0.127
1883.625,-0.265,0.076,0.076
1883.709,-0.304,0.037,0.037
1883.792,-0.312,0.029,0.029
1883.875,-0.403,-0.062,-0.062
1883.959,-0.325,0.016,0.016
1884.042,-0.360,-0.019,-0.019
1884.125,-0.285,0.056,0.056
1884.209,-0.522,-0.181,-0.181
1884.292,-0.517,-0.176,-0.176
1884.375,-0.494,-0.153,-0.153
1884.459,-0.466,-0.125,-0.125
1884.542,-0.507,-0.166,-0.166
1884.625,-0.415,-0.074,-0.074
1884.709,-0.450,-0.109,-0.109
1884.792,-0.422,-0.081,-0.081
1884.875,-0.551,-0.210,-0.210
1884.959,-0.443,-0.102,-0.102
1885.042,-0.668,-0.327,-0.327
1885.125,-0.489,-0.148,-0.148
1885.209,-0.452,-0.111,-0.111
1885.292,-0.566,-0.225,-0.225
1885.375,-0.568,-0.227,-0.227
1885.459,-0.558,-0.217,-0.217
1885.542,-0.414,-0.073,-0.073
1885.625,-0.418,-0.077,-0.077
1885.709,-0.375,-0.034,-0.034
1885.792,-0.341,0.000,0.000
1885.875,-0.375,-0.034,-0.034
1885.959,-0.200,0.141,0.141
1886.042,-0.487,-0.146,-0.146
1886.125,-0.557,-0.216,-0.216
1886.209,-0.524,-0.183,-0.183
1886.292,-0.388,-0.047,-0.047
1886.375,-0.324,0.017,0.017
1886.459,-0.446,-0.105,-0.105
1886.542,-0.301,0.040,0.040
1886.625,-0.396,-0.055,-0.055
1886.709,-0.385,-0.044,-0.044
1886.792,-0.409,-0.068,-0.068
1886.875,-0.457,-0.116,-0.116
1886.959,-0.378,-0.037,-0.037
1887.042,-0.780,-0.439,-0.439
1887.125,-0.680,-0.339,-0.339
1887.209,-0.468,-0.127,-0.127
1887.292,-0.442,-0.101,-0.101
1887.375,-0.469,-0.128,-0.128
1887.459,-0.413,-0.072,-0.072
1887.542,-0.378,-0.037,-0.037
1887.625,-0.452,-0.111,-0.111
1887.709,-0.366,-0.025,-0.025
1887.792,-0.439,-0.098,-0.098
1887.875,-0.398,-0.057,-0.057
1887.959,-0.428,-0.087,-0.087
1888.042,-0.506,-0.165,-0.165
1888.125,-0.523,-0.182,-0.182
1888.209,-0.557,-0.216,-0.216
1888.292,-0.333,0.008,0.008
1888.375,-0.358,-0.017,-0.017
1888.459,-0.286,0.055,0.055
1888.542,-0.270,0.071,0.071
1888.625,-0.282,0.059,0.059
1888.709,-0.266,0.075,0.075
1888.792,-0.110,0.231,0.231
1888.875,-0.195,0.146,0.146
1888.959,-0.187,0.154,0.154
1889.042,-0.216,0.125,0.125
1889.125,-0.005,0.336,0.336
1889.209,-0.086,0.255,0.255
1889.292,-0.054,0.287,0.287
1889.375,-0.154,0.187,0.187
1889.459,-0.189,0.152,0.152
1889.542,-0.217,0.124,0.124
1889.625,-0.278,0.063,0.063
1889.709,-0.346,-0.005,-0.005
1889.792,-0.351,-0.010,-0.010
1889.875,-0.456,-0.115,-0.115
1889.959,-0.363,-0.022,-0.022
1890.042,-0.517,-0.176,-0.176
1890.125,-0.494,-0.153,-0.153
1890.209,-0.566,-0.225,-0.225
1890.292,-0.432,-0.091,-0.091
1890.375,-0.512,-0.171,-0.171
1890.459,-0.419,-0.078,-0.078
1890.542,-0.433,-0.092,-0.092
1890.625,-0.466,-0.125,-0.125
1890.709,-0.468,-0.127,-0.127
1890.792,-0.402,-0.061,-0.061
1890.875,-0.615,-0.274,-0.274
1890.959,-0.410,-0.069,-0.069
1891.042,-0.530,-0.189,-0.189
1891.125,-0.615,-0.274,-0.274
1891.209,-0.349,-0.008,-0.008
1891.292,-0.412,-0.071,-0.071
1891.375,-0.295,0.046,0.046
1891.459,-0.315,0.026,0.026
1891.542,-0.313,0.028,0.028
1891.625,-0.309,0.032,0.032
1891.709,-0.247,0.094,0.094
1891.792,-0.343,-0.002,-0.002
1891.875,-0.504,-0.163,-0.163
1891.959,-0.202,0.139,0.139
1892.042,-0.410,-0.069,-0.069
1892.125,-0.250,0.091,0.091
1892.209,-0.526,-0.185,-0.185
1892.292,-0.503,-0.162,-0.162
1892.375,-0.425,-0.084,-0.084
1892.459,-0.385,-0.044,-0.044
1892.542,-0.507,-0.166,-0.166
1892.625,-0.455,-0.114,-0.114
1892.709,-0.335,0.006,0.006
1892.792,-0.371,-0.030,-0.030
1892.875,-0.633,-0.292,-0.292
1892.959,-0.649,-0.308,-0.308
1893.042,-0.947,-0.606,-0.606
1893.125,-0.760,-0.419,-0.419
1893.209,-0.405,-0.064,-0.064
1893.292,-0.463,-0.122,-0.122
1893.375,-0.500,-0.159,-0.159
1893.459,-0.389,-0.048,-0.048
1893.542,-0.245,0.096,0.096
1893.625,-0.333,0.008,0.008
1893.709,-0.354,-0.013,-0.013
1893.792,-0.301,0.040,0.040
1893.875,-0.356,-0.015,-0.015
1893.959,-0.450,-0.109,-0.109
1894.042,-0.609,-0.268,-0.268
1894.125,-0.416,-0.075,-0.075
1894.209,-0.444,-0.103,-0.103
1894.292,-0.532,-0.191,-0.191
1894.375,-0.477,-0.136,-0.136
1894.459,-0.517,-0.176,-0.176
1894.542,-0.353,-0.012,-0.012
1894.625,-0.350,-0.009,-0.009
1894.709,-0.380,-0.039,-0.039
1894.792,-0.363,-0.022,-0.022
1894.875,-0.432,-0.091,-0.091
1894.959,-0.435,-0.094,-0.094
1895.042,-0.562,-0.221,-0.221
1895.125,-0.575,-0.234,-0.234
1895.209,-0.549,-0.208,-0.208
1895.292,-0.367,-0.026,-0.026
1895.375,-0.435,-0.094,-0.094
1895.459,-0.362,-0.021,-0.021
1895.542,-0.300,0.041,0.041
1895.625,-0.331,0.010,0.010
1895.709,-0.293,0.048,0.048
1895.792,-0.266,0.075,0.075
1895.875,-0.280,0.061,0.061
1895.959,-0.307,0.034,0.034
1896.042,-0.305,0.036,0.036
1896.125,-0.269,0.072,0.072
1896.209,-0.482,-0.141,-0.141
1896.292,-0.459,-0.118,-0.118
1896.375,-0.310,0.031,0.031
1896.459,-0.200,0.141,0.141
1896.542,-0.146,0.195,0.195
1896.625,-0.145,0.196,0.196
1896.709,-0.150,0.191,0.191
1896.792,-0.091,0.250,0.250
1896.875,-0.250,0.091,0.091
1896.959,-0.087,0.254,0.254
1897.042,-0.266,0.075,0.075
1897.125,-0.298,0.043,0.043
1897.209,-0.327,0.014,0.014
1897.292,-0.113,0.228,0.228
1897.375,-0.110,0.231,0.231
1897.459,-0.179,0.162,0.162
1897.542,-0.157,0.184,0.184
1897.625,-0.188,0.153,0.153
1897.709,-0.192,0.149,0.149
1897.792,-0.239,0.102,0.102
1897.875,-0.369,-0.028,-0.028
1897.959,-0.384,-0.043,-0.043
1898.042,-0.189,0.152,0.152
1898.125,-0.486,-0.145,-0.145
1898.209,-0.768,-0.427,-0.427
1898.292,-0.520,-0.179,-0.179
1898.375,-0.476,-0.135,-0.135
1898.459,-0.293,0.048,0.048
1898.542,-0.347,-0.006,-0.006
1898.625,-0.353,-0.012,-0.012
1898.709,-0.348,-0.007,-0.007
1898.792,-0.487,-0.146,-0.146
1898.875,-0.491,-0.150,-0.150
1898.959,-0.401,-0.060,-0.060
1899.042,-0.312,0.029,0.029
1899.125,-0.508,-0.167,-0.167
1899.209,-0.551,-0.210,-0.210
1899.292,-0.361,-0.020,-0.020
1899.375,-0.326,0.015,0.015
1899.459,-0.435,-0.094,-0.094
1899.542,-0.305,0.036,0.036
1899.625,-0.200,0.141,0.141
1899.709,-0.147,0.194,0.194
1899.792,-0.166,0.175,0.175
1899.875,-0.029,0.312,0.312
1899.959,-0.395,-0.054,-0.054
1900.042,-0.492,-0.151,-0.151
1900.125,-0.168,0.173,0.173
1900.209,-0.182,0.159,0.159
1900.292,-0.206,0.135,0.135
1900.375,-0.241,0.100,0.100
1900.459,-0.177,0.164,0.164
1900.542,-0.201,0.140,0.140
1900.625,-0.190,0.151,0.151
1900.709,-0.165,0.176,0.176
1900.792,-0.028,0.313,0.313
1900.875,-0.236,0.105,0.105
1900.959,-0.184,0.157,0.157
1901.042,-0.305,0.036,0.036
1901.125,-0.228,0.113,0.113
1901.209,-0.164,0.177,0.177
1901.292,-0.151,0.190,0.190
1901.375,-0.236,0.105,0.105
1901.459,-0.203,0.138,0.138
1901.542,-0.269,0.072,0.072
1901.625,-0.235,0.106,0.106
1901.709,-0.323,0.018,0.018
1901.792,-0.360,-0.019,-0.019
1901.875,-0.339,0.002,0.002
1901.959,-0.417,-0.076,-0.076
1902.042,-0.341,0.000,0.000
1902.125,-0.193,0.148,0.148
1902.209,-0.451,-0.110,-0.110
1902.292,-0.406,-0.065,-0.065
1902.375,-0.433,-0.092,-0.092
1902.459,-0.406,-0.065,-0.065
1902.542,-0.376,-0.035,-0.035
1902.625,-0.392,-0.051,-0.051
1902.709,-0.367,-0.026,-0.026
1902.792,-0.434,-0.093,-0.093
1902.875,-0.513,-0.172,-0.172
1902.959,-0.543,-0.202,-0.202
1903.042,-0.386,-0.045,-0.045
1903.125,-0.204,0.137,0.137
1903.209,-0.394,-0.053,-0.053
1903.292,-0.540,-0.199,-0.199
1903.375,-0.524,-0.183,-0.183
1903.459,-0.529,-0.188,-0.188
1903.542,-0.484,-0.143,-0.143
1903.625,-0.562,-0.221,-0.221
1903.709,-0.559,-0.218,-0.218
1903.792,-0.617,-0.276,-0.276
1903.875,-0.590,-0.249,-0.249
1903.959,-0.633,-0.292,-0.292
1904.042,-0.768,-0.427,-0.427
1904.125,-0.727,-0.386,-0.386
1904.209,-0.679,-0.338,-0.338
1904.292,-0.614,-0.273,-0.273
1904.375,-0.610,-0.269,-0.269
1904.459,-0.549,-0.208,-0.208
1904.542,-0.576,-0.235,-0.235
1904.625,-0.526,-0.185,-0.185
1904.709,-0.592,-0.251,-0.251
1904.792,-0.513,-0.172,-0.172
1904.875,-0.323,0.018,0.018
1904.959,-0.450,-0.109,-0.109
1905.042,-0.462,-0.121,-0.121
1905.125,-0.722,-0.381,-0.381
1905.209,-0.477,-0.136,-0.136
1905.292,-0.507,-0.166,-0.166
1905.375,-0.399,-0.058,-0.058
1905.459,-0.342,-0.001,-0.001
1905.542,-0.354,-0.013,-0.013
1905.625,-0.291,0.050,0.050
1905.709,-0.314,0.027,0.027
1905.792,-0.339,0.002,0.002
1905.875,-0.187,0.154,0.154
1905.959,-0.247,0.094,0.094
1906.042,-0.330,0.011,0.011
1906.125,-0.378,-0.037,-0.037
1906.209,-0.291,0.050,0.050
1906.292,-0.135,0.206,0.206
1906.375,-0.372,-0.031,-0.031
1906.459,-0.249,0.092,0.092
1906.542,-0.337,0.004,0.004
1906.625,-0.285,0.056,0.056
1906.709,-0.348,-0.007,-0.007
1906.792,-0.311,0.030,0.030
1906.875,-0.467,-0.126,-0.126
1906.959,-0.278,0.063,0.063
1907.042,-0.509,-0.168,-0.168
1907.125,-0.612,-0.271,-0.271
1907.209,-0.422,-0.081,-0.081
1907.292,-0.454,-0.113,-0.113
1907.375,-0.600,-0.259,-0.259
1907.459,-0.506,-0.165,-0.165
1907.542,-0.423,-0.082,-0.082
1907.625,-0.457,-0.116,-0.116
1907.709,-0.425,-0.084,-0.084
1907.792,-0.334,0.007,0.007
1907.875,-0.561,-0.220,-0.220
1907.959,-0.573,-0.232,-0.232
1908.042,-0.501,-0.160,-0.160
1908.125,-0.425,-0.084,-0.084
1908.209,-0.709,-0.368,-0.368
1908.292,-0.569,-0.228,-0.228
1908.375,-0.459,-0.118,-0.118
1908.459,-0.439,-0.098,-0.098
1908.542,-0.432,-0.091,-0.091
1908.625,-0.521,-0.180,-0.180
1908.709,-0.419,-0.078,-0.078
1908.792,-0.550,-0.209,-0.209
1908.875,-0.627,-0.286,-0.286
1908.959,-0.597,-0.256,-0.256
1909.042,-0.766,-0.425,-0.425
1909.125,-0.552,-0.211,-0.211
1909.209,-0.690,-0.349,-0.349
1909.292,-0.670,-0.329,-0.329
1909.375,-0.602,-0.261,-0.261
1909.459,-0.542,-0.201,-0.201
1909.542,-0.543,-0.202,-0.202
1909.625,-0.369,-0.028,-0.028
1909.709,-0.449,-0.108,-0.108
1909.792,-0.479,-0.138,-0.138
1909.875,-0.406,-0.065,-0.065
1909.959,-0.602,-0.261,-0.261
1910.042,-0.478,-0.137,-0.137
1910.125,-0.529,-0.188,-0.188
1910.209,-0.648,-0.307,-0.307
1910.292,-0.526,-0.185,-0.185
1910.375,-0.466,-0.125,-0.125
1910.459,-0.474,-0.133,-0.133
1910.542,-0.440,-0.099,-0.099
1910.625,-0.420,-0.079,-0.079
1910.709,-0.454,-0.113,-0.113
1910.792,-0.465,-0.124,-0.124
1910.875,-0.647,-0.306,-0.306
1910.959,-0.752,-0.411,-0.411
1911.042,-0.680,-0.339,-0.339
1911.125,-0.700,-0.359,-0.359
1911.209,-0.746,-0.405,-0.405
1911.292,-0.639,-0.298,-0.298
1911.375,-0.625,-0.284,-0.284
1911.459,-0.551,-0.210,-0.210
1911.542,-0.510,-0.169,-0.169
1911.625,-0.501,-0.160,-0.160
1911.709,-0.489,-0.148,-0.148
1911.792,-0.355,-0.014,-0.014
1911.875,-0.339,0.002,0.002
1911.959,-0.327,0.014,0.014
1912.042,-0.338,0.003,0.003
1912.125,-0.291,0.050,0.050
1912.209,-0.509,-0.168,-0.168
1912.292,-0.304,0.037,0.037
1912.375,-0.319,0.022,0.022
1912.459,-0.294,0.047,0.047
1912.542,-0.497,-0.156,-0.156
1912.625,-0.590,-0.249,-0.249
1912.709,-0.641,-0.300,-0.300
1912.792,-0.655,-0.314,-0.314
1912.875,-0.518,-0.177,-0.177
1912.959,-0.555,-0.214,-0.214
1913.042,-0.533,-0.192,-0.192
1913.125,-0.540,-0.199,-0.199
1913.209,-0.588,-0.247,-0.247
1913.292,-0.481,-0.140,-0.140
1913.375,-0.519,-0.178,-0.178
1913.459,-0.532,-0.191,-0.191
1913.542,-0.453,-0.112,-0.112
1913.625,-0.400,-0.059,-0.059
1913.709,-0.416,-0.075,-0.075
1913.792,-0.402,-0.061,-0.061
1913.875,-0.310,0.031,0.031
1913.959,-0.132,0.209,0.209
1914.042,-0.060,0.281,0.281
1914.125,-0.242,0.099,0.099
1914.209,-0.389,-0.048,-0.048
1914.292,-0.390,-0.049,-0.049
1914.375,-0.295,0.046,0.046
1914.459,-0.303,0.038,0.038
1914.542,-0.327,0.014,0.014
1914.625,-0.251,0.090,0.090
1914.709,-0.300,0.041,0.041
1914.792,-0.114,0.227,0.227
1914.875,-0.210,0.131,0.131
1914.959,-0.191,0.150,0.150
1915.042,-0.289,0.052,0.052
1915.125,-0.175,0.166,0.166
1915.209,-0.200,0.141,0.141
1915.292,-0.059,0.282,0.282
1915.375,-0.134,0.207,0.207
1915.459,-0.219,0.122,0.122
1915.542,-0.196,0.145,0.145
1915.625,-0.177,0.164,0.164
1915.709,-0.205,0.136,0.136
1915.792,-0.322,0.019,0.019
1915.875,-0.171,0.170,0.170
1915.959,-0.316,0.025,0.025
1916.042,-0.284,0.057,0.057
1916.125,-0.251,0.090,0.090
1916.209,-0.434,-0.093,-0.093
1916.292,-0.373,-0.032,-0.032
1916.375,-0.412,-0.071,-0.071
1916.459,-0.497,-0.156,-0.156
1916.542,-0.403,-0.062,-0.062
1916.625,-0.360,-0.019,-0.019
1916.709,-0.388,-0.047,-0.047
1916.792,-0.393,-0.052,-0.052
1916.875,-0.542,-0.201,-0.201
1916.959,-0.834,-0.493,-0.493
1917.042,-0.687,-0.346,-0.346
1917.125,-0.713,-0.372,-0.372
1917.209,-0.800,-0.459,-0.459
1917.292,-0.582,-0.241,-0.241
1917.375,-0.652,-0.311,-0.311
1917.459,-0.494,-0.153,-0.153
1917.542,-0.293,0.048,0.048
1917.625,-0.308,0.033,0.033
1917.709,-0.274,0.067,0.067
1917.792,-0.501,-0.160,-0.160
1917.875,-0.433,-0.092,-0.092
1917.959,-0.766,-0.425,-0.425
1918.042,-0.538,-0.197,-0.197
1918.125,-0.570,-0.229,-0.229
1918.209,-0.498,-0.157,-0.157
1918.292,-0.581,-0.240,-0.240
1918.375,-0.540,-0.199,-0.199
1918.459,-0.431,-0.090,-0.090
1918.542,-0.401,-0.060,-0.060
1918.625,-0.419,-0.078,-0.078
1918.709,-0.252,0.089,0.089
1918.792,-0.152,0.189,0.189
1918.875,-0.195,0.146,0.146
1918.959,-0.409,-0.068,-0.068
1919.042,-0.285,0.056,0.056
1919.125,-0.269,0.072,0.072
1919.209,-0.391,-0.050,-0.050
1919.292,-0.213,0.128,0.128
1919.375,-0.338,0.003,0.003
1919.459,-0.380,-0.039,-0.039
1919.542,-0.348,-0.007,-0.007
1919.625,-0.340,0.001,0.001
1919.709,-0.320,0.021,0.021
1919.792,-0.305,0.036,0.036
1919.875,-0.540,-0.199,-0.199
1919.959,-0.523,-0.182,-0.182
1920.042,-0.306,0.035,0.035
1920.125,-0.443,-0.102,-0.102
1920.209,-0.208,0.133,0.133
1920.292,-0.316,0.025,0.025
1920.375,-0.305,0.036,0.036
1920.459,-0.302,0.039,0.039
1920.542,-0.328,0.013,0.013
1920.625,-0.299,0.042,0.042
1920.709,-0.244,0.097,0.097
1920.792,-0.276,0.065,0.065
1920.875,-0.347,-0.006,-0.006
1920.959,-0.521,-0.180,-0.180
1921.042,-0.212,0.129,0.129
1921.125,-0.278,0.063,0.063
1921.209,-0.376,-0.035,-0.035
1921.292,-0.328,0.013,0.013
1921.375,-0.353,-0.012,-0.012
1921.459,-0.219,0.122,0.122
1921.542,-0.202,0.139,0.139
1921.625,-0.317,0.024,0.024
1921.709,-0.214,0.127,0.127
1921.792,-0.127,0.214,0.214
1921.875,-0.216,0.125,0.125
1921.959,-0.252,0.089,0.089
1922.042,-0.419,-0.078,-0.078
1922.125,-0.455,-0.114,-0.114
1922.209,-0.297,0.044,0.044
1922.292,-0.264,0.077,0.077
1922.375,-0.443,-0.102,-0.102
1922.459,-0.327,0.014,0.014
1922.542,-0.298,0.043,0.043
1922.625,-0.383,-0.042,-0.042
1922.709,-0.381,-0.040,-0.040
1922.792,-0.375,-0.034,-0.034
1922.875,-0.256,0.085,0.085
1922.959,-0.300,0.041,0.041
1923.042,-0.393,-0.052,-0.052
1923.125,-0.496,-0.155,-0.155
1923.209,-0.474,-0.133,-0.133
1923.292,-0.439,-0.098,-0.098
1923.375,-0.399,-0.058,-0.058
1923.459,-0.292,0.049,0.049
1923.542,-0.396,-0.055,-0.055
1923.625,-0.376,-0.035,-0.035
1923.709,-0.363,-0.022,-0.022
1923.792,-0.190,0.151,0.151
1923.875,-0.057,0.284,0.284
1923.959,-0.111,0.230,0.230
1924.042,-0.339,0.002,0.002
1924.125,-0.313,0.028,0.028
1924.209,-0.199,0.142,0.142
1924.292,-0.347,-0.006,-0.006
1924.375,-0.245,0.096,0.096
1924.459,-0.292,0.049,0.049
1924.542,-0.317,0.024,0.024
1924.625,-0.359,-0.018,-0.018
1924.709,-0.350,-0.009,-0.009
1924.792,-0.384,-0.043,-0.043
1924.875,-0.305,0.036,0.036
1924.959,-0.506,-0.165,-0.165
1925.042,-0.507,-0.166,-0.166
1925.125,-0.495,-0.154,-0.154
1925.209,-0.381,-0.040,-0.040
1925.292,-0.326,0.015,0.015
1925.375,-0.298,0.043,0.043
1925.459,-0.342,-0.001,-0.001
1925.542,-0.319,0.022,0.022
1925.625,-0.210,0.131,0.131
1925.709,-0.240,0.101,0.101
1925.792,-0.255,0.086,0.086
1925.875,-0.047,0.294,0.294
1925.959,0.007,0.348,0.348
1926.042,0.084,0.425,0.425
1926.125,-0.070,0.271,0.271
1926.209,-0.030,0.311,0.311
1926.292,-0.194,0.147,0.147
1926.375,-0.263,0.078,0.078
1926.459,-0.219,0.122,0.122
1926.542,-0.273,0.068,0.068
1926.625,-0.150,0.191,0.191
1926.709,-0.156,0.185,0.185
1926.792,-0.119,0.222,0.222
1926.875,-0.129,0.212,0.212
1926.959,-0.334,0.007,0.007
1927.042,-0.336,0.005,0.005
1927.125,-0.249,0.092,0.092
1927.209,-0.457,-0.116,-0.116
1927.292,-0.337,0.004,0.004
1927.375,-0.282,0.059,0.059
1927.459,-0.288,0.053,0.053
1927.542,-0.229,0.112,0.112
1927.625,-0.253,0.088,0.088
1927.709,-0.147,0.194,0.194
1927.792,-0.041,0.300,0.300
1927.875,-0.133,0.208,0.208
1927.959,-0.375,-0.034,-0.034
1928.042,-0.079,0.262,0.262
1928.125,-0.170,0.171,0.171
1928.209,-0.355,-0.014,-0.014
1928.292,-0.301,0.040,0.040
1928.375,-0.336,0.005,0.005
1928.459,-0.375,-0.034,-0.034
1928.542,-0.231,0.110,0.110
1928.625,-0.243,0.098,0.098
1928.709,-0.254,0.087,0.087
1928.792,-0.214,0.127,0.127
1928.875,-0.182,0.159,0.159
1928.959,-0.258,0.083,0.083
1929.042,-0.514,-0.173,-0.173
1929.125,-0.638,-0.297,-0.297
1929.209,-0.475,-0.134,-0.134
1929.292,-0.450,-0.109,-0.109
1929.375,-0.454,-0.113,-0.113
1929.459,-0.435,-0.094,-0.094
1929.542,-0.438,-0.097,-0.097
1929.625,-0.321,0.020,0.020
1929.709,-0.286,0.055,0.055
1929.792,-0.210,0.131,0.131
1929.875,-0.160,0.181,0.181
1929.959,-0.604,-0.263,-0.263
1930.042,-0.377,-0.036,-0.036
1930.125,-0.366,-0.025,-0.025
1930.209,-0.233,0.108,0.108
1930.292,-0.262,0.079,0.079
1930.375,-0.284,0.057,0.057
1930.459,-0.240,0.101,0.101
1930.542,-0.221,0.120,0.120
1930.625,-0.154,0.187,0.187
1930.709,-0.155,0.186,0.186
1930.792,-0.116,0.225,0.225
1930.875,0.084,0.425,0.425
1930.959,-0.098,0.243,0.243
1931.042,-0.161,0.180,0.180
1931.125,-0.285,0.056,0.056
1931.209,-0.166,0.175,0.175
1931.292,-0.223,0.118,0.118
1931.375,-0.228,0.113,0.113
1931.459,-0.077,0.264,0.264
1931.542,-0.062,0.279,0.279
1931.625,-0.055,0.286,0.286
1931.709,-0.083,0.258,0.258
1931.792,-0.023,0.318,0.318
1931.875,-0.133,0.208,0.208
1931.959,-0.137,0.204,0.204
1932.042,0.049,0.390,0.390
1932.125,-0.246,0.095,0.095
1932.209,-0.268,0.073,0.073
1932.292,-0.087,0.254,0.254
1932.375,-0.209,0.132,0.132
1932.459,-0.297,0.044,0.044
1932.542,-0.221,0.120,0.120
1932.625,-0.246,0.095,0.095
1932.709,-0.080,0.261,0.261
1932.792,-0.134,0.207,0.207
1932.875,-0.327,0.014,0.014
1932.959,-0.303,0.038,0.038
1933.042,-0.340,0.001,0.001
1933.125,-0.375,-0.034,-0.034
1933.209,-0.412,-0.071,-0.071
1933.292,-0.306,0.035,0.035
1933.375,-0.327,0.014,0.014
1933.459,-0.367,-0.026,-0.026
1933.542,-0.285,0.056,0.056
1933.625,-0.232,0.109,0.109
1933.709,-0.345,-0.004,-0.004
1933.792,-0.265,0.076,0.076
1933.875,-0.378,-0.037,-0.037
1933.959,-0.534,-0.193,-0.193
1934.042,-0.333,0.008,0.008
1934.125,-0.148,0.193,0.193
1934.209,-0.445,-0.104,-0.104
1934.292,-0.372,-0.031,-0.031
1934.375,-0.173,0.168,0.168
1934.459,-0.143,0.198,0.198
1934.542,-0.170,0.171,0.171
1934.625,-0.147,0.194,0.194
1934.709,-0.181,0.160,0.160
1934.792,-0.098,0.243,0.243
1934.875,-0.008,0.333,0.333
1934.959,-0.117,0.224,0.224
1935.042,-0.401,-0.060,-0.060
1935.125,0.049,0.390,0.390
1935.209,-0.251,0.090,0.090
1935.292,-0.362,-0.021,-0.021
1935.375,-0.341,0.000,0.000
1935.459,-0.265,0.076,0.076
1935.542,-0.221,0.120,0.120
1935.625,-0.228,0.113,0.113
1935.709,-0.226,0.115,0.115
1935.792,-0.096,0.245,0.245
1935.875,-0.355,-0.014,-0.014
1935.959,-0.264,0.077,0.077
1936.042,-0.387,-0.046,-0.046
1936.125,-0.400,-0.059,-0.059
1936.209,-0.345,-0.004,-0.004
1936.292,-0.230,0.111,0.111
1936.375,-0.218,0.123,0.123
1936.459,-0.201,0.140,0.140
1936.542,-0.115,0.226,0.226
1936.625,-0.134,0.207,0.207
1936.709,-0.139,0.202,0.202
1936.792,-0.048,0.293,0.293
1936.875,-0.070,0.271,0.271
1936.959,-0.083,0.258,0.258
1937.042,-0.184,0.157,0.157
1937.125,-0.015,0.326,0.326
1937.209,-0.302,0.039,0.039
1937.292,-0.172,0.169,0.169
1937.375,-0.111,0.230,0.230
1937.459,-0.043,0.298,0.298
1937.542,-0.043,0.298,0.298
1937.625,0.001,0.342,0.342
1937.709,0.079,0.420,0.420
1937.792,0.075,0.416,0.416
1937.875,0.031,0.372,0.372
1937.959,-0.129,0.212,0.212
1938.042,-0.011,0.330,0.330
1938.125,-0.044,0.297,0.297
1938.209,-0.052,0.289,0.289
1938.292,-0.006,0.335,0.335
1938.375,-0.152,0.189,0.189
1938.459,-0.164,0.177,0.177
1938.542,-0.119,0.222,0.222
1938.625,-0.081,0.260,0.260
1938.709,-0.033,0.308,0.308
1938.792,0.098,0.439,0.439
1938.875,0.009,0.350,0.350
1938.959,-0.244,0.097,0.097
1939.042,-0.162,0.179,0.179
1939.125,-0.154,0.187,0.187
1939.209,-0.321,0.020,0.020
1939.292,-0.144,0.197,0.197
1939.375,-0.066,0.275,0.275
1939.459,-0.061,0.280,0.280
1939.542,-0.083,0.258,0.258
1939.625,-0.073,0.268,0.268
1939.709,-0.061,0.280,0.280
1939.792,-0.116,0.225,0.225
1939.875,-0.005,0.336,0.336
1939.959,0.341,0.682,0.682
1940.042,-0.083,0.258,0.258
1940.125,0.035,0.376,0.376
1940.209,-0.061,0.280,0.280
1940.292,0.106,0.447,0.447
1940.375,0.015,0.356,0.356
1940.459,0.032,0.373,0.373
1940.542,0.079,0.420,0.420
1940.625,0.045,0.386,0.386
1940.709,0.080,0.421,0.421
1940.792,0.060,0.401,0.401
1940.875,0.029,0.370,0.370
1940.959,0.207,0.548,0.548
1941.042,0.018,0.359,0.359
1941.125,0.161,0.502,0.502
1941.209,-0.074,0.267,0.267
1941.292,0.065,0.406,0.406
1941.375,0.061,0.402,0.402
1941.459,0.078,0.419,0.419
1941.542,0.140,0.481,0.481
1941.625,0.053,0.394,0.394
1941.709,-0.084,0.257,0.257
1941.792,0.255,0.596,0.596
1941.875,0.078,0.419,0.419
1941.959,0.110,0.451,0.451
1942.042,0.215,0.556,0.556
1942.125,-0.043,0.298,0.298
1942.209,-0.043,0.298,0.298
1942.292,-0.011,0.330,0.330
1942.375,0.047,0.388,0.388
1942.459,0.027,0.368,0.368
1942.542,-0.065,0.276,0.276
1942.625,-0.085,0.256,0.256
1942.709,-0.062,0.279,0.279
1942.792,-0.054,0.287,0.287
1942.875,-0.035,0.306,0.306
1942.959,-0.014,0.327,0.327
1943.042,-0.149,0.192,0.192
1943.125,0.011,0.352,0.352
1943.209,-0.164,0.177,0.177
1943.292,0.018,0.359,0.359
1943.375,0.007,0.348,0.348
1943.459,-0.082,0.259,0.259
1943.542,0.003,0.344,0.344
1943.625,0.010,0.351,0.351
1943.709,-0.009,0.332,0.332
1943.792,0.208,0.549,0.549
1943.875,0.108,0.449,0.449
1943.959,0.150,0.491,0.491
1944.042,0.288,0.629,0.629
1944.125,0.147,0.488,0.488
1944.209,0.149,0.490,0.490
1944.292,0.087,0.428,0.428
1944.375,0.114,0.455,0.455
1944.459,0.110,0.451,0.451
1944.542,0.152,0.493,0.493
1944.625,0.169,0.510,0.510
1944.709,0.200,0.541,0.541
1944.792,0.205,0.546,0.546
1944.875,0.046,0.387,0.387
1944.959,0.031,0.372,0.372
1945.042,0.039,0.380,0.380
1945.125,-0.048,0.293,0.293
1945.209,-0.028,0.313,0.313
1945.292,0.152,0.493,0.493
1945.375,-0.027,0.314,0.314
1945.459,-0.021,0.320,0.320
1945.542,-0.017,0.324,0.324
1945.625,0.228,0.569,0.569
1945.709,0.116,0.457,0.457
1945.792,0.145,0.486,0.486
1945.875,0.015,0.356,0.356
1945.959,-0.173,0.168,0.168
1946.042,0.069,0.410,0.410
1946.125,-0.080,0.261,0.261
1946.209,-0.115,0.226,0.226
1946.292,0.018,0.359,0.359
1946.375,-0.129,0.212,0.212
1946.459,-0.273,0.068,0.068
1946.542,-0.142,0.199,0.199
1946.625,-0.210,0.131,0.131
1946.709,-0.125,0.216,0.216
1946.792,-0.080,0.261,0.261
1946.875,-0.130,0.211,0.211
1946.959,-0.384,-0.043,-0.043
1947.042,-0.193,0.148,0.148
1947.125,-0.152,0.189,0.189
1947.209,-0.084,0.257,0.257
1947.292,-0.033,0.308,0.308
1947.375,-0.109,0.232,0.232
1947.459,-0.084,0.257,0.257
1947.542,-0.103,0.238,0.238
1947.625,-0.142,0.199,0.199
1947.709,-0.175,0.166,0.166
1947.792,0.007,0.348,0.348
1947.875,-0.026,0.315,0.315
1947.959,-0.220,0.121,0.121
1948.042,-0.022,0.319,0.319
1948.125,-0.230,0.111,0.111
1948.209,-0.326,0.015,0.015
1948.292,-0.165,0.176,0.176
1948.375,-0.017,0.324,0.324
1948.459,-0.059,0.282,0.282
1948.542,-0.163,0.178,0.178
1948.625,-0.116,0.225,0.225
1948.709,-0.182,0.159,0.159
1948.792,-0.092,0.249,0.249
1948.875,-0.181,0.160,0.160
1948.959,-0.327,0.014,0.014
1949.042,-0.013,0.328,0.328
1949.125,-0.257,0.084,0.084
1949.209,-0.166,0.175,0.175
1949.292,-0.156,0.185,0.185
1949.375,-0.153,0.188,0.188
1949.459,-0.277,0.064,0.064
1949.542,-0.201,0.140,0.140
1949.625,-0.147,0.194,0.194
1949.709,-0.185,0.156,0.156
1949.792,-0.114,0.227,0.227
1949.875,-0.178,0.163,0.163
1949.959,-0.249,0.092,0.092
1950.042,-0.345,-0.004,-0.004
1950.125,-0.375,-0.034,-0.034
1950.209,-0.237,0.104,0.104
1950.292,-0.275,0.066,0.066
1950.375,-0.175,0.166,0.166
1950.459,-0.120,0.221,0.221
1950.542,-0.144,0.197,0.197
1950.625,-0.213,0.128,0.128
1950.709,-0.217,0.124,0.124
1950.792,-0.232,0.109,0.109
1950.875,-0.406,-0.065,-0.065
1950.959,-0.289,0.052,0.052
1951.042,-0.416,-0.075,-0.075
1951.125,-0.512,-0.171,-0.171
1951.209,-0.299,0.042,0.042
1951.292,-0.164,0.177,0.177
1951.375,-0.021,0.320,0.320
1951.459,-0.011,0.330,0.330
1951.542,-0.021,0.320,0.320
1951.625,0.070,0.411,0.411
1951.709,0.065,0.406,0.406
1951.792,0.084,0.425,0.425
1951.875,-0.067,0.274,0.274
1951.959,0.078,0.419,0.419
1952.042,0.054,0.395,0.395
1952.125,0.034,0.375,0.375
1952.209,-0.182,0.159,0.159
1952.292,-0.004,0.337,0.337
1952.375,-0.043,0.298,0.298
1952.459,-0.024,0.317,0.317
1952.542,0.022,0.363,0.363
1952.625,0.018,0.359,0.359
1952.709,0.043,0.384,0.384
1952.792,-0.035,0.306,0.306
1952.875,-0.176,0.165,0.165
1952.959,-0.072,0.269,0.269
1953.042,-0.015,0.326,0.326
1953.125,0.081,0.422,0.422
1953.209,0.010,0.351,0.351
1953.292,0.175,0.516,0.516
1953.375,0.100,0.441,0.441
1953.459,0.109,0.450,0.450
1953.542,0.010,0.351,0.351
1953.625,0.039,0.380,0.380
1953.709,0.039,0.380,0.380
1953.792,0.044,0.385,0.385
1953.875,-0.069,0.272,0.272
1953.959,-0.009,0.332,0.332
1954.042,-0.291,0.050,0.050
1954.125,-0.146,0.195,0.195
1954.209,-0.219,0.122,0.122
1954.292,-0.169,0.172,0.172
1954.375,-0.220,0.121,0.121
1954.459,-0.176,0.165,0.165
1954.542,-0.217,0.124,0.124
1954.625,-0.174,0.167,0.167
1954.709,-0.146,0.195,0.195
1954.792,-0.055,0.286,0.286
1954.875,0.036,0.377,0.377
1954.959,-0.239,0.102,0.102
1955.042,0.066,0.407,0.407
1955.125,-0.223,0.118,0.118
1955.209,-0.427,-0.086,-0.086
1955.292,-0.278,0.063,0.063
1955.375,-0.267,0.074,0.074
1955.459,-0.187,0.154,0.154
1955.542,-0.199,0.142,0.142
1955.625,-0.064,0.277,0.277
1955.709,-0.169,0.172,0.172
1955.792,-0.139,0.202,0.202
1955.875,-0.326,0.015,0.015
1955.959,-0.373,-0.032,-0.032
1956.042,-0.238,0.103,0.103
1956.125,-0.314,0.027,0.027
1956.209,-0.355,-0.014,-0.014
1956.292,-0.342,-0.001,-0.001
1956.375,-0.357,-0.016,-0.016
1956.459,-0.224,0.117,0.117
1956.542,-0.196,0.145,0.145
1956.625,-0.302,0.039,0.039
1956.709,-0.282,0.059,0.059
1956.792,-0.289,0.052,0.052
1956.875,-0.228,0.113,0.113
1956.959,-0.184,0.157,0.157
1957.042,-0.214,0.127,0.127
1957.125,-0.159,0.182,0.182
1957.209,-0.201,0.140,0.140
1957.292,-0.085,0.256,0.256
1957.375,0.019,0.360,0.360
1957.459,0.076,0.417,0.417
1957.542,-0.049,0.292,0.292
1957.625,0.074,0.415,0.415
1957.709,0.041,0.382,0.382
1957.792,-0.021,0.320,0.320
1957.875,0.001,0.342,0.342
1957.959,0.052,0.393,0.393
1958.042,0.252,0.593,0.593
1958.125,0.106,0.447,0.447
1958.209,-0.018,0.323,0.323
1958.292,-0.076,0.265,0.265
1958.375,-0.021,0.320,0.320
1958.459,-0.123,0.218,0.218
1958.542,-0.027,0.314,0.314
1958.625,-0.080,0.261,0.261
1958.709,-0.102,0.239,0.239
1958.792,-0.020,0.321,0.321
1958.875,-0.038,0.303,0.303
1958.959,-0.056,0.285,0.285
1959.042,0.004,0.345,0.345
1959.125,-0.035,0.306,0.306
1959.209,0.013,0.354,0.354
1959.292,0.033,0.374,0.374
1959.375,-0.050,0.291,0.291
1959.459,-0.007,0.334,0.334
1959.542,-0.035,0.306,0.306
1959.625,-0.056,0.285,0.285
1959.709,-0.112,0.229,0.229
1959.792,-0.091,0.250,0.250
1959.875,-0.179,0.162,0.162
1959.959,-0.109,0.232,0.232
1960.042,-0.107,0.234,0.234
1960.125,0.040,0.381,0.381
1960.209,-0.435,-0.094,-0.094
1960.292,-0.243,0.098,0.098
1960.375,-0.169,0.172,0.172
1960.459,-0.089,0.252,0.252
1960.542,-0.105,0.236,0.236
1960.625,-0.012,0.329,0.329
1960.709,0.008,0.349,0.349
1960.792,-0.018,0.323,0.323
1960.875,-0.192,0.149,0.149
1960.959,0.098,0.439,0.439
1961.042,-0.043,0.298,0.298
1961.125,0.071,0.412,0.412
1961.209,-0.056,0.285,0.285
1961.292,0.038,0.379,0.379
1961.375,0.046,0.387,0.387
1961.459,0.057,0.398,0.398
1961.542,-0.037,0.304,0.304
1961.625,-0.034,0.307,0.307
1961.709,-0.027,0.314,0.314
1961.792,-0.078,0.263,0.263
1961.875,-0.048,0.293,0.293
1961.959,-0.227,0.114,0.114
1962.042,-0.044,0.297,0.297
1962.125,0.031,0.372,0.372
1962.209,-0.005,0.336,0.336
1962.292,-0.042,0.299,0.299
1962.375,-0.154,0.187,0.187
1962.459,-0.056,0.285,0.285
1962.542,-0.073,0.268,0.268
1962.625,-0.087,0.254,0.254
1962.709,-0.061,0.280,0.280
1962.792,-0.026,0.315,0.315
1962.875,-0.025,0.316,0.316
1962.959,-0.100,0.241,0.241
1963.042,-0.106,0.235,0.235
1963.125,0.076,0.417,0.417
1963.209,-0.289,0.052,0.052
1963.292,-0.157,0.184,0.184
1963.375,-0.148,0.193,0.193
1963.459,-0.062,0.279,0.279
1963.542,0.020,0.361,0.361
1963.625,0.142,0.483,0.483
1963.709,0.108,0.449,0.449
1963.792,0.093,0.434,0.434
1963.875,0.064,0.405,0.405
1963.959,-0.073,0.268,0.268
1964.042,-0.175,0.166,0.166
1964.125,-0.214,0.127,0.127
1964.209,-0.363,-0.022,-0.022
1964.292,-0.415,-0.074,-0.074
1964.375,-0.324,0.017,0.017
1964.459,-0.149,0.192,0.192
1964.542,-0.151,0.190,0.190
1964.625,-0.297,0.044,0.044
1964.709,-0.367,-0.026,-0.026
1964.792,-0.337,0.004,0.004
1964.875,-0.308,0.033,0.033
1964.959,-0.379,-0.038,-0.038
1965.042,-0.177,0.164,0.164
1965.125,-0.285,0.056,0.056
1965.209,-0.263,0.078,0.078
1965.292,-0.310,0.031,0.031
1965.375,-0.190,0.151,0.151
1965.459,-0.166,0.175,0.175
1965.542,-0.220,0.121,0.121
1965.625,-0.149,0.192,0.192
1965.709,-0.202,0.139,0.139
1965.792,-0.098,0.243,0.243
1965.875,-0.146,0.195,0.195
1965.959,-0.142,0.199,0.199
1966.042,-0.259,0.082,0.082
1966.125,-0.156,0.185,0.185
1966.209,-0.154,0.187,0.187
1966.292,-0.182,0.159,0.159
1966.375,-0.207,0.134,0.134
1966.459,-0.073,0.268,0.268
1966.542,0.000,0.341,0.341
1966.625,-0.103,0.238,0.238
1966.709,-0.083,0.258,0.258
1966.792,-0.195,0.146,0.146
1966.875,-0.101,0.240,0.240
1966.959,-0.147,0.194,0.194
1967.042,-0.213,0.128,0.128
1967.125,-0.324,0.017,0.017
1967.209,-0.103,0.238,0.238
1967.292,-0.136,0.205,0.205
1967.375,0.050,0.391,0.391
1967.459,-0.117,0.224,0.224
1967.542,-0.059,0.282,0.282
1967.625,-0.085,0.256,0.256
1967.709,-0.117,0.224,0.224
1967.792,0.006,0.347,0.347
1967.875,-0.108,0.233,0.233
1967.959,-0.147,0.194,0.194
1968.042,-0.329,0.012,0.012
1968.125,-0.251,0.090,0.090
1968.209,0.011,0.352,0.352
1968.292,-0.178,0.163,0.163
1968.375,-0.223,0.118,0.118
1968.459,-0.156,0.185,0.185
1968.542,-0.190,0.151,0.151
1968.625,-0.138,0.203,0.203
1968.709,-0.213,0.128,0.128
1968.792,0.000,0.341,0.341
1968.875,-0.114,0.227,0.227
1968.959,-0.183,0.158,0.158
1969.042,-0.182,0.159,0.159
1969.125,-0.218,0.123,0.123
1969.209,-0.108,0.233,0.233
1969.292,0.045,0.386,0.386
1969.375,0.073,0.414,0.414
1969.459,-0.005,0.336,0.336
1969.542,-0.096,0.245,0.245
1969.625,-0.054,0.287,0.287
1969.709,-0.016,0.325,0.325
1969.792,0.008,0.349,0.349
1969.875,0.049,0.390,0.390
1969.959,0.155,0.496,0.496
1970.042,0.006,0.347,0.347
1970.125,0.087,0.428,0.428
1970.209,-0.093,0.248,0.248
1970.292,-0.049,0.292,0.292
1970.375,-0.119,0.222,0.222
1970.459,-0.105,0.236,0.236
1970.542,-0.082,0.259,0.259
1970.625,-0.160,0.181,0.181
1970.709,-0.015,0.326,0.326
1970.792,-0.064,0.277,0.277
1970.875,-0.067,0.274,0.274
1970.959,-0.209,0.132,0.132
1971.042,-0.136,0.205,0.205
1971.125,-0.287,0.054,0.054
1971.209,-0.322,0.019,0.019
1971.292,-0.215,0.126,0.126
1971.375,-0.193,0.148,0.148
1971.459,-0.233,0.108,0.108
1971.542,-0.167,0.174,0.174
1971.625,-0.154,0.187,0.187
1971.709,-0.129,0.212,0.212
1971.792,-0.147,0.194,0.194
1971.875,-0.134,0.207,0.207
1971.959,-0.210,0.131,0.131
1972.042,-0.371,-0.030,-0.030
1972.125,-0.286,0.055,0.055
1972.209,-0.137,0.204,0.204
1972.292,-0.097,0.244,0.244
1972.375,-0.099,0.242,0.242
1972.459,-0.033,0.308,0.308
1972.542,-0.076,0.265,0.265
1972.625,0.056,0.397,0.397
1972.709,-0.064,0.277,0.277
1972.792,-0.032,0.309,0.309
1972.875,-0.049,0.292,0.292
1972.959,0.101,0.442,0.442
1973.042,0.128,0.469,0.469
1973.125,0.193,0.534,0.534
1973.209,0.138,0.479,0.479
1973.292,0.172,0.513,0.513
1973.375,0.116,0.457,0.457
1973.459,0.103,0.444,0.444
1973.542,0.022,0.363,0.363
1973.625,-0.021,0.320,0.320
1973.709,-0.015,0.326,0.326
1973.792,0.007,0.348,0.348
1973.875,-0.042,0.299,0.299
1973.959,-0.130,0.211,0.211
1974.042,-0.283,0.058,0.058
1974.125,-0.412,-0.071,-0.071
1974.209,-0.223,0.118,0.118
1974.292,-0.206,0.135,0.135
1974.375,-0.138,0.203,0.203
1974.459,-0.116,0.225,0.225
1974.542,-0.113,0.228,0.228
1974.625,0.018,0.359,0.359
1974.709,-0.115,0.226,0.226
1974.792,-0.130,0.211,0.211
1974.875,-0.144,0.197,0.197
1974.959,-0.208,0.133,0.133
1975.042,-0.058,0.283,0.283
1975.125,-0.036,0.305,0.305
1975.209,-0.022,0.319,0.319
1975.292,-0.050,0.291,0.291
1975.375,0.031,0.372,0.372
1975.459,-0.072,0.269,0.269
1975.542,-0.097,0.244,0.244
1975.625,-0.223,0.118,0.118
1975.709,-0.116,0.225,0.225
1975.792,-0.178,0.163,0.163
1975.875,-0.264,0.077,0.077
1975.959,-0.256,0.085,0.085
1976.042,-0.162,0.179,0.179
1976.125,-0.227,0.114,0.114
1976.209,-0.362,-0.021,-0.021
1976.292,-0.174,0.167,0.167
1976.375,-0.334,0.007,0.007
1976.459,-0.223,0.118,0.118
1976.542,-0.167,0.174,0.174
1976.625,-0.216,0.125,0.125
1976.709,-0.143,0.198,0.198
1976.792,-0.305,0.036,0.036
1976.875,-0.132,0.209,0.209
1976.959,-0.013,0.328,0.328
1977.042,0.099,0.440,0.440
1977.125,0.112,0.453,0.453
1977.209,0.093,0.434,0.434
1977.292,0.153,0.494,0.494
1977.375,0.199,0.540,0.540
1977.459,0.197,0.538,0.538
1977.542,0.112,0.453,0.453
1977.625,0.105,0.446,0.446
1977.709,0.006,0.347,0.347
1977.792,-0.005,0.336,0.336
1977.875,0.118,0.459,0.459
1977.959,-0.047,0.294,0.294
1978.042,0.012,0.353,0.353
1978.125,0.042,0.383,0.383
1978.209,0.057,0.398,0.398
1978.292,0.041,0.382,0.382
1978.375,-0.002,0.339,0.339
1978.459,-0.067,0.274,0.274
1978.542,-0.017,0.324,0.324
1978.625,-0.194,0.147,0.147
1978.709,0.014,0.355,0.355
1978.792,-0.048,0.293,0.293
1978.875,0.079,0.420,0.420
1978.959,0.000,0.341,0.341
1979.042,0.031,0.372,0.372
1979.125,-0.164,0.177,0.177
1979.209,0.055,0.396,0.396
1979.292,0.046,0.387,0.387
1979.375,-0.030,0.311,0.311
1979.459,0.049,0.390,0.390
1979.542,0.003,0.344,0.344
1979.625,0.096,0.437,0.437
1979.709,0.156,0.497,0.497
1979.792,0.167,0.508,0.508
1979.875,0.195,0.536,0.536
1979.959,0.379,0.720,0.720
1980.042,0.218,0.559,0.559
1980.125,0.316,0.657,0.657
1980.209,0.175,0.516,0.516
1980.292,0.216,0.557,0.557
1980.375,0.233,0.574,0.574
1980.459,0.118,0.459,0.459
1980.542,0.165,0.506,0.506
1980.625,0.128,0.469,0.469
1980.709,0.115,0.456,0.456
1980.792,0.078,0.419,0.419
1980.875,0.210,0.551,0.551
1980.959,0.114,0.455,0.455
1981.042,0.420,0.761,0.761
1981.125,0.302,0.643,0.643
1981.209,0.312,0.653,0.653
1981.292,0.198,0.539,0.539
1981.375,0.137,0.478,0.478
1981.459,0.220,0.561,0.561
1981.542,0.235,0.576,0.576
1981.625,0.258,0.599,0.599
1981.709,0.103,0.444,0.444
1981.792,0.054,0.395,0.395
1981.875,0.155,0.496,0.496
1981.959,0.338,0.679,0.679
1982.042,-0.019,0.322,0.322
1982.125,0.061,0.402,0.402
1982.209,-0.119,0.222,0.222
1982.292,0.033,0.374,0.374
1982.375,0.077,0.418,0.418
1982.459,0.002,0.343,0.343
1982.542,0.056,0.397,0.397
1982.625,-0.027,0.314,0.314
1982.709,0.053,0.394,0.394
1982.792,0.062,0.403,0.403
1982.875,0.051,0.392,0.392
1982.959,0.294,0.635,0.635
1983.042,0.386,0.727,0.727
1983.125,0.329,0.670,0.670
1983.209,0.251,0.592,0.592
1983.292,0.169,0.510,0.510
1983.375,0.213,0.554,0.554
1983.459,0.160,0.501,0.501
1983.542,0.124,0.465,0.465
1983.625,0.266,0.607,0.607
1983.709,0.293,0.634,0.634
1983.792,0.108,0.449,0.449
1983.875,0.252,0.593,0.593
1983.959,0.098,0.439,0.439
1984.042,0.166,0.507,0.507
1984.125,0.021,0.362,0.362
1984.209,0.128,0.469,0.469
1984.292,-0.004,0.337,0.337
1984.375,0.209,0.550,0.550
1984.459,-0.030,0.311,0.311
1984.542,0.031,0.372,0.372
1984.625,0.095,0.436,0.436
1984.709,0.121,0.462,0.462
1984.792,0.033,0.374,0.374
1984.875,-0.045,0.296,0.296
1984.959,-0.167,0.174,0.174
1985.042,0.118,0.459,0.459
1985.125,-0.098,0.243,0.243
1985.209,0.031,0.372,0.372
1985.292,0.001,0.342,0.342
1985.375,0.051,0.392,0.392
1985.459,0.073,0.414,0.414
1985.542,-0.042,0.299,0.299
1985.625,0.092,0.433,0.433
1985.709,0.066,0.407,0.407
1985.792,0.035,0.376,0.376
1985.875,0.002,0.343,0.343
1985.959,0.058,0.399,0.399
1986.042,0.142,0.483,0.483
1986.125,0.260,0.601,0.601
1986.209,0.127,0.468,0.468
1986.292,0.128,0.469,0.469
1986.375,0.111,0.452,0.452
1986.459,0.049,0.390,0.390
1986.542,0.031,0.372,0.372
1986.625,0.080,0.421,0.421
1986.709,0.012,0.353,0.353
1986.792,0.081,0.422,0.422
1986.875,0.031,0.372,0.372
1986.959,0.042,0.383,0.383
1987.042,0.202,0.543,0.543
1987.125,0.321,0.662,0.662
1987.209,0.077,0.418,0.418
1987.292,0.157,0.498,0.498
1987.375,0.165,0.506,0.506
1987.459,0.244,0.585,0.585
1987.542,0.330,0.671,0.671
1987.625,0.207,0.548,0.548
1987.709,0.272,0.613,0.613
1987.792,0.248,0.589,0.589
1987.875,0.201,0.542,0.542
1987.959,0.370,0.711,0.711
1988.042,0.439,0.780,0.780
1988.125,0.322,0.663,0.663
1988.209,0.365,0.706,0.706
1988.292,0.318,0.659,0.659
1988.375,0.305,0.646,0.646
1988.459,0.315,0.656,0.656
1988.542,0.237,0.578,0.578
1988.625,0.257,0.598,0.598
1988.709,0.265,0.606,0.606
1988.792,0.255,0.596,0.596
1988.875,0.049,0.390,0.390
1988.959,0.181,0.522,0.522
1989.042,-0.012,0.329,0.329
1989.125,0.210,0.551,0.551
1989.209,0.185,0.526,0.526
1989.292,0.156,0.497,0.497
1989.375,0.061,0.402,0.402
1989.459,0.099,0.440,0.440
1989.542,0.243,0.584,0.584
1989.625,0.232,0.573,0.573
1989.709,0.260,0.601,0.601
1989.792,0.230,0.571,0.571
1989.875,0.103,0.444,0.444
1989.959,0.278,0.619,0.619
1990.042,0.270,0.611,0.611
1990.125,0.286,0.627,0.627
1990.209,0.620,0.961,0.961
1990.292,0.462,0.803,0.803
1990.375,0.361,0.702,0.702
1990.459,0.303,0.644,0.644
1990.542,0.353,0.694,0.694
1990.625,0.256,0.597,0.597
1990.709,0.193,0.534,0.534
1990.792,0.376,0.717,0.717
1990.875,0.358,0.699,0.699
1990.959,0.289,0.630,0.630
1991.042,0.307,0.648,0.648
1991.125,0.377,0.718,0.718
1991.209,0.223,0.564,0.564
1991.292,0.414,0.755,0.755
1991.375,0.284,0.625,0.625
1991.459,0.420,0.761,0.761
1991.542,0.410,0.751,0.751
1991.625,0.328,0.669,0.669
1991.709,0.323,0.664,0.664
1991.792,0.222,0.563,0.563
1991.875,0.226,0.567,0.567
1991.959,0.210,0.551,0.551
1992.042,0.358,0.699,0.699
1992.125,0.312,0.653,0.653
1992.209,0.308,0.649,0.649
1992.292,0.163,0.504,0.504
1992.375,0.186,0.527,0.527
1992.459,0.159,0.500,0.500
1992.542,-0.005,0.336,0.336
1992.625,0.018,0.359,0.359
1992.709,-0.087,0.254,0.254
1992.792,-0.025,0.316,0.316
1992.875,-0.048,0.293,0.293
1992.959,0.106,0.447,0.447
1993.042,0.259,0.600,0.600
1993.125,0.272,0.613,0.613
1993.209,0.237,0.578,0.578
1993.292,0.179,0.520,0.520
1993.375,0.200,0.541,0.541
1993.459,0.178,0.519,0.519
1993.542,0.155,0.496,0.496
1993.625,0.080,0.421,0.421
1993.709,0.062,0.403,0.403
1993.792,0.152,0.493,0.493
1993.875,0.014,0.355,0.355
1993.959,0.120,0.461,0.461
1994.042,0.166,0.507,0.507
1994.125,-0.026,0.315,0.315
1994.209,0.207,0.548,0.548
1994.292,0.268,0.609,0.609
1994.375,0.221,0.562,0.562
1994.459,0.332,0.673,0.673
1994.542,0.201,0.542,0.542
1994.625,0.170,0.511,0.511
1994.709,0.254,0.595,0.595
1994.792,0.350,0.691,0.691
1994.875,0.356,0.697,0.697
1994.959,0.260,0.601,0.601
1995.042,0.418,0.759,0.759
1995.125,0.646,0.987,0.987
1995.209,0.340,0.681,0.681
1995.292,0.379,0.720,0.720
1995.375,0.225,0.566,0.566
1995.459,0.364,0.705,0.705
1995.542,0.397,0.738,0.738
1995.625,0.385,0.726,0.726
1995.709,0.271,0.612,0.612
1995.792,0.380,0.721,0.721
1995.875,0.364,0.705,0.705
1995.959,0.175,0.516,0.516
1996.042,0.168,0.509,0.509
1996.125,0.399,0.740,0.740
1996.209,0.239,0.580,0.580
1996.292,0.209,0.550,0.550
1996.375,0.221,0.562,0.562
1996.459,0.196,0.537,0.537
1996.542,0.296,0.637,0.637
1996.625,0.341,0.682,0.682
1996.709,0.191,0.532,0.532
1996.792,0.133,0.474,0.474
1996.875,0.279,0.620,0.620
1996.959,0.291,0.632,0.632
1997.042,0.225,0.566,0.566
1997.125,0.302,0.643,0.643
1997.209,0.380,0.721,0.721
1997.292,0.315,0.656,0.656
1997.375,0.280,0.621,0.621
1997.459,0.478,0.819,0.819
1997.542,0.332,0.673,0.673
1997.625,0.395,0.736,0.736
1997.709,0.461,0.802,0.802
1997.792,0.557,0.898,0.898
1997.875,0.562,0.903,0.903
1997.959,0.507,0.848,0.848
1998.042,0.503,0.844,0.844
1998.125,0.761,1.102,1.102
1998.209,0.541,0.882,0.882
1998.292,0.616,0.957,0.957
1998.375,0.602,0.943,0.943
1998.459,0.666,1.007,1.007
1998.542,0.634,0.975,0.975
1998.625,0.618,0.959,0.959
1998.709,0.392,0.733,0.733
1998.792,0.384,0.725,0.725
1998.875,0.362,0.703,0.703
1998.959,0.478,0.819,0.819
1999.042,0.379,0.720,0.720
1999.125,0.569,0.910,0.910
1999.209,0.233,0.574,0.574
1999.292,0.277,0.618,0.618
1999.375,0.226,0.567,0.567
1999.459,0.308,0.649,0.649
1999.542,0.291,0.632,0.632
1999.625,0.260,0.601,0.601
1999.709,0.278,0.619,0.619
1999.792,0.275,0.616,0.616
1999.875,0.277,0.618,0.618
1999.959,0.335,0.676,0.676
2000.042,0.179,0.520,0.520
2000.125,0.462,0.803,0.803
2000.209,0.415,0.756,0.756
2000.292,0.495,0.836,0.836
2000.375,0.276,0.617,0.617
2000.459,0.324,0.665,0.665
2000.542,0.308,0.649,0.649
2000.625,0.351,0.692,0.692
2000.709,0.316,0.657,0.657
2000.792,0.201,0.542,0.542
2000.875,0.228,0.569,0.569
2000.959,0.197,0.538,0.538
2001.042,0.358,0.699,0.699
2001.125,0.349,0.690,0.690
2001.209,0.478,0.819,0.819
2001.292,0.439,0.780,0.780
2001.375,0.470,0.811,0.811
2001.459,0.436,0.777,0.777
2001.542,0.494,0.835,0.835
2001.625,0.475,0.816,0.816
2001.709,0.458,0.799,0.799
2001.792,0.440,0.781,0.781
2001.875,0.655,0.996,0.996
2001.959,0.492,0.833,0.833
2002.042,0.632,0.973,0.973
2002.125,0.646,0.987,0.987
2002.209,0.743,1.084,1.084
2002.292,0.505,0.846,0.846
2002.375,0.500,0.841,0.841
2002.459,0.467,0.808,0.808
2002.542,0.550,0.891,0.891
2002.625,0.474,0.815,0.815
2002.709,0.500,0.841,0.841
2002.792,0.472,0.813,0.813
2002.875,0.496,0.837,0.837
2002.959,0.361,0.702,0.702
2003.042,0.638,0.979,0.979
2003.125,0.475,0.816,0.816
2003.209,0.464,0.805,0.805
2003.292,0.462,0.803,0.803
2003.375,0.503,0.844,0.844
2003.459,0.418,0.759,0.759
2003.542,0.487,0.828,0.828
2003.625,0.590,0.931,0.931
2003.709,0.564,0.905,0.905
2003.792,0.658,0.999,0.999
2003.875,0.478,0.819,0.819
2003.959,0.648,0.989,0.989
2004.042,0.499,0.840,0.840
2004.125,0.621,0.962,0.962
2004.209,0.518,0.859,0.859
2004.292,0.512,0.853,0.853
2004.375,0.325,0.666,0.666
2004.459,0.334,0.675,0.675
2004.542,0.258,0.599,0.599
2004.625,0.431,0.772,0.772
2004.709,0.447,0.788,0.788
2004.792,0.530,0.871,0.871
2004.875,0.644,0.985,0.985
2004.959,0.407,0.748,0.748
2005.042,0.616,0.957,0.957
2005.125,0.495,0.836,0.836
2005.209,0.618,0.959,0.959
2005.292,0.606,0.947,0.947
2005.375,0.533,0.874,0.874
2005.459,0.558,0.899,0.899
2005.542,0.539,0.880,0.880
2005.625,0.553,0.894,0.894
2005.709,0.620,0.961,0.961
2005.792,0.660,1.001,1.001
2005.875,0.639,0.980,0.980
2005.959,0.574,0.915,0.915
2006.042,0.456,0.797,0.797
2006.125,0.624,0.965,0.965
2006.209,0.507,0.848,0.848
2006.292,0.429,0.770,0.770
2006.375,0.425,0.766,0.766
2006.459,0.559,0.900,0.900
2006.542,0.468,0.809,0.809
2006.625,0.608,0.949,0.949
2006.709,0.539,0.880,0.880
2006.792,0.604,0.945,0.945
2006.875,0.621,0.962,0.962
2006.959,0.695,1.036,1.036
2007.042,0.870,1.211,1.211
2007.125,0.610,0.951,0.951
2007.209,0.562,0.903,0.903
2007.292,0.672,1.013,1.013
2007.375,0.547,0.888,0.888
2007.459,0.498,0.839,0.839
2007.542,0.529,0.870,0.870
2007.625,0.529,0.870,0.870
2007.709,0.494,0.835,0.835
2007.792,0.519,0.860,0.860
2007.875,0.505,0.846,0.846
2007.959,0.393,0.734,0.734
2008.042,0.185,0.526,0.526
2008.125,0.260,0.601,0.601
2008.209,0.597,0.938,0.938
2008.292,0.418,0.759,0.759
2008.375,0.404,0.745,0.745
2008.459,0.392,0.733,0.733
2008.542,0.519,0.860,0.860
2008.625,0.433,0.774,0.774
2008.709,0.512,0.853,0.853
2008.792,0.585,0.926,0.926
2008.875,0.603,0.944,0.944
2008.959,0.447,0.788,0.788
2009.042,0.546,0.887,0.887
2009.125,0.445,0.786,0.786
2009.209,0.416,0.757,0.757
2009.292,0.508,0.849,0.849
2009.375,0.517,0.858,0.858
2009.459,0.599,0.940,0.940
2009.542,0.649,0.990,0.990
2009.625,0.610,0.951,0.951
2009.709,0.657,0.998,0.998
2009.792,0.593,0.934,0.934
2009.875,0.676,1.017,1.017
2009.959,0.594,0.935,0.935
2010.042,0.663,1.004,1.004
2010.125,0.742,1.083,1.083
2010.209,0.791,1.132,1.132
2010.292,0.779,1.120,1.120
2010.375,0.670,1.011,1.011
2010.459,0.621,0.962,0.962
2010.542,0.589,0.930,0.930
2010.625,0.592,0.933,0.933
2010.709,0.550,0.891,0.891
2010.792,0.612,0.953,0.953
2010.875,0.708,1.049,1.049
2010.959,0.390,0.731,0.731
2011.042,0.419,0.760,0.760
2011.125,0.382,0.723,0.723
2011.209,0.511,0.852,0.852
2011.292,0.551,0.892,0.892
2011.375,0.423,0.764,0.764
2011.459,0.539,0.880,0.880
2011.542,0.609,0.950,0.950
2011.625,0.628,0.969,0.969
2011.709,0.510,0.851,0.851
2011.792,0.558,0.899,0.899
2011.875,0.475,0.816,0.816
2011.959,0.478,0.819,0.819
2012.042,0.357,0.698,0.698
2012.125,0.402,0.743,0.743
2012.209,0.402,0.743,0.743
2012.292,0.610,0.951,0.951
2012.375,0.647,0.988,0.988
2012.459,0.604,0.945,0.945
2012.542,0.536,0.877,0.877
2012.625,0.599,0.940,0.940
2012.709,0.631,0.972,0.972
2012.792,0.696,1.037,1.037
2012.875,0.694,1.035,1.035
2012.959,0.419,0.760,0.760
2013.042,0.572,0.913,0.913
2013.125,0.518,0.859,0.859
2013.209,0.541,0.882,0.882
2013.292,0.498,0.839,0.839
2013.375,0.530,0.871,0.871
2013.459,0.615,0.956,0.956
2013.542,0.553,0.894,0.894
2013.625,0.614,0.955,0.955
2013.709,0.679,1.020,1.020
2013.792,0.618,0.959,0.959
2013.875,0.756,1.097,1.097
2013.959,0.582,0.923,0.923
2014.042,0.636,0.977,0.977
2014.125,0.442,0.783,0.783
2014.209,0.654,0.995,0.995
2014.292,0.706,1.047,1.047
2014.375,0.724,1.065,1.065
2014.459,0.621,0.962,0.962
2014.542,0.559,0.900,0.900
2014.625,0.725,1.066,1.066
2014.709,0.759,1.100,1.100
2014.792,0.722,1.063,1.063
2014.875,0.591,0.932,0.932
2014.959,0.690,1.031,1.031
2015.042,0.732,1.073,1.073
2015.125,0.769,1.110,1.110
2015.209,0.789,1.130,1.130
2015.292,0.683,1.024,1.024
2015.375,0.722,1.063,1.063
2015.459,0.752,1.093,1.093
2015.542,0.699,1.040,1.040
2015.625,0.764,1.105,1.105
2015.709,0.810,1.151,1.151
2015.792,0.993,1.334,1.334
2015.875,0.963,1.304,1.304
2015.959,1.041,1.382,1.382
2016.042,1.065,1.406,1.406
2016.125,1.209,1.550,1.550
2016.209,1.178,1.519,1.519
2016.292,1.014,1.355,1.355
2016.375,0.845,1.186,1.186
2016.459,0.764,1.105,1.105
2016.542,0.779,1.120,1.120
2016.625,0.924,1.265,1.265
2016.709,0.827,1.168,1.168
2016.792,0.799,1.140,1.140
2016.875,0.800,1.141,1.141
2016.959,0.757,1.098,1.098
2017.042,0.911,1.252,1.252
2017.125,1.007,1.348,1.348
2017.209,1.006,1.347,1.347
2017.292,0.830,1.171,1.171
2017.375,0.770,1.111,1.111
2017.459,0.660,1.001,1.001
2017.542,0.767,1.108,1.108
2017.625,0.794,1.135,1.135
2017.709,0.711,1.052,1.052
2017.792,0.780,1.121,1.121
2017.875,0.767,1.108,1.108
2017.959,0.796,1.137,1.137
2018.042,0.687,1.028,1.028
2018.125,0.737,1.078,1.078
2018.209,0.755,1.096,1.096
2018.292,0.779,1.120,1.120
2018.375,0.696,1.037,1.037
2018.459,0.709,1.050,1.050
2018.542,0.727,1.068,1.068
2018.625,0.709,1.050,1.050
2018.709,0.695,1.036,1.036
2018.792,0.876,1.217,1.217
2018.875,0.725,1.066,1.066
2018.959,0.808,1.149,1.149
2019.042,0.808,1.149,1.149
2019.125,0.819,1.160,1.160
2019.209,1.026,1.367,1.367
2019.292,0.908,1.249,1.249
2019.375,0.750,1.091,1.091
2019.459,0.815,1.156,1.156
2019.542,0.837,1.178,1.178
2019.625,0.841,1.182,1.182
2019.709,0.817,1.158,1.158
2019.792,0.936,1.277,1.277
2019.875,0.899,1.240,1.240
2019.959,1.000,1.341,1.341
2020.042,1.050,1.391,1.391
2020.125,1.099,1.440,1.440
2020.208,1.057,1.398,1.398
2020.292,1.016,1.357,1.357
2020.375,0.877,1.218,1.218
2020.458,0.818,1.159,1.159
2020.542,0.810,1.151,1.151
2020.625,0.808,1.149,1.149
2020.708,0.875,1.216,1.216
2020.792,0.789,1.130,1.130
2020.875,0.982,1.323,1.323
2020.958,0.691,1.032,1.032
