date,CRU_anom,,1850-1900
1750.042,0.000,0.000,0.000
1750.125,0.000,0.000,0.000
1750.209,0.000,0.000,0.000
1750.292,0.000,0.000,0.000
1750.375,0.000,0.000,0.000
1750.459,0.000,0.000,0.000
1750.542,0.000,0.000,0.000
1750.625,0.000,0.000,0.000
1750.709,0.000,0.000,0.000
1750.792,0.000,0.000,0.000
1750.875,0.000,0.000,0.000
1750.959,0.000,0.000,0.000
1751.042,0.000,0.000,0.000
1751.125,0.000,0.000,0.000
1751.209,0.000,0.000,0.000
1751.292,0.000,0.000,0.000
1751.375,0.000,0.000,0.000
1751.459,0.000,0.000,0.000
1751.542,0.000,0.000,0.000
1751.625,0.000,0.000,0.000
1751.709,0.000,0.000,0.000
1751.792,0.000,0.000,0.000
1751.875,0.000,0.000,0.000
1751.959,0.000,0.000,0.000
1752.042,0.000,0.000,0.000
1752.125,0.000,0.000,0.000
1752.209,0.000,0.000,0.000
1752.292,0.000,0.000,0.000
1752.375,0.000,0.000,0.000
1752.459,0.000,0.000,0.000
1752.542,0.000,0.000,0.000
1752.625,0.000,0.000,0.000
1752.709,0.000,0.000,0.000
1752.792,0.000,0.000,0.000
1752.875,0.000,0.000,0.000
1752.959,0.000,0.000,0.000
1753.042,0.000,0.000,0.000
1753.125,0.000,0.000,0.000
1753.209,0.000,0.000,0.000
1753.292,0.000,0.000,0.000
1753.375,0.000,0.000,0.000
1753.459,0.000,0.000,0.000
1753.542,0.000,0.000,0.000
1753.625,0.000,0.000,0.000
1753.709,0.000,0.000,0.000
1753.792,0.000,0.000,0.000
1753.875,0.000,0.000,0.000
1753.959,0.000,0.000,0.000
1754.042,0.000,0.000,0.000
1754.125,0.000,0.000,0.000
1754.209,0.000,0.000,0.000
1754.292,0.000,0.000,0.000
1754.375,0.000,0.000,0.000
1754.459,0.000,0.000,0.000
1754.542,0.000,0.000,0.000
1754.625,0.000,0.000,0.000
1754.709,0.000,0.000,0.000
1754.792,0.000,0.000,0.000
1754.875,0.000,0.000,0.000
1754.959,0.000,0.000,0.000
1755.042,0.000,0.000,0.000
1755.125,0.000,0.000,0.000
1755.209,0.000,0.000,0.000
1755.292,0.000,0.000,0.000
1755.375,0.000,0.000,0.000
1755.459,0.000,0.000,0.000
1755.542,0.000,0.000,0.000
1755.625,0.000,0.000,0.000
1755.709,0.000,0.000,0.000
1755.792,0.000,0.000,0.000
1755.875,0.000,0.000,0.000
1755.959,0.000,0.000,0.000
1756.042,0.000,0.000,0.000
1756.125,0.000,0.000,0.000
1756.209,0.000,0.000,0.000
1756.292,0.000,0.000,0.000
1756.375,0.000,0.000,0.000
1756.459,0.000,0.000,0.000
1756.542,0.000,0.000,0.000
1756.625,0.000,0.000,0.000
1756.709,0.000,0.000,0.000
1756.792,0.000,0.000,0.000
1756.875,0.000,0.000,0.000
1756.959,0.000,0.000,0.000
1757.042,0.000,0.000,0.000
1757.125,0.000,0.000,0.000
1757.209,0.000,0.000,0.000
1757.292,0.000,0.000,0.000
1757.375,0.000,0.000,0.000
1757.459,0.000,0.000,0.000
1757.542,0.000,0.000,0.000
1757.625,0.000,0.000,0.000
1757.709,0.000,0.000,0.000
1757.792,0.000,0.000,0.000
1757.875,0.000,0.000,0.000
1757.959,0.000,0.000,0.000
1758.042,0.000,0.000,0.000
1758.125,0.000,0.000,0.000
1758.209,0.000,0.000,0.000
1758.292,0.000,0.000,0.000
1758.375,0.000,0.000,0.000
1758.459,0.000,0.000,0.000
1758.542,0.000,0.000,0.000
1758.625,0.000,0.000,0.000
1758.709,0.000,0.000,0.000
1758.792,0.000,0.000,0.000
1758.875,0.000,0.000,0.000
1758.959,0.000,0.000,0.000
1759.042,0.000,0.000,0.000
1759.125,0.000,0.000,0.000
1759.209,0.000,0.000,0.000
1759.292,0.000,0.000,0.000
1759.375,0.000,0.000,0.000
1759.459,0.000,0.000,0.000
1759.542,0.000,0.000,0.000
1759.625,0.000,0.000,0.000
1759.709,0.000,0.000,0.000
1759.792,0.000,0.000,0.000
1759.875,0.000,0.000,0.000
1759.959,0.000,0.000,0.000
1760.042,0.000,0.000,0.000
1760.125,0.000,0.000,0.000
1760.209,0.000,0.000,0.000
1760.292,0.000,0.000,0.000
1760.375,0.000,0.000,0.000
1760.459,0.000,0.000,0.000
1760.542,0.000,0.000,0.000
1760.625,0.000,0.000,0.000
1760.709,0.000,0.000,0.000
1760.792,0.000,0.000,0.000
1760.875,0.000,0.000,0.000
1760.959,0.000,0.000,0.000
1761.042,0.000,0.000,0.000
1761.125,0.000,0.000,0.000
1761.209,0.000,0.000,0.000
1761.292,0.000,0.000,0.000
1761.375,0.000,0.000,0.000
1761.459,0.000,0.000,0.000
1761.542,0.000,0.000,0.000
1761.625,0.000,0.000,0.000
1761.709,0.000,0.000,0.000
1761.792,0.000,0.000,0.000
1761.875,0.000,0.000,0.000
1761.959,0.000,0.000,0.000
1762.042,0.000,0.000,0.000
1762.125,0.000,0.000,0.000
1762.209,0.000,0.000,0.000
1762.292,0.000,0.000,0.000
1762.375,0.000,0.000,0.000
1762.459,0.000,0.000,0.000
1762.542,0.000,0.000,0.000
1762.625,0.000,0.000,0.000
1762.709,0.000,0.000,0.000
1762.792,0.000,0.000,0.000
1762.875,0.000,0.000,0.000
1762.959,0.000,0.000,0.000
1763.042,0.000,0.000,0.000
1763.125,0.000,0.000,0.000
1763.209,0.000,0.000,0.000
1763.292,0.000,0.000,0.000
1763.375,0.000,0.000,0.000
1763.459,0.000,0.000,0.000
1763.542,0.000,0.000,0.000
1763.625,0.000,0.000,0.000
1763.709,0.000,0.000,0.000
1763.792,0.000,0.000,0.000
1763.875,0.000,0.000,0.000
1763.959,0.000,0.000,0.000
1764.042,0.000,0.000,0.000
1764.125,0.000,0.000,0.000
1764.209,0.000,0.000,0.000
1764.292,0.000,0.000,0.000
1764.375,0.000,0.000,0.000
1764.459,0.000,0.000,0.000
1764.542,0.000,0.000,0.000
1764.625,0.000,0.000,0.000
1764.709,0.000,0.000,0.000
1764.792,0.000,0.000,0.000
1764.875,0.000,0.000,0.000
1764.959,0.000,0.000,0.000
1765.042,0.000,0.000,0.000
1765.125,0.000,0.000,0.000
1765.209,0.000,0.000,0.000
1765.292,0.000,0.000,0.000
1765.375,0.000,0.000,0.000
1765.459,0.000,0.000,0.000
1765.542,0.000,0.000,0.000
1765.625,0.000,0.000,0.000
1765.709,0.000,0.000,0.000
1765.792,0.000,0.000,0.000
1765.875,0.000,0.000,0.000
1765.959,0.000,0.000,0.000
1766.042,0.000,0.000,0.000
1766.125,0.000,0.000,0.000
1766.209,0.000,0.000,0.000
1766.292,0.000,0.000,0.000
1766.375,0.000,0.000,0.000
1766.459,0.000,0.000,0.000
1766.542,0.000,0.000,0.000
1766.625,0.000,0.000,0.000
1766.709,0.000,0.000,0.000
1766.792,0.000,0.000,0.000
1766.875,0.000,0.000,0.000
1766.959,0.000,0.000,0.000
1767.042,0.000,0.000,0.000
1767.125,0.000,0.000,0.000
1767.209,0.000,0.000,0.000
1767.292,0.000,0.000,0.000
1767.375,0.000,0.000,0.000
1767.459,0.000,0.000,0.000
1767.542,0.000,0.000,0.000
1767.625,0.000,0.000,0.000
1767.709,0.000,0.000,0.000
1767.792,0.000,0.000,0.000
1767.875,0.000,0.000,0.000
1767.959,0.000,0.000,0.000
1768.042,0.000,0.000,0.000
1768.125,0.000,0.000,0.000
1768.209,0.000,0.000,0.000
1768.292,0.000,0.000,0.000
1768.375,0.000,0.000,0.000
1768.459,0.000,0.000,0.000
1768.542,0.000,0.000,0.000
1768.625,0.000,0.000,0.000
1768.709,0.000,0.000,0.000
1768.792,0.000,0.000,0.000
1768.875,0.000,0.000,0.000
1768.959,0.000,0.000,0.000
1769.042,0.000,0.000,0.000
1769.125,0.000,0.000,0.000
1769.209,0.000,0.000,0.000
1769.292,0.000,0.000,0.000
1769.375,0.000,0.000,0.000
1769.459,0.000,0.000,0.000
1769.542,0.000,0.000,0.000
1769.625,0.000,0.000,0.000
1769.709,0.000,0.000,0.000
1769.792,0.000,0.000,0.000
1769.875,0.000,0.000,0.000
1769.959,0.000,0.000,0.000
1770.042,0.000,0.000,0.000
1770.125,0.000,0.000,0.000
1770.209,0.000,0.000,0.000
1770.292,0.000,0.000,0.000
1770.375,0.000,0.000,0.000
1770.459,0.000,0.000,0.000
1770.542,0.000,0.000,0.000
1770.625,0.000,0.000,0.000
1770.709,0.000,0.000,0.000
1770.792,0.000,0.000,0.000
1770.875,0.000,0.000,0.000
1770.959,0.000,0.000,0.000
1771.042,0.000,0.000,0.000
1771.125,0.000,0.000,0.000
1771.209,0.000,0.000,0.000
1771.292,0.000,0.000,0.000
1771.375,0.000,0.000,0.000
1771.459,0.000,0.000,0.000
1771.542,0.000,0.000,0.000
1771.625,0.000,0.000,0.000
1771.709,0.000,0.000,0.000
1771.792,0.000,0.000,0.000
1771.875,0.000,0.000,0.000
1771.959,0.000,0.000,0.000
1772.042,0.000,0.000,0.000
1772.125,0.000,0.000,0.000
1772.209,0.000,0.000,0.000
1772.292,0.000,0.000,0.000
1772.375,0.000,0.000,0.000
1772.459,0.000,0.000,0.000
1772.542,0.000,0.000,0.000
1772.625,0.000,0.000,0.000
1772.709,0.000,0.000,0.000
1772.792,0.000,0.000,0.000
1772.875,0.000,0.000,0.000
1772.959,0.000,0.000,0.000
1773.042,0.000,0.000,0.000
1773.125,0.000,0.000,0.000
1773.209,0.000,0.000,0.000
1773.292,0.000,0.000,0.000
1773.375,0.000,0.000,0.000
1773.459,0.000,0.000,0.000
1773.542,0.000,0.000,0.000
1773.625,0.000,0.000,0.000
1773.709,0.000,0.000,0.000
1773.792,0.000,0.000,0.000
1773.875,0.000,0.000,0.000
1773.959,0.000,0.000,0.000
1774.042,0.000,0.000,0.000
1774.125,0.000,0.000,0.000
1774.209,0.000,0.000,0.000
1774.292,0.000,0.000,0.000
1774.375,0.000,0.000,0.000
1774.459,0.000,0.000,0.000
1774.542,0.000,0.000,0.000
1774.625,0.000,0.000,0.000
1774.709,0.000,0.000,0.000
1774.792,0.000,0.000,0.000
1774.875,0.000,0.000,0.000
1774.959,0.000,0.000,0.000
1775.042,0.000,0.000,0.000
1775.125,0.000,0.000,0.000
1775.209,0.000,0.000,0.000
1775.292,0.000,0.000,0.000
1775.375,0.000,0.000,0.000
1775.459,0.000,0.000,0.000
1775.542,0.000,0.000,0.000
1775.625,0.000,0.000,0.000
1775.709,0.000,0.000,0.000
1775.792,0.000,0.000,0.000
1775.875,0.000,0.000,0.000
1775.959,0.000,0.000,0.000
1776.042,0.000,0.000,0.000
1776.125,0.000,0.000,0.000
1776.209,0.000,0.000,0.000
1776.292,0.000,0.000,0.000
1776.375,0.000,0.000,0.000
1776.459,0.000,0.000,0.000
1776.542,0.000,0.000,0.000
1776.625,0.000,0.000,0.000
1776.709,0.000,0.000,0.000
1776.792,0.000,0.000,0.000
1776.875,0.000,0.000,0.000
1776.959,0.000,0.000,0.000
1777.042,0.000,0.000,0.000
1777.125,0.000,0.000,0.000
1777.209,0.000,0.000,0.000
1777.292,0.000,0.000,0.000
1777.375,0.000,0.000,0.000
1777.459,0.000,0.000,0.000
1777.542,0.000,0.000,0.000
1777.625,0.000,0.000,0.000
1777.709,0.000,0.000,0.000
1777.792,0.000,0.000,0.000
1777.875,0.000,0.000,0.000
1777.959,0.000,0.000,0.000
1778.042,0.000,0.000,0.000
1778.125,0.000,0.000,0.000
1778.209,0.000,0.000,0.000
1778.292,0.000,0.000,0.000
1778.375,0.000,0.000,0.000
1778.459,0.000,0.000,0.000
1778.542,0.000,0.000,0.000
1778.625,0.000,0.000,0.000
1778.709,0.000,0.000,0.000
1778.792,0.000,0.000,0.000
1778.875,0.000,0.000,0.000
1778.959,0.000,0.000,0.000
1779.042,0.000,0.000,0.000
1779.125,0.000,0.000,0.000
1779.209,0.000,0.000,0.000
1779.292,0.000,0.000,0.000
1779.375,0.000,0.000,0.000
1779.459,0.000,0.000,0.000
1779.542,0.000,0.000,0.000
1779.625,0.000,0.000,0.000
1779.709,0.000,0.000,0.000
1779.792,0.000,0.000,0.000
1779.875,0.000,0.000,0.000
1779.959,0.000,0.000,0.000
1780.042,0.000,0.000,0.000
1780.125,0.000,0.000,0.000
1780.209,0.000,0.000,0.000
1780.292,0.000,0.000,0.000
1780.375,0.000,0.000,0.000
1780.459,0.000,0.000,0.000
1780.542,0.000,0.000,0.000
1780.625,0.000,0.000,0.000
1780.709,0.000,0.000,0.000
1780.792,0.000,0.000,0.000
1780.875,0.000,0.000,0.000
1780.959,0.000,0.000,0.000
1781.042,0.000,0.000,0.000
1781.125,0.000,0.000,0.000
1781.209,0.000,0.000,0.000
1781.292,0.000,0.000,0.000
1781.375,0.000,0.000,0.000
1781.459,0.000,0.000,0.000
1781.542,0.000,0.000,0.000
1781.625,0.000,0.000,0.000
1781.709,0.000,0.000,0.000
1781.792,0.000,0.000,0.000
1781.875,0.000,0.000,0.000
1781.959,0.000,0.000,0.000
1782.042,0.000,0.000,0.000
1782.125,0.000,0.000,0.000
1782.209,0.000,0.000,0.000
1782.292,0.000,0.000,0.000
1782.375,0.000,0.000,0.000
1782.459,0.000,0.000,0.000
1782.542,0.000,0.000,0.000
1782.625,0.000,0.000,0.000
1782.709,0.000,0.000,0.000
1782.792,0.000,0.000,0.000
1782.875,0.000,0.000,0.000
1782.959,0.000,0.000,0.000
1783.042,0.000,0.000,0.000
1783.125,0.000,0.000,0.000
1783.209,0.000,0.000,0.000
1783.292,0.000,0.000,0.000
1783.375,0.000,0.000,0.000
1783.459,0.000,0.000,0.000
1783.542,0.000,0.000,0.000
1783.625,0.000,0.000,0.000
1783.709,0.000,0.000,0.000
1783.792,0.000,0.000,0.000
1783.875,0.000,0.000,0.000
1783.959,0.000,0.000,0.000
1784.042,0.000,0.000,0.000
1784.125,0.000,0.000,0.000
1784.209,0.000,0.000,0.000
1784.292,0.000,0.000,0.000
1784.375,0.000,0.000,0.000
1784.459,0.000,0.000,0.000
1784.542,0.000,0.000,0.000
1784.625,0.000,0.000,0.000
1784.709,0.000,0.000,0.000
1784.792,0.000,0.000,0.000
1784.875,0.000,0.000,0.000
1784.959,0.000,0.000,0.000
1785.042,0.000,0.000,0.000
1785.125,0.000,0.000,0.000
1785.209,0.000,0.000,0.000
1785.292,0.000,0.000,0.000
1785.375,0.000,0.000,0.000
1785.459,0.000,0.000,0.000
1785.542,0.000,0.000,0.000
1785.625,0.000,0.000,0.000
1785.709,0.000,0.000,0.000
1785.792,0.000,0.000,0.000
1785.875,0.000,0.000,0.000
1785.959,0.000,0.000,0.000
1786.042,0.000,0.000,0.000
1786.125,0.000,0.000,0.000
1786.209,0.000,0.000,0.000
1786.292,0.000,0.000,0.000
1786.375,0.000,0.000,0.000
1786.459,0.000,0.000,0.000
1786.542,0.000,0.000,0.000
1786.625,0.000,0.000,0.000
1786.709,0.000,0.000,0.000
1786.792,0.000,0.000,0.000
1786.875,0.000,0.000,0.000
1786.959,0.000,0.000,0.000
1787.042,0.000,0.000,0.000
1787.125,0.000,0.000,0.000
1787.209,0.000,0.000,0.000
1787.292,0.000,0.000,0.000
1787.375,0.000,0.000,0.000
1787.459,0.000,0.000,0.000
1787.542,0.000,0.000,0.000
1787.625,0.000,0.000,0.000
1787.709,0.000,0.000,0.000
1787.792,0.000,0.000,0.000
1787.875,0.000,0.000,0.000
1787.959,0.000,0.000,0.000
1788.042,0.000,0.000,0.000
1788.125,0.000,0.000,0.000
1788.209,0.000,0.000,0.000
1788.292,0.000,0.000,0.000
1788.375,0.000,0.000,0.000
1788.459,0.000,0.000,0.000
1788.542,0.000,0.000,0.000
1788.625,0.000,0.000,0.000
1788.709,0.000,0.000,0.000
1788.792,0.000,0.000,0.000
1788.875,0.000,0.000,0.000
1788.959,0.000,0.000,0.000
1789.042,0.000,0.000,0.000
1789.125,0.000,0.000,0.000
1789.209,0.000,0.000,0.000
1789.292,0.000,0.000,0.000
1789.375,0.000,0.000,0.000
1789.459,0.000,0.000,0.000
1789.542,0.000,0.000,0.000
1789.625,0.000,0.000,0.000
1789.709,0.000,0.000,0.000
1789.792,0.000,0.000,0.000
1789.875,0.000,0.000,0.000
1789.959,0.000,0.000,0.000
1790.042,0.000,0.000,0.000
1790.125,0.000,0.000,0.000
1790.209,0.000,0.000,0.000
1790.292,0.000,0.000,0.000
1790.375,0.000,0.000,0.000
1790.459,0.000,0.000,0.000
1790.542,0.000,0.000,0.000
1790.625,0.000,0.000,0.000
1790.709,0.000,0.000,0.000
1790.792,0.000,0.000,0.000
1790.875,0.000,0.000,0.000
1790.959,0.000,0.000,0.000
1791.042,0.000,0.000,0.000
1791.125,0.000,0.000,0.000
1791.209,0.000,0.000,0.000
1791.292,0.000,0.000,0.000
1791.375,0.000,0.000,0.000
1791.459,0.000,0.000,0.000
1791.542,0.000,0.000,0.000
1791.625,0.000,0.000,0.000
1791.709,0.000,0.000,0.000
1791.792,0.000,0.000,0.000
1791.875,0.000,0.000,0.000
1791.959,0.000,0.000,0.000
1792.042,0.000,0.000,0.000
1792.125,0.000,0.000,0.000
1792.209,0.000,0.000,0.000
1792.292,0.000,0.000,0.000
1792.375,0.000,0.000,0.000
1792.459,0.000,0.000,0.000
1792.542,0.000,0.000,0.000
1792.625,0.000,0.000,0.000
1792.709,0.000,0.000,0.000
1792.792,0.000,0.000,0.000
1792.875,0.000,0.000,0.000
1792.959,0.000,0.000,0.000
1793.042,0.000,0.000,0.000
1793.125,0.000,0.000,0.000
1793.209,0.000,0.000,0.000
1793.292,0.000,0.000,0.000
1793.375,0.000,0.000,0.000
1793.459,0.000,0.000,0.000
1793.542,0.000,0.000,0.000
1793.625,0.000,0.000,0.000
1793.709,0.000,0.000,0.000
1793.792,0.000,0.000,0.000
1793.875,0.000,0.000,0.000
1793.959,0.000,0.000,0.000
1794.042,0.000,0.000,0.000
1794.125,0.000,0.000,0.000
1794.209,0.000,0.000,0.000
1794.292,0.000,0.000,0.000
1794.375,0.000,0.000,0.000
1794.459,0.000,0.000,0.000
1794.542,0.000,0.000,0.000
1794.625,0.000,0.000,0.000
1794.709,0.000,0.000,0.000
1794.792,0.000,0.000,0.000
1794.875,0.000,0.000,0.000
1794.959,0.000,0.000,0.000
1795.042,0.000,0.000,0.000
1795.125,0.000,0.000,0.000
1795.209,0.000,0.000,0.000
1795.292,0.000,0.000,0.000
1795.375,0.000,0.000,0.000
1795.459,0.000,0.000,0.000
1795.542,0.000,0.000,0.000
1795.625,0.000,0.000,0.000
1795.709,0.000,0.000,0.000
1795.792,0.000,0.000,0.000
1795.875,0.000,0.000,0.000
1795.959,0.000,0.000,0.000
1796.042,0.000,0.000,0.000
1796.125,0.000,0.000,0.000
1796.209,0.000,0.000,0.000
1796.292,0.000,0.000,0.000
1796.375,0.000,0.000,0.000
1796.459,0.000,0.000,0.000
1796.542,0.000,0.000,0.000
1796.625,0.000,0.000,0.000
1796.709,0.000,0.000,0.000
1796.792,0.000,0.000,0.000
1796.875,0.000,0.000,0.000
1796.959,0.000,0.000,0.000
1797.042,0.000,0.000,0.000
1797.125,0.000,0.000,0.000
1797.209,0.000,0.000,0.000
1797.292,0.000,0.000,0.000
1797.375,0.000,0.000,0.000
1797.459,0.000,0.000,0.000
1797.542,0.000,0.000,0.000
1797.625,0.000,0.000,0.000
1797.709,0.000,0.000,0.000
1797.792,0.000,0.000,0.000
1797.875,0.000,0.000,0.000
1797.959,0.000,0.000,0.000
1798.042,0.000,0.000,0.000
1798.125,0.000,0.000,0.000
1798.209,0.000,0.000,0.000
1798.292,0.000,0.000,0.000
1798.375,0.000,0.000,0.000
1798.459,0.000,0.000,0.000
1798.542,0.000,0.000,0.000
1798.625,0.000,0.000,0.000
1798.709,0.000,0.000,0.000
1798.792,0.000,0.000,0.000
1798.875,0.000,0.000,0.000
1798.959,0.000,0.000,0.000
1799.042,0.000,0.000,0.000
1799.125,0.000,0.000,0.000
1799.209,0.000,0.000,0.000
1799.292,0.000,0.000,0.000
1799.375,0.000,0.000,0.000
1799.459,0.000,0.000,0.000
1799.542,0.000,0.000,0.000
1799.625,0.000,0.000,0.000
1799.709,0.000,0.000,0.000
1799.792,0.000,0.000,0.000
1799.875,0.000,0.000,0.000
1799.959,0.000,0.000,0.000
1800.042,0.000,0.000,0.000
1800.125,0.000,0.000,0.000
1800.209,0.000,0.000,0.000
1800.292,0.000,0.000,0.000
1800.375,0.000,0.000,0.000
1800.459,0.000,0.000,0.000
1800.542,0.000,0.000,0.000
1800.625,0.000,0.000,0.000
1800.709,0.000,0.000,0.000
1800.792,0.000,0.000,0.000
1800.875,0.000,0.000,0.000
1800.959,0.000,0.000,0.000
1801.042,0.000,0.000,0.000
1801.125,0.000,0.000,0.000
1801.209,0.000,0.000,0.000
1801.292,0.000,0.000,0.000
1801.375,0.000,0.000,0.000
1801.459,0.000,0.000,0.000
1801.542,0.000,0.000,0.000
1801.625,0.000,0.000,0.000
1801.709,0.000,0.000,0.000
1801.792,0.000,0.000,0.000
1801.875,0.000,0.000,0.000
1801.959,0.000,0.000,0.000
1802.042,0.000,0.000,0.000
1802.125,0.000,0.000,0.000
1802.209,0.000,0.000,0.000
1802.292,0.000,0.000,0.000
1802.375,0.000,0.000,0.000
1802.459,0.000,0.000,0.000
1802.542,0.000,0.000,0.000
1802.625,0.000,0.000,0.000
1802.709,0.000,0.000,0.000
1802.792,0.000,0.000,0.000
1802.875,0.000,0.000,0.000
1802.959,0.000,0.000,0.000
1803.042,0.000,0.000,0.000
1803.125,0.000,0.000,0.000
1803.209,0.000,0.000,0.000
1803.292,0.000,0.000,0.000
1803.375,0.000,0.000,0.000
1803.459,0.000,0.000,0.000
1803.542,0.000,0.000,0.000
1803.625,0.000,0.000,0.000
1803.709,0.000,0.000,0.000
1803.792,0.000,0.000,0.000
1803.875,0.000,0.000,0.000
1803.959,0.000,0.000,0.000
1804.042,0.000,0.000,0.000
1804.125,0.000,0.000,0.000
1804.209,0.000,0.000,0.000
1804.292,0.000,0.000,0.000
1804.375,0.000,0.000,0.000
1804.459,0.000,0.000,0.000
1804.542,0.000,0.000,0.000
1804.625,0.000,0.000,0.000
1804.709,0.000,0.000,0.000
1804.792,0.000,0.000,0.000
1804.875,0.000,0.000,0.000
1804.959,0.000,0.000,0.000
1805.042,0.000,0.000,0.000
1805.125,0.000,0.000,0.000
1805.209,0.000,0.000,0.000
1805.292,0.000,0.000,0.000
1805.375,0.000,0.000,0.000
1805.459,0.000,0.000,0.000
1805.542,0.000,0.000,0.000
1805.625,0.000,0.000,0.000
1805.709,0.000,0.000,0.000
1805.792,0.000,0.000,0.000
1805.875,0.000,0.000,0.000
1805.959,0.000,0.000,0.000
1806.042,0.000,0.000,0.000
1806.125,0.000,0.000,0.000
1806.209,0.000,0.000,0.000
1806.292,0.000,0.000,0.000
1806.375,0.000,0.000,0.000
1806.459,0.000,0.000,0.000
1806.542,0.000,0.000,0.000
1806.625,0.000,0.000,0.000
1806.709,0.000,0.000,0.000
1806.792,0.000,0.000,0.000
1806.875,0.000,0.000,0.000
1806.959,0.000,0.000,0.000
1807.042,0.000,0.000,0.000
1807.125,0.000,0.000,0.000
1807.209,0.000,0.000,0.000
1807.292,0.000,0.000,0.000
1807.375,0.000,0.000,0.000
1807.459,0.000,0.000,0.000
1807.542,0.000,0.000,0.000
1807.625,0.000,0.000,0.000
1807.709,0.000,0.000,0.000
1807.792,0.000,0.000,0.000
1807.875,0.000,0.000,0.000
1807.959,0.000,0.000,0.000
1808.042,0.000,0.000,0.000
1808.125,0.000,0.000,0.000
1808.209,0.000,0.000,0.000
1808.292,0.000,0.000,0.000
1808.375,0.000,0.000,0.000
1808.459,0.000,0.000,0.000
1808.542,0.000,0.000,0.000
1808.625,0.000,0.000,0.000
1808.709,0.000,0.000,0.000
1808.792,0.000,0.000,0.000
1808.875,0.000,0.000,0.000
1808.959,0.000,0.000,0.000
1809.042,0.000,0.000,0.000
1809.125,0.000,0.000,0.000
1809.209,0.000,0.000,0.000
1809.292,0.000,0.000,0.000
1809.375,0.000,0.000,0.000
1809.459,0.000,0.000,0.000
1809.542,0.000,0.000,0.000
1809.625,0.000,0.000,0.000
1809.709,0.000,0.000,0.000
1809.792,0.000,0.000,0.000
1809.875,0.000,0.000,0.000
1809.959,0.000,0.000,0.000
1810.042,0.000,0.000,0.000
1810.125,0.000,0.000,0.000
1810.209,0.000,0.000,0.000
1810.292,0.000,0.000,0.000
1810.375,0.000,0.000,0.000
1810.459,0.000,0.000,0.000
1810.542,0.000,0.000,0.000
1810.625,0.000,0.000,0.000
1810.709,0.000,0.000,0.000
1810.792,0.000,0.000,0.000
1810.875,0.000,0.000,0.000
1810.959,0.000,0.000,0.000
1811.042,0.000,0.000,0.000
1811.125,0.000,0.000,0.000
1811.209,0.000,0.000,0.000
1811.292,0.000,0.000,0.000
1811.375,0.000,0.000,0.000
1811.459,0.000,0.000,0.000
1811.542,0.000,0.000,0.000
1811.625,0.000,0.000,0.000
1811.709,0.000,0.000,0.000
1811.792,0.000,0.000,0.000
1811.875,0.000,0.000,0.000
1811.959,0.000,0.000,0.000
1812.042,0.000,0.000,0.000
1812.125,0.000,0.000,0.000
1812.209,0.000,0.000,0.000
1812.292,0.000,0.000,0.000
1812.375,0.000,0.000,0.000
1812.459,0.000,0.000,0.000
1812.542,0.000,0.000,0.000
1812.625,0.000,0.000,0.000
1812.709,0.000,0.000,0.000
1812.792,0.000,0.000,0.000
1812.875,0.000,0.000,0.000
1812.959,0.000,0.000,0.000
1813.042,0.000,0.000,0.000
1813.125,0.000,0.000,0.000
1813.209,0.000,0.000,0.000
1813.292,0.000,0.000,0.000
1813.375,0.000,0.000,0.000
1813.459,0.000,0.000,0.000
1813.542,0.000,0.000,0.000
1813.625,0.000,0.000,0.000
1813.709,0.000,0.000,0.000
1813.792,0.000,0.000,0.000
1813.875,0.000,0.000,0.000
1813.959,0.000,0.000,0.000
1814.042,0.000,0.000,0.000
1814.125,0.000,0.000,0.000
1814.209,0.000,0.000,0.000
1814.292,0.000,0.000,0.000
1814.375,0.000,0.000,0.000
1814.459,0.000,0.000,0.000
1814.542,0.000,0.000,0.000
1814.625,0.000,0.000,0.000
1814.709,0.000,0.000,0.000
1814.792,0.000,0.000,0.000
1814.875,0.000,0.000,0.000
1814.959,0.000,0.000,0.000
1815.042,0.000,0.000,0.000
1815.125,0.000,0.000,0.000
1815.209,0.000,0.000,0.000
1815.292,0.000,0.000,0.000
1815.375,0.000,0.000,0.000
1815.459,0.000,0.000,0.000
1815.542,0.000,0.000,0.000
1815.625,0.000,0.000,0.000
1815.709,0.000,0.000,0.000
1815.792,0.000,0.000,0.000
1815.875,0.000,0.000,0.000
1815.959,0.000,0.000,0.000
1816.042,0.000,0.000,0.000
1816.125,0.000,0.000,0.000
1816.209,0.000,0.000,0.000
1816.292,0.000,0.000,0.000
1816.375,0.000,0.000,0.000
1816.459,0.000,0.000,0.000
1816.542,0.000,0.000,0.000
1816.625,0.000,0.000,0.000
1816.709,0.000,0.000,0.000
1816.792,0.000,0.000,0.000
1816.875,0.000,0.000,0.000
1816.959,0.000,0.000,0.000
1817.042,0.000,0.000,0.000
1817.125,0.000,0.000,0.000
1817.209,0.000,0.000,0.000
1817.292,0.000,0.000,0.000
1817.375,0.000,0.000,0.000
1817.459,0.000,0.000,0.000
1817.542,0.000,0.000,0.000
1817.625,0.000,0.000,0.000
1817.709,0.000,0.000,0.000
1817.792,0.000,0.000,0.000
1817.875,0.000,0.000,0.000
1817.959,0.000,0.000,0.000
1818.042,0.000,0.000,0.000
1818.125,0.000,0.000,0.000
1818.209,0.000,0.000,0.000
1818.292,0.000,0.000,0.000
1818.375,0.000,0.000,0.000
1818.459,0.000,0.000,0.000
1818.542,0.000,0.000,0.000
1818.625,0.000,0.000,0.000
1818.709,0.000,0.000,0.000
1818.792,0.000,0.000,0.000
1818.875,0.000,0.000,0.000
1818.959,0.000,0.000,0.000
1819.042,0.000,0.000,0.000
1819.125,0.000,0.000,0.000
1819.209,0.000,0.000,0.000
1819.292,0.000,0.000,0.000
1819.375,0.000,0.000,0.000
1819.459,0.000,0.000,0.000
1819.542,0.000,0.000,0.000
1819.625,0.000,0.000,0.000
1819.709,0.000,0.000,0.000
1819.792,0.000,0.000,0.000
1819.875,0.000,0.000,0.000
1819.959,0.000,0.000,0.000
1820.042,0.000,0.000,0.000
1820.125,0.000,0.000,0.000
1820.209,0.000,0.000,0.000
1820.292,0.000,0.000,0.000
1820.375,0.000,0.000,0.000
1820.459,0.000,0.000,0.000
1820.542,0.000,0.000,0.000
1820.625,0.000,0.000,0.000
1820.709,0.000,0.000,0.000
1820.792,0.000,0.000,0.000
1820.875,0.000,0.000,0.000
1820.959,0.000,0.000,0.000
1821.042,0.000,0.000,0.000
1821.125,0.000,0.000,0.000
1821.209,0.000,0.000,0.000
1821.292,0.000,0.000,0.000
1821.375,0.000,0.000,0.000
1821.459,0.000,0.000,0.000
1821.542,0.000,0.000,0.000
1821.625,0.000,0.000,0.000
1821.709,0.000,0.000,0.000
1821.792,0.000,0.000,0.000
1821.875,0.000,0.000,0.000
1821.959,0.000,0.000,0.000
1822.042,0.000,0.000,0.000
1822.125,0.000,0.000,0.000
1822.209,0.000,0.000,0.000
1822.292,0.000,0.000,0.000
1822.375,0.000,0.000,0.000
1822.459,0.000,0.000,0.000
1822.542,0.000,0.000,0.000
1822.625,0.000,0.000,0.000
1822.709,0.000,0.000,0.000
1822.792,0.000,0.000,0.000
1822.875,0.000,0.000,0.000
1822.959,0.000,0.000,0.000
1823.042,0.000,0.000,0.000
1823.125,0.000,0.000,0.000
1823.209,0.000,0.000,0.000
1823.292,0.000,0.000,0.000
1823.375,0.000,0.000,0.000
1823.459,0.000,0.000,0.000
1823.542,0.000,0.000,0.000
1823.625,0.000,0.000,0.000
1823.709,0.000,0.000,0.000
1823.792,0.000,0.000,0.000
1823.875,0.000,0.000,0.000
1823.959,0.000,0.000,0.000
1824.042,0.000,0.000,0.000
1824.125,0.000,0.000,0.000
1824.209,0.000,0.000,0.000
1824.292,0.000,0.000,0.000
1824.375,0.000,0.000,0.000
1824.459,0.000,0.000,0.000
1824.542,0.000,0.000,0.000
1824.625,0.000,0.000,0.000
1824.709,0.000,0.000,0.000
1824.792,0.000,0.000,0.000
1824.875,0.000,0.000,0.000
1824.959,0.000,0.000,0.000
1825.042,0.000,0.000,0.000
1825.125,0.000,0.000,0.000
1825.209,0.000,0.000,0.000
1825.292,0.000,0.000,0.000
1825.375,0.000,0.000,0.000
1825.459,0.000,0.000,0.000
1825.542,0.000,0.000,0.000
1825.625,0.000,0.000,0.000
1825.709,0.000,0.000,0.000
1825.792,0.000,0.000,0.000
1825.875,0.000,0.000,0.000
1825.959,0.000,0.000,0.000
1826.042,0.000,0.000,0.000
1826.125,0.000,0.000,0.000
1826.209,0.000,0.000,0.000
1826.292,0.000,0.000,0.000
1826.375,0.000,0.000,0.000
1826.459,0.000,0.000,0.000
1826.542,0.000,0.000,0.000
1826.625,0.000,0.000,0.000
1826.709,0.000,0.000,0.000
1826.792,0.000,0.000,0.000
1826.875,0.000,0.000,0.000
1826.959,0.000,0.000,0.000
1827.042,0.000,0.000,0.000
1827.125,0.000,0.000,0.000
1827.209,0.000,0.000,0.000
1827.292,0.000,0.000,0.000
1827.375,0.000,0.000,0.000
1827.459,0.000,0.000,0.000
1827.542,0.000,0.000,0.000
1827.625,0.000,0.000,0.000
1827.709,0.000,0.000,0.000
1827.792,0.000,0.000,0.000
1827.875,0.000,0.000,0.000
1827.959,0.000,0.000,0.000
1828.042,0.000,0.000,0.000
1828.125,0.000,0.000,0.000
1828.209,0.000,0.000,0.000
1828.292,0.000,0.000,0.000
1828.375,0.000,0.000,0.000
1828.459,0.000,0.000,0.000
1828.542,0.000,0.000,0.000
1828.625,0.000,0.000,0.000
1828.709,0.000,0.000,0.000
1828.792,0.000,0.000,0.000
1828.875,0.000,0.000,0.000
1828.959,0.000,0.000,0.000
1829.042,0.000,0.000,0.000
1829.125,0.000,0.000,0.000
1829.209,0.000,0.000,0.000
1829.292,0.000,0.000,0.000
1829.375,0.000,0.000,0.000
1829.459,0.000,0.000,0.000
1829.542,0.000,0.000,0.000
1829.625,0.000,0.000,0.000
1829.709,0.000,0.000,0.000
1829.792,0.000,0.000,0.000
1829.875,0.000,0.000,0.000
1829.959,0.000,0.000,0.000
1830.042,0.000,0.000,0.000
1830.125,0.000,0.000,0.000
1830.209,0.000,0.000,0.000
1830.292,0.000,0.000,0.000
1830.375,0.000,0.000,0.000
1830.459,0.000,0.000,0.000
1830.542,0.000,0.000,0.000
1830.625,0.000,0.000,0.000
1830.709,0.000,0.000,0.000
1830.792,0.000,0.000,0.000
1830.875,0.000,0.000,0.000
1830.959,0.000,0.000,0.000
1831.042,0.000,0.000,0.000
1831.125,0.000,0.000,0.000
1831.209,0.000,0.000,0.000
1831.292,0.000,0.000,0.000
1831.375,0.000,0.000,0.000
1831.459,0.000,0.000,0.000
1831.542,0.000,0.000,0.000
1831.625,0.000,0.000,0.000
1831.709,0.000,0.000,0.000
1831.792,0.000,0.000,0.000
1831.875,0.000,0.000,0.000
1831.959,0.000,0.000,0.000
1832.042,0.000,0.000,0.000
1832.125,0.000,0.000,0.000
1832.209,0.000,0.000,0.000
1832.292,0.000,0.000,0.000
1832.375,0.000,0.000,0.000
1832.459,0.000,0.000,0.000
1832.542,0.000,0.000,0.000
1832.625,0.000,0.000,0.000
1832.709,0.000,0.000,0.000
1832.792,0.000,0.000,0.000
1832.875,0.000,0.000,0.000
1832.959,0.000,0.000,0.000
1833.042,0.000,0.000,0.000
1833.125,0.000,0.000,0.000
1833.209,0.000,0.000,0.000
1833.292,0.000,0.000,0.000
1833.375,0.000,0.000,0.000
1833.459,0.000,0.000,0.000
1833.542,0.000,0.000,0.000
1833.625,0.000,0.000,0.000
1833.709,0.000,0.000,0.000
1833.792,0.000,0.000,0.000
1833.875,0.000,0.000,0.000
1833.959,0.000,0.000,0.000
1834.042,0.000,0.000,0.000
1834.125,0.000,0.000,0.000
1834.209,0.000,0.000,0.000
1834.292,0.000,0.000,0.000
1834.375,0.000,0.000,0.000
1834.459,0.000,0.000,0.000
1834.542,0.000,0.000,0.000
1834.625,0.000,0.000,0.000
1834.709,0.000,0.000,0.000
1834.792,0.000,0.000,0.000
1834.875,0.000,0.000,0.000
1834.959,0.000,0.000,0.000
1835.042,0.000,0.000,0.000
1835.125,0.000,0.000,0.000
1835.209,0.000,0.000,0.000
1835.292,0.000,0.000,0.000
1835.375,0.000,0.000,0.000
1835.459,0.000,0.000,0.000
1835.542,0.000,0.000,0.000
1835.625,0.000,0.000,0.000
1835.709,0.000,0.000,0.000
1835.792,0.000,0.000,0.000
1835.875,0.000,0.000,0.000
1835.959,0.000,0.000,0.000
1836.042,0.000,0.000,0.000
1836.125,0.000,0.000,0.000
1836.209,0.000,0.000,0.000
1836.292,0.000,0.000,0.000
1836.375,0.000,0.000,0.000
1836.459,0.000,0.000,0.000
1836.542,0.000,0.000,0.000
1836.625,0.000,0.000,0.000
1836.709,0.000,0.000,0.000
1836.792,0.000,0.000,0.000
1836.875,0.000,0.000,0.000
1836.959,0.000,0.000,0.000
1837.042,0.000,0.000,0.000
1837.125,0.000,0.000,0.000
1837.209,0.000,0.000,0.000
1837.292,0.000,0.000,0.000
1837.375,0.000,0.000,0.000
1837.459,0.000,0.000,0.000
1837.542,0.000,0.000,0.000
1837.625,0.000,0.000,0.000
1837.709,0.000,0.000,0.000
1837.792,0.000,0.000,0.000
1837.875,0.000,0.000,0.000
1837.959,0.000,0.000,0.000
1838.042,0.000,0.000,0.000
1838.125,0.000,0.000,0.000
1838.209,0.000,0.000,0.000
1838.292,0.000,0.000,0.000
1838.375,0.000,0.000,0.000
1838.459,0.000,0.000,0.000
1838.542,0.000,0.000,0.000
1838.625,0.000,0.000,0.000
1838.709,0.000,0.000,0.000
1838.792,0.000,0.000,0.000
1838.875,0.000,0.000,0.000
1838.959,0.000,0.000,0.000
1839.042,0.000,0.000,0.000
1839.125,0.000,0.000,0.000
1839.209,0.000,0.000,0.000
1839.292,0.000,0.000,0.000
1839.375,0.000,0.000,0.000
1839.459,0.000,0.000,0.000
1839.542,0.000,0.000,0.000
1839.625,0.000,0.000,0.000
1839.709,0.000,0.000,0.000
1839.792,0.000,0.000,0.000
1839.875,0.000,0.000,0.000
1839.959,0.000,0.000,0.000
1840.042,0.000,0.000,0.000
1840.125,0.000,0.000,0.000
1840.209,0.000,0.000,0.000
1840.292,0.000,0.000,0.000
1840.375,0.000,0.000,0.000
1840.459,0.000,0.000,0.000
1840.542,0.000,0.000,0.000
1840.625,0.000,0.000,0.000
1840.709,0.000,0.000,0.000
1840.792,0.000,0.000,0.000
1840.875,0.000,0.000,0.000
1840.959,0.000,0.000,0.000
1841.042,0.000,0.000,0.000
1841.125,0.000,0.000,0.000
1841.209,0.000,0.000,0.000
1841.292,0.000,0.000,0.000
1841.375,0.000,0.000,0.000
1841.459,0.000,0.000,0.000
1841.542,0.000,0.000,0.000
1841.625,0.000,0.000,0.000
1841.709,0.000,0.000,0.000
1841.792,0.000,0.000,0.000
1841.875,0.000,0.000,0.000
1841.959,0.000,0.000,0.000
1842.042,0.000,0.000,0.000
1842.125,0.000,0.000,0.000
1842.209,0.000,0.000,0.000
1842.292,0.000,0.000,0.000
1842.375,0.000,0.000,0.000
1842.459,0.000,0.000,0.000
1842.542,0.000,0.000,0.000
1842.625,0.000,0.000,0.000
1842.709,0.000,0.000,0.000
1842.792,0.000,0.000,0.000
1842.875,0.000,0.000,0.000
1842.959,0.000,0.000,0.000
1843.042,0.000,0.000,0.000
1843.125,0.000,0.000,0.000
1843.209,0.000,0.000,0.000
1843.292,0.000,0.000,0.000
1843.375,0.000,0.000,0.000
1843.459,0.000,0.000,0.000
1843.542,0.000,0.000,0.000
1843.625,0.000,0.000,0.000
1843.709,0.000,0.000,0.000
1843.792,0.000,0.000,0.000
1843.875,0.000,0.000,0.000
1843.959,0.000,0.000,0.000
1844.042,0.000,0.000,0.000
1844.125,0.000,0.000,0.000
1844.209,0.000,0.000,0.000
1844.292,0.000,0.000,0.000
1844.375,0.000,0.000,0.000
1844.459,0.000,0.000,0.000
1844.542,0.000,0.000,0.000
1844.625,0.000,0.000,0.000
1844.709,0.000,0.000,0.000
1844.792,0.000,0.000,0.000
1844.875,0.000,0.000,0.000
1844.959,0.000,0.000,0.000
1845.042,0.000,0.000,0.000
1845.125,0.000,0.000,0.000
1845.209,0.000,0.000,0.000
1845.292,0.000,0.000,0.000
1845.375,0.000,0.000,0.000
1845.459,0.000,0.000,0.000
1845.542,0.000,0.000,0.000
1845.625,0.000,0.000,0.000
1845.709,0.000,0.000,0.000
1845.792,0.000,0.000,0.000
1845.875,0.000,0.000,0.000
1845.959,0.000,0.000,0.000
1846.042,0.000,0.000,0.000
1846.125,0.000,0.000,0.000
1846.209,0.000,0.000,0.000
1846.292,0.000,0.000,0.000
1846.375,0.000,0.000,0.000
1846.459,0.000,0.000,0.000
1846.542,0.000,0.000,0.000
1846.625,0.000,0.000,0.000
1846.709,0.000,0.000,0.000
1846.792,0.000,0.000,0.000
1846.875,0.000,0.000,0.000
1846.959,0.000,0.000,0.000
1847.042,0.000,0.000,0.000
1847.125,0.000,0.000,0.000
1847.209,0.000,0.000,0.000
1847.292,0.000,0.000,0.000
1847.375,0.000,0.000,0.000
1847.459,0.000,0.000,0.000
1847.542,0.000,0.000,0.000
1847.625,0.000,0.000,0.000
1847.709,0.000,0.000,0.000
1847.792,0.000,0.000,0.000
1847.875,0.000,0.000,0.000
1847.959,0.000,0.000,0.000
1848.042,0.000,0.000,0.000
1848.125,0.000,0.000,0.000
1848.209,0.000,0.000,0.000
1848.292,0.000,0.000,0.000
1848.375,0.000,0.000,0.000
1848.459,0.000,0.000,0.000
1848.542,0.000,0.000,0.000
1848.625,0.000,0.000,0.000
1848.709,0.000,0.000,0.000
1848.792,0.000,0.000,0.000
1848.875,0.000,0.000,0.000
1848.959,0.000,0.000,0.000
1849.042,0.000,0.000,0.000
1849.125,0.000,0.000,0.000
1849.209,0.000,0.000,0.000
1849.292,0.000,0.000,0.000
1849.375,0.000,0.000,0.000
1849.459,0.000,0.000,0.000
1849.542,0.000,0.000,0.000
1849.625,0.000,0.000,0.000
1849.709,0.000,0.000,0.000
1849.792,0.000,0.000,0.000
1849.875,0.000,0.000,0.000
1849.959,0.000,0.000,0.000
1850.042,-0.675,-0.318,-0.318
1850.125,-0.333,0.024,0.024
1850.208,-0.591,-0.234,-0.234
1850.292,-0.589,-0.232,-0.232
1850.375,-0.508,-0.151,-0.151
1850.458,-0.344,0.013,0.013
1850.542,-0.160,0.197,0.197
1850.625,-0.208,0.149,0.149
1850.708,-0.385,-0.028,-0.028
1850.792,-0.533,-0.176,-0.176
1850.875,-0.283,0.074,0.074
1850.958,-0.404,-0.047,-0.047
1851.042,-0.201,0.156,0.156
1851.125,-0.469,-0.112,-0.112
1851.208,-0.646,-0.289,-0.289
1851.292,-0.542,-0.185,-0.185
1851.375,-0.198,0.159,0.159
1851.458,-0.137,0.220,0.220
1851.542,-0.097,0.260,0.260
1851.625,-0.102,0.255,0.255
1851.708,-0.091,0.266,0.266
1851.792,-0.008,0.349,0.349
1851.875,-0.082,0.275,0.275
1851.958,-0.228,0.129,0.129
1852.042,-0.375,-0.018,-0.018
1852.125,-0.477,-0.120,-0.120
1852.208,-0.560,-0.203,-0.203
1852.292,-0.585,-0.228,-0.228
1852.375,-0.127,0.230,0.230
1852.458,-0.084,0.273,0.273
1852.542,0.005,0.362,0.362
1852.625,-0.136,0.221,0.221
1852.708,-0.002,0.355,0.355
1852.792,-0.172,0.185,0.185
1852.875,-0.305,0.052,0.052
1852.958,0.065,0.422,0.422
1853.042,-0.233,0.124,0.124
1853.125,-0.404,-0.047,-0.047
1853.208,-0.280,0.077,0.077
1853.292,-0.386,-0.029,-0.029
1853.375,-0.268,0.089,0.089
1853.458,-0.142,0.215,0.215
1853.542,-0.083,0.274,0.274
1853.625,-0.057,0.300,0.300
1853.708,-0.250,0.107,0.107
1853.792,-0.392,-0.035,-0.035
1853.875,-0.411,-0.054,-0.054
1853.958,-0.337,0.020,0.020
1854.042,-0.381,-0.024,-0.024
1854.125,-0.361,-0.004,-0.004
1854.208,-0.243,0.114,0.114
1854.292,-0.334,0.023,0.023
1854.375,-0.291,0.066,0.066
1854.458,-0.299,0.058,0.058
1854.542,-0.179,0.178,0.178
1854.625,-0.239,0.118,0.118
1854.708,-0.217,0.140,0.140
1854.792,-0.095,0.262,0.262
1854.875,-0.410,-0.053,-0.053
1854.958,-0.450,-0.093,-0.093
1855.042,-0.159,0.198,0.198
1855.125,-0.313,0.044,0.044
1855.208,-0.344,0.013,0.013
1855.292,-0.218,0.139,0.139
1855.375,-0.388,-0.031,-0.031
1855.458,-0.333,0.024,0.024
1855.542,-0.333,0.024,0.024
1855.625,-0.200,0.157,0.157
1855.708,-0.271,0.086,0.086
1855.792,-0.195,0.162,0.162
1855.875,-0.389,-0.032,-0.032
1855.958,-0.420,-0.063,-0.063
1856.042,-0.076,0.281,0.281
1856.125,-0.337,0.020,0.020
1856.208,-0.358,-0.001,-0.001
1856.292,-0.316,0.041,0.041
1856.375,-0.285,0.072,0.072
1856.458,-0.214,0.143,0.143
1856.542,-0.225,0.132,0.132
1856.625,-0.238,0.119,0.119
1856.708,-0.388,-0.031,-0.031
1856.792,-0.438,-0.081,-0.081
1856.875,-0.552,-0.195,-0.195
1856.958,-0.418,-0.061,-0.061
1857.042,-0.495,-0.138,-0.138
1857.125,-0.435,-0.078,-0.078
1857.208,-0.479,-0.122,-0.122
1857.292,-0.644,-0.287,-0.287
1857.375,-0.659,-0.302,-0.302
1857.458,-0.304,0.053,0.053
1857.542,-0.411,-0.054,-0.054
1857.625,-0.369,-0.012,-0.012
1857.708,-0.380,-0.023,-0.023
1857.792,-0.473,-0.116,-0.116
1857.875,-0.685,-0.328,-0.328
1857.958,-0.274,0.083,0.083
1858.042,-0.295,0.062,0.062
1858.125,-0.477,-0.120,-0.120
1858.208,-0.548,-0.191,-0.191
1858.292,-0.428,-0.071,-0.071
1858.375,-0.532,-0.175,-0.175
1858.458,-0.380,-0.023,-0.023
1858.542,-0.336,0.021,0.021
1858.625,-0.278,0.079,0.079
1858.708,-0.283,0.074,0.074
1858.792,-0.289,0.068,0.068
1858.875,-0.366,-0.009,-0.009
1858.958,-0.455,-0.098,-0.098
1859.042,-0.381,-0.024,-0.024
1859.125,-0.344,0.013,0.013
1859.208,-0.314,0.043,0.043
1859.292,-0.157,0.200,0.200
1859.375,-0.152,0.205,0.205
1859.458,-0.250,0.107,0.107
1859.542,-0.312,0.045,0.045
1859.625,-0.245,0.112,0.112
1859.708,-0.394,-0.037,-0.037
1859.792,-0.255,0.102,0.102
1859.875,-0.288,0.069,0.069
1859.958,-0.284,0.073,0.073
1860.042,-0.391,-0.034,-0.034
1860.125,-0.468,-0.111,-0.111
1860.208,-0.786,-0.429,-0.429
1860.292,-0.306,0.051,0.051
1860.375,-0.364,-0.007,-0.007
1860.458,-0.211,0.146,0.146
1860.542,-0.185,0.172,0.172
1860.625,-0.114,0.243,0.243
1860.708,-0.131,0.226,0.226
1860.792,-0.346,0.011,0.011
1860.875,-0.605,-0.248,-0.248
1860.958,-0.774,-0.417,-0.417
1861.042,-0.918,-0.561,-0.561
1861.125,-0.625,-0.268,-0.268
1861.208,-0.416,-0.059,-0.059
1861.292,-0.386,-0.029,-0.029
1861.375,-0.661,-0.304,-0.304
1861.458,-0.252,0.105,0.105
1861.542,-0.298,0.059,0.059
1861.625,-0.041,0.316,0.316
1861.708,-0.270,0.087,0.087
1861.792,-0.477,-0.120,-0.120
1861.875,-0.458,-0.101,-0.101
1861.958,-0.351,0.006,0.006
1862.042,-0.825,-0.468,-0.468
1862.125,-0.716,-0.359,-0.359
1862.208,-0.535,-0.178,-0.178
1862.292,-0.522,-0.165,-0.165
1862.375,-0.348,0.009,0.009
1862.458,-0.307,0.050,0.050
1862.542,-0.345,0.012,0.012
1862.625,-0.456,-0.099,-0.099
1862.708,-0.362,-0.005,-0.005
1862.792,-0.449,-0.092,-0.092
1862.875,-0.678,-0.321,-0.321
1862.958,-0.895,-0.538,-0.538
1863.042,-0.076,0.281,0.281
1863.125,-0.250,0.107,0.107
1863.208,-0.355,0.002,0.002
1863.292,-0.288,0.069,0.069
1863.375,-0.384,-0.027,-0.027
1863.458,-0.369,-0.012,-0.012
1863.542,-0.312,0.045,0.045
1863.625,-0.297,0.060,0.060
1863.708,-0.352,0.005,0.005
1863.792,-0.504,-0.147,-0.147
1863.875,-0.441,-0.084,-0.084
1863.958,-0.503,-0.146,-0.146
1864.042,-0.853,-0.496,-0.496
1864.125,-0.593,-0.236,-0.236
1864.208,-0.499,-0.142,-0.142
1864.292,-0.544,-0.187,-0.187
1864.375,-0.323,0.034,0.034
1864.458,-0.113,0.244,0.244
1864.542,-0.260,0.097,0.097
1864.625,-0.308,0.049,0.049
1864.708,-0.443,-0.086,-0.086
1864.792,-0.603,-0.246,-0.246
1864.875,-0.456,-0.099,-0.099
1864.958,-0.590,-0.233,-0.233
1865.042,-0.176,0.181,0.181
1865.125,-0.467,-0.110,-0.110
1865.208,-0.661,-0.304,-0.304
1865.292,-0.448,-0.091,-0.091
1865.375,-0.378,-0.021,-0.021
1865.458,-0.196,0.161,0.161
1865.542,-0.216,0.141,0.141
1865.625,-0.212,0.145,0.145
1865.708,-0.171,0.186,0.186
1865.792,-0.269,0.088,0.088
1865.875,-0.337,0.020,0.020
1865.958,-0.461,-0.104,-0.104
1866.042,-0.132,0.225,0.225
1866.125,-0.401,-0.044,-0.044
1866.208,-0.682,-0.325,-0.325
1866.292,-0.454,-0.097,-0.097
1866.375,-0.572,-0.215,-0.215
1866.458,-0.099,0.258,0.258
1866.542,-0.009,0.348,0.348
1866.625,-0.249,0.108,0.108
1866.708,-0.378,-0.021,-0.021
1866.792,-0.421,-0.064,-0.064
1866.875,-0.298,0.059,0.059
1866.958,-0.400,-0.043,-0.043
1867.042,-0.405,-0.048,-0.048
1867.125,-0.354,0.003,0.003
1867.208,-0.681,-0.324,-0.324
1867.292,-0.421,-0.064,-0.064
1867.375,-0.574,-0.217,-0.217
1867.458,-0.350,0.007,0.007
1867.542,-0.253,0.104,0.104
1867.625,-0.330,0.027,0.027
1867.708,-0.148,0.209,0.209
1867.792,-0.125,0.232,0.232
1867.875,-0.196,0.161,0.161
1867.958,-0.445,-0.088,-0.088
1868.042,-0.685,-0.328,-0.328
1868.125,-0.693,-0.336,-0.336
1868.208,-0.335,0.022,0.022
1868.292,-0.363,-0.006,-0.006
1868.375,-0.286,0.071,0.071
1868.458,-0.298,0.059,0.059
1868.542,-0.060,0.297,0.297
1868.625,-0.193,0.164,0.164
1868.708,-0.345,0.012,0.012
1868.792,-0.230,0.127,0.127
1868.875,-0.423,-0.066,-0.066
1868.958,-0.314,0.043,0.043
1869.042,-0.336,0.021,0.021
1869.125,0.131,0.488,0.488
1869.208,-0.626,-0.269,-0.269
1869.292,-0.406,-0.049,-0.049
1869.375,-0.310,0.047,0.047
1869.458,-0.385,-0.028,-0.028
1869.542,-0.417,-0.060,-0.060
1869.625,-0.168,0.189,0.189
1869.708,-0.172,0.185,0.185
1869.792,-0.293,0.064,0.064
1869.875,-0.282,0.075,0.075
1869.958,-0.537,-0.180,-0.180
1870.042,-0.211,0.146,0.146
1870.125,-0.454,-0.097,-0.097
1870.208,-0.498,-0.141,-0.141
1870.292,-0.333,0.024,0.024
1870.375,-0.298,0.059,0.059
1870.458,-0.231,0.126,0.126
1870.542,-0.073,0.284,0.284
1870.625,-0.258,0.099,0.099
1870.708,-0.202,0.155,0.155
1870.792,-0.443,-0.086,-0.086
1870.875,-0.266,0.091,0.091
1870.958,-0.666,-0.309,-0.309
1871.042,-0.558,-0.201,-0.201
1871.125,-0.672,-0.315,-0.315
1871.208,-0.172,0.185,0.185
1871.292,-0.222,0.135,0.135
1871.375,-0.362,-0.005,-0.005
1871.458,-0.286,0.071,0.071
1871.542,-0.082,0.275,0.275
1871.625,-0.322,0.035,0.035
1871.708,-0.361,-0.004,-0.004
1871.792,-0.373,-0.016,-0.016
1871.875,-0.523,-0.166,-0.166
1871.958,-0.489,-0.132,-0.132
1872.042,-0.599,-0.242,-0.242
1872.125,-0.620,-0.263,-0.263
1872.208,-0.524,-0.167,-0.167
1872.292,-0.385,-0.028,-0.028
1872.375,-0.142,0.215,0.215
1872.458,-0.280,0.077,0.077
1872.542,-0.146,0.211,0.211
1872.625,0.009,0.366,0.366
1872.708,-0.176,0.181,0.181
1872.792,-0.204,0.153,0.153
1872.875,-0.322,0.035,0.035
1872.958,-0.548,-0.191,-0.191
1873.042,-0.262,0.095,0.095
1873.125,-0.283,0.074,0.074
1873.208,-0.409,-0.052,-0.052
1873.292,-0.481,-0.124,-0.124
1873.375,-0.351,0.006,0.006
1873.458,-0.321,0.036,0.036
1873.542,-0.176,0.181,0.181
1873.625,-0.228,0.129,0.129
1873.708,-0.405,-0.048,-0.048
1873.792,-0.391,-0.034,-0.034
1873.875,-0.463,-0.106,-0.106
1873.958,-0.328,0.029,0.029
1874.042,-0.199,0.158,0.158
1874.125,-0.438,-0.081,-0.081
1874.208,-0.673,-0.316,-0.316
1874.292,-0.437,-0.080,-0.080
1874.375,-0.334,0.023,0.023
1874.458,-0.566,-0.209,-0.209
1874.542,-0.167,0.190,0.190
1874.625,-0.296,0.061,0.061
1874.708,-0.168,0.189,0.189
1874.792,-0.471,-0.114,-0.114
1874.875,-0.418,-0.061,-0.061
1874.958,-0.312,0.045,0.045
1875.042,-0.571,-0.214,-0.214
1875.125,-0.479,-0.122,-0.122
1875.208,-0.564,-0.207,-0.207
1875.292,-0.358,-0.001,-0.001
1875.375,-0.273,0.084,0.084
1875.458,-0.280,0.077,0.077
1875.542,-0.182,0.175,0.175
1875.625,-0.246,0.111,0.111
1875.708,-0.234,0.123,0.123
1875.792,-0.233,0.124,0.124
1875.875,-0.509,-0.152,-0.152
1875.958,-0.577,-0.220,-0.220
1876.042,-0.514,-0.157,-0.157
1876.125,-0.337,0.020,0.020
1876.208,-0.362,-0.005,-0.005
1876.292,-0.424,-0.067,-0.067
1876.375,-0.590,-0.233,-0.233
1876.458,-0.352,0.005,0.005
1876.542,-0.214,0.143,0.143
1876.625,-0.327,0.030,0.030
1876.708,-0.418,-0.061,-0.061
1876.792,-0.300,0.057,0.057
1876.875,-0.607,-0.250,-0.250
1876.958,-0.643,-0.286,-0.286
1877.042,-0.411,-0.054,-0.054
1877.125,-0.209,0.148,0.148
1877.208,-0.091,0.266,0.266
1877.292,-0.346,0.011,0.011
1877.375,-0.411,-0.054,-0.054
1877.458,-0.138,0.219,0.219
1877.542,-0.016,0.341,0.341
1877.625,0.211,0.568,0.568
1877.708,0.108,0.465,0.465
1877.792,0.113,0.470,0.470
1877.875,0.034,0.391,0.391
1877.958,-0.056,0.301,0.301
1878.042,-0.070,0.287,0.287
1878.125,0.229,0.586,0.586
1878.208,0.361,0.718,0.718
1878.292,0.189,0.546,0.546
1878.375,-0.122,0.235,0.235
1878.458,0.010,0.367,0.367
1878.542,-0.077,0.280,0.280
1878.625,-0.047,0.310,0.310
1878.708,0.021,0.378,0.378
1878.792,-0.165,0.192,0.192
1878.875,-0.143,0.214,0.214
1878.958,-0.323,0.034,0.034
1879.042,-0.238,0.119,0.119
1879.125,-0.266,0.091,0.091
1879.208,-0.258,0.099,0.099
1879.292,-0.382,-0.025,-0.025
1879.375,-0.344,0.013,0.013
1879.458,-0.283,0.074,0.074
1879.542,-0.264,0.093,0.093
1879.625,-0.265,0.092,0.092
1879.708,-0.236,0.121,0.121
1879.792,-0.159,0.198,0.198
1879.875,-0.397,-0.040,-0.040
1879.958,-0.550,-0.193,-0.193
1880.042,-0.394,-0.037,-0.037
1880.125,-0.450,-0.093,-0.093
1880.208,-0.194,0.163,0.163
1880.292,-0.338,0.019,0.019
1880.375,-0.325,0.032,0.032
1880.458,-0.381,-0.024,-0.024
1880.542,-0.315,0.042,0.042
1880.625,-0.107,0.250,0.250
1880.708,-0.297,0.060,0.060
1880.792,-0.391,-0.034,-0.034
1880.875,-0.281,0.076,0.076
1880.958,-0.317,0.040,0.040
1881.042,-0.215,0.142,0.142
1881.125,-0.225,0.132,0.132
1881.208,-0.248,0.109,0.109
1881.292,-0.063,0.294,0.294
1881.375,-0.122,0.235,0.235
1881.458,-0.399,-0.042,-0.042
1881.542,-0.194,0.163,0.163
1881.625,-0.138,0.219,0.219
1881.708,-0.301,0.056,0.056
1881.792,-0.231,0.126,0.126
1881.875,-0.381,-0.024,-0.024
1881.958,-0.271,0.086,0.086
1882.042,-0.025,0.332,0.332
1882.125,-0.117,0.240,0.240
1882.208,-0.177,0.180,0.180
1882.292,-0.315,0.042,0.042
1882.375,-0.326,0.031,0.031
1882.458,-0.392,-0.035,-0.035
1882.542,-0.341,0.016,0.016
1882.625,-0.245,0.112,0.112
1882.708,-0.150,0.207,0.207
1882.792,-0.399,-0.042,-0.042
1882.875,-0.404,-0.047,-0.047
1882.958,-0.655,-0.298,-0.298
1883.042,-0.473,-0.116,-0.116
1883.125,-0.485,-0.128,-0.128
1883.208,-0.266,0.091,0.091
1883.292,-0.439,-0.082,-0.082
1883.375,-0.340,0.017,0.017
1883.458,-0.190,0.167,0.167
1883.542,-0.219,0.138,0.138
1883.625,-0.288,0.069,0.069
1883.708,-0.306,0.051,0.051
1883.792,-0.340,0.017,0.017
1883.875,-0.396,-0.039,-0.039
1883.958,-0.415,-0.058,-0.058
1884.042,-0.444,-0.087,-0.087
1884.125,-0.333,0.024,0.024
1884.208,-0.505,-0.148,-0.148
1884.292,-0.509,-0.152,-0.152
1884.375,-0.566,-0.209,-0.209
1884.458,-0.514,-0.157,-0.157
1884.542,-0.566,-0.209,-0.209
1884.625,-0.429,-0.072,-0.072
1884.708,-0.504,-0.147,-0.147
1884.792,-0.463,-0.106,-0.106
1884.875,-0.585,-0.228,-0.228
1884.958,-0.490,-0.133,-0.133
1885.042,-0.656,-0.299,-0.299
1885.125,-0.553,-0.196,-0.196
1885.208,-0.421,-0.064,-0.064
1885.292,-0.635,-0.278,-0.278
1885.375,-0.606,-0.249,-0.249
1885.458,-0.637,-0.280,-0.280
1885.542,-0.420,-0.063,-0.063
1885.625,-0.405,-0.048,-0.048
1885.708,-0.357,0.000,0.000
1885.792,-0.362,-0.005,-0.005
1885.875,-0.384,-0.027,-0.027
1885.958,-0.218,0.139,0.139
1886.042,-0.480,-0.123,-0.123
1886.125,-0.479,-0.122,-0.122
1886.208,-0.487,-0.130,-0.130
1886.292,-0.362,-0.005,-0.005
1886.375,-0.293,0.064,0.064
1886.458,-0.502,-0.145,-0.145
1886.542,-0.302,0.055,0.055
1886.625,-0.457,-0.100,-0.100
1886.708,-0.391,-0.034,-0.034
1886.792,-0.413,-0.056,-0.056
1886.875,-0.491,-0.134,-0.134
1886.958,-0.395,-0.038,-0.038
1887.042,-0.744,-0.387,-0.387
1887.125,-0.659,-0.302,-0.302
1887.208,-0.445,-0.088,-0.088
1887.292,-0.483,-0.126,-0.126
1887.375,-0.529,-0.172,-0.172
1887.458,-0.526,-0.169,-0.169
1887.542,-0.389,-0.032,-0.032
1887.625,-0.446,-0.089,-0.089
1887.708,-0.389,-0.032,-0.032
1887.792,-0.445,-0.088,-0.088
1887.875,-0.435,-0.078,-0.078
1887.958,-0.497,-0.140,-0.140
1888.042,-0.618,-0.261,-0.261
1888.125,-0.587,-0.230,-0.230
1888.208,-0.597,-0.240,-0.240
1888.292,-0.352,0.005,0.005
1888.375,-0.411,-0.054,-0.054
1888.458,-0.322,0.035,0.035
1888.542,-0.339,0.018,0.018
1888.625,-0.311,0.046,0.046
1888.708,-0.325,0.032,0.032
1888.792,-0.166,0.191,0.191
1888.875,-0.265,0.092,0.092
1888.958,-0.259,0.098,0.098
1889.042,-0.297,0.060,0.060
1889.125,-0.007,0.350,0.350
1889.208,-0.087,0.270,0.270
1889.292,-0.087,0.270,0.270
1889.375,-0.158,0.199,0.199
1889.458,-0.213,0.144,0.144
1889.542,-0.281,0.076,0.076
1889.625,-0.307,0.050,0.050
1889.708,-0.342,0.015,0.015
1889.792,-0.370,-0.013,-0.013
1889.875,-0.506,-0.149,-0.149
1889.958,-0.344,0.013,0.013
1890.042,-0.534,-0.177,-0.177
1890.125,-0.465,-0.108,-0.108
1890.208,-0.611,-0.254,-0.254
1890.292,-0.494,-0.137,-0.137
1890.375,-0.536,-0.179,-0.179
1890.458,-0.495,-0.138,-0.138
1890.542,-0.489,-0.132,-0.132
1890.625,-0.467,-0.110,-0.110
1890.708,-0.482,-0.125,-0.125
1890.792,-0.439,-0.082,-0.082
1890.875,-0.670,-0.313,-0.313
1890.958,-0.399,-0.042,-0.042
1891.042,-0.580,-0.223,-0.223
1891.125,-0.598,-0.241,-0.241
1891.208,-0.363,-0.006,-0.006
1891.292,-0.448,-0.091,-0.091
1891.375,-0.346,0.011,0.011
1891.458,-0.375,-0.018,-0.018
1891.542,-0.400,-0.043,-0.043
1891.625,-0.355,0.002,0.002
1891.708,-0.257,0.100,0.100
1891.792,-0.343,0.014,0.014
1891.875,-0.534,-0.177,-0.177
1891.958,-0.218,0.139,0.139
1892.042,-0.465,-0.108,-0.108
1892.125,-0.290,0.067,0.067
1892.208,-0.533,-0.176,-0.176
1892.292,-0.546,-0.189,-0.189
1892.375,-0.457,-0.100,-0.100
1892.458,-0.436,-0.079,-0.079
1892.542,-0.587,-0.230,-0.230
1892.625,-0.508,-0.151,-0.151
1892.708,-0.382,-0.025,-0.025
1892.792,-0.434,-0.077,-0.077
1892.875,-0.661,-0.304,-0.304
1892.958,-0.792,-0.435,-0.435
1893.042,-1.045,-0.688,-0.688
1893.125,-0.845,-0.488,-0.488
1893.208,-0.427,-0.070,-0.070
1893.292,-0.515,-0.158,-0.158
1893.375,-0.572,-0.215,-0.215
1893.458,-0.442,-0.085,-0.085
1893.542,-0.244,0.113,0.113
1893.625,-0.287,0.070,0.070
1893.708,-0.365,-0.008,-0.008
1893.792,-0.304,0.053,0.053
1893.875,-0.405,-0.048,-0.048
1893.958,-0.485,-0.128,-0.128
1894.042,-0.628,-0.271,-0.271
1894.125,-0.429,-0.072,-0.072
1894.208,-0.512,-0.155,-0.155
1894.292,-0.537,-0.180,-0.180
1894.375,-0.519,-0.162,-0.162
1894.458,-0.584,-0.227,-0.227
1894.542,-0.392,-0.035,-0.035
1894.625,-0.354,0.003,0.003
1894.708,-0.440,-0.083,-0.083
1894.792,-0.399,-0.042,-0.042
1894.875,-0.460,-0.103,-0.103
1894.958,-0.552,-0.195,-0.195
1895.042,-0.636,-0.279,-0.279
1895.125,-0.642,-0.285,-0.285
1895.208,-0.618,-0.261,-0.261
1895.292,-0.461,-0.104,-0.104
1895.375,-0.483,-0.126,-0.126
1895.458,-0.425,-0.068,-0.068
1895.542,-0.335,0.022,0.022
1895.625,-0.377,-0.020,-0.020
1895.708,-0.394,-0.037,-0.037
1895.792,-0.326,0.031,0.031
1895.875,-0.321,0.036,0.036
1895.958,-0.367,-0.010,-0.010
1896.042,-0.315,0.042,0.042
1896.125,-0.337,0.020,0.020
1896.208,-0.588,-0.231,-0.231
1896.292,-0.546,-0.189,-0.189
1896.375,-0.356,0.001,0.001
1896.458,-0.230,0.127,0.127
1896.542,-0.182,0.175,0.175
1896.625,-0.172,0.185,0.185
1896.708,-0.155,0.202,0.202
1896.792,-0.118,0.239,0.239
1896.875,-0.314,0.043,0.043
1896.958,-0.094,0.263,0.263
1897.042,-0.300,0.057,0.057
1897.125,-0.349,0.008,0.008
1897.208,-0.415,-0.058,-0.058
1897.292,-0.118,0.239,0.239
1897.375,-0.114,0.243,0.243
1897.458,-0.163,0.194,0.194
1897.542,-0.187,0.170,0.170
1897.625,-0.185,0.172,0.172
1897.708,-0.186,0.171,0.171
1897.792,-0.212,0.145,0.145
1897.875,-0.423,-0.066,-0.066
1897.958,-0.465,-0.108,-0.108
1898.042,-0.199,0.158,0.158
1898.125,-0.556,-0.199,-0.199
1898.208,-0.843,-0.486,-0.486
1898.292,-0.663,-0.306,-0.306
1898.375,-0.560,-0.203,-0.203
1898.458,-0.335,0.022,0.022
1898.542,-0.395,-0.038,-0.038
1898.625,-0.389,-0.032,-0.032
1898.708,-0.371,-0.014,-0.014
1898.792,-0.501,-0.144,-0.144
1898.875,-0.529,-0.172,-0.172
1898.958,-0.490,-0.133,-0.133
1899.042,-0.360,-0.003,-0.003
1899.125,-0.554,-0.197,-0.197
1899.208,-0.589,-0.232,-0.232
1899.292,-0.439,-0.082,-0.082
1899.375,-0.359,-0.002,-0.002
1899.458,-0.501,-0.144,-0.144
1899.542,-0.366,-0.009,-0.009
1899.625,-0.240,0.117,0.117
1899.708,-0.152,0.205,0.205
1899.792,-0.183,0.174,0.174
1899.875,-0.057,0.300,0.300
1899.958,-0.466,-0.109,-0.109
1900.042,-0.507,-0.150,-0.150
1900.125,-0.203,0.154,0.154
1900.208,-0.200,0.157,0.157
1900.292,-0.224,0.133,0.133
1900.375,-0.303,0.054,0.054
1900.458,-0.217,0.140,0.140
1900.542,-0.191,0.166,0.166
1900.625,-0.211,0.146,0.146
1900.708,-0.196,0.161,0.161
1900.792,-0.065,0.292,0.292
1900.875,-0.263,0.094,0.094
1900.958,-0.236,0.121,0.121
1901.042,-0.281,0.076,0.076
1901.125,-0.268,0.089,0.089
1901.208,-0.201,0.156,0.156
1901.292,-0.175,0.182,0.182
1901.375,-0.249,0.108,0.108
1901.458,-0.237,0.120,0.120
1901.542,-0.329,0.028,0.028
1901.625,-0.205,0.152,0.152
1901.708,-0.355,0.002,0.002
1901.792,-0.341,0.016,0.016
1901.875,-0.396,-0.039,-0.039
1901.958,-0.485,-0.128,-0.128
1902.042,-0.440,-0.083,-0.083
1902.125,-0.232,0.125,0.125
1902.208,-0.474,-0.117,-0.117
1902.292,-0.431,-0.074,-0.074
1902.375,-0.430,-0.073,-0.073
1902.458,-0.445,-0.088,-0.088
1902.542,-0.389,-0.032,-0.032
1902.625,-0.425,-0.068,-0.068
1902.708,-0.373,-0.016,-0.016
1902.792,-0.501,-0.144,-0.144
1902.875,-0.563,-0.206,-0.206
1902.958,-0.566,-0.209,-0.209
1903.042,-0.434,-0.077,-0.077
1903.125,-0.240,0.117,0.117
1903.208,-0.398,-0.041,-0.041
1903.292,-0.588,-0.231,-0.231
1903.375,-0.516,-0.159,-0.159
1903.458,-0.548,-0.191,-0.191
1903.542,-0.505,-0.148,-0.148
1903.625,-0.601,-0.244,-0.244
1903.708,-0.560,-0.203,-0.203
1903.792,-0.665,-0.308,-0.308
1903.875,-0.630,-0.273,-0.273
1903.958,-0.714,-0.357,-0.357
1904.042,-0.807,-0.450,-0.450
1904.125,-0.770,-0.413,-0.413
1904.208,-0.696,-0.339,-0.339
1904.292,-0.647,-0.290,-0.290
1904.375,-0.609,-0.252,-0.252
1904.458,-0.564,-0.207,-0.207
1904.542,-0.553,-0.196,-0.196
1904.625,-0.478,-0.121,-0.121
1904.708,-0.597,-0.240,-0.240
1904.792,-0.553,-0.196,-0.196
1904.875,-0.397,-0.040,-0.040
1904.958,-0.500,-0.143,-0.143
1905.042,-0.463,-0.106,-0.106
1905.125,-0.720,-0.363,-0.363
1905.208,-0.524,-0.167,-0.167
1905.292,-0.559,-0.202,-0.202
1905.375,-0.434,-0.077,-0.077
1905.458,-0.343,0.014,0.014
1905.542,-0.373,-0.016,-0.016
1905.625,-0.304,0.053,0.053
1905.708,-0.345,0.012,0.012
1905.792,-0.335,0.022,0.022
1905.875,-0.217,0.140,0.140
1905.958,-0.274,0.083,0.083
1906.042,-0.297,0.060,0.060
1906.125,-0.389,-0.032,-0.032
1906.208,-0.290,0.067,0.067
1906.292,-0.104,0.253,0.253
1906.375,-0.377,-0.020,-0.020
1906.458,-0.233,0.124,0.124
1906.542,-0.343,0.014,0.014
1906.625,-0.271,0.086,0.086
1906.708,-0.353,0.004,0.004
1906.792,-0.322,0.035,0.035
1906.875,-0.532,-0.175,-0.175
1906.958,-0.321,0.036,0.036
1907.042,-0.529,-0.172,-0.172
1907.125,-0.619,-0.262,-0.262
1907.208,-0.438,-0.081,-0.081
1907.292,-0.478,-0.121,-0.121
1907.375,-0.645,-0.288,-0.288
1907.458,-0.544,-0.187,-0.187
1907.542,-0.425,-0.068,-0.068
1907.625,-0.491,-0.134,-0.134
1907.708,-0.399,-0.042,-0.042
1907.792,-0.336,0.021,0.021
1907.875,-0.556,-0.199,-0.199
1907.958,-0.590,-0.233,-0.233
1908.042,-0.466,-0.109,-0.109
1908.125,-0.414,-0.057,-0.057
1908.208,-0.704,-0.347,-0.347
1908.292,-0.588,-0.231,-0.231
1908.375,-0.453,-0.096,-0.096
1908.458,-0.413,-0.056,-0.056
1908.542,-0.401,-0.044,-0.044
1908.625,-0.481,-0.124,-0.124
1908.708,-0.387,-0.030,-0.030
1908.792,-0.575,-0.218,-0.218
1908.875,-0.645,-0.288,-0.288
1908.958,-0.638,-0.281,-0.281
1909.042,-0.763,-0.406,-0.406
1909.125,-0.536,-0.179,-0.179
1909.208,-0.652,-0.295,-0.295
1909.292,-0.633,-0.276,-0.276
1909.375,-0.592,-0.235,-0.235
1909.458,-0.500,-0.143,-0.143
1909.542,-0.524,-0.167,-0.167
1909.625,-0.337,0.020,0.020
1909.708,-0.416,-0.059,-0.059
1909.792,-0.495,-0.138,-0.138
1909.875,-0.387,-0.030,-0.030
1909.958,-0.596,-0.239,-0.239
1910.042,-0.433,-0.076,-0.076
1910.125,-0.529,-0.172,-0.172
1910.208,-0.619,-0.262,-0.262
1910.292,-0.535,-0.178,-0.178
1910.375,-0.537,-0.180,-0.180
1910.458,-0.559,-0.202,-0.202
1910.542,-0.435,-0.078,-0.078
1910.625,-0.389,-0.032,-0.032
1910.708,-0.423,-0.066,-0.066
1910.792,-0.485,-0.128,-0.128
1910.875,-0.672,-0.315,-0.315
1910.958,-0.757,-0.400,-0.400
1911.042,-0.668,-0.311,-0.311
1911.125,-0.706,-0.349,-0.349
1911.208,-0.764,-0.407,-0.407
1911.292,-0.644,-0.287,-0.287
1911.375,-0.627,-0.270,-0.270
1911.458,-0.554,-0.197,-0.197
1911.542,-0.493,-0.136,-0.136
1911.625,-0.506,-0.149,-0.149
1911.708,-0.498,-0.141,-0.141
1911.792,-0.345,0.012,0.012
1911.875,-0.349,0.008,0.008
1911.958,-0.315,0.042,0.042
1912.042,-0.329,0.028,0.028
1912.125,-0.315,0.042,0.042
1912.208,-0.554,-0.197,-0.197
1912.292,-0.338,0.019,0.019
1912.375,-0.335,0.022,0.022
1912.458,-0.285,0.072,0.072
1912.542,-0.507,-0.150,-0.150
1912.625,-0.572,-0.215,-0.215
1912.708,-0.644,-0.287,-0.287
1912.792,-0.679,-0.322,-0.322
1912.875,-0.558,-0.201,-0.201
1912.958,-0.591,-0.234,-0.234
1913.042,-0.564,-0.207,-0.207
1913.125,-0.550,-0.193,-0.193
1913.208,-0.606,-0.249,-0.249
1913.292,-0.534,-0.177,-0.177
1913.375,-0.541,-0.184,-0.184
1913.458,-0.551,-0.194,-0.194
1913.542,-0.477,-0.120,-0.120
1913.625,-0.396,-0.039,-0.039
1913.708,-0.417,-0.060,-0.060
1913.792,-0.438,-0.081,-0.081
1913.875,-0.368,-0.011,-0.011
1913.958,-0.164,0.193,0.193
1914.042,-0.078,0.279,0.279
1914.125,-0.270,0.087,0.087
1914.208,-0.397,-0.040,-0.040
1914.292,-0.409,-0.052,-0.052
1914.375,-0.308,0.049,0.049
1914.458,-0.308,0.049,0.049
1914.542,-0.297,0.060,0.060
1914.625,-0.245,0.112,0.112
1914.708,-0.301,0.056,0.056
1914.792,-0.110,0.247,0.247
1914.875,-0.190,0.167,0.167
1914.958,-0.237,0.120,0.120
1915.042,-0.287,0.070,0.070
1915.125,-0.220,0.137,0.137
1915.208,-0.194,0.163,0.163
1915.292,-0.083,0.274,0.274
1915.375,-0.168,0.189,0.189
1915.458,-0.172,0.185,0.185
1915.542,-0.169,0.188,0.188
1915.625,-0.067,0.290,0.290
1915.708,-0.120,0.237,0.237
1915.792,-0.286,0.071,0.071
1915.875,-0.173,0.184,0.184
1915.958,-0.362,-0.005,-0.005
1916.042,-0.338,0.019,0.019
1916.125,-0.264,0.093,0.093
1916.208,-0.439,-0.082,-0.082
1916.292,-0.375,-0.018,-0.018
1916.375,-0.418,-0.061,-0.061
1916.458,-0.495,-0.138,-0.138
1916.542,-0.385,-0.028,-0.028
1916.625,-0.297,0.060,0.060
1916.708,-0.322,0.035,0.035
1916.792,-0.374,-0.017,-0.017
1916.875,-0.514,-0.157,-0.157
1916.958,-0.821,-0.464,-0.464
1917.042,-0.689,-0.332,-0.332
1917.125,-0.716,-0.359,-0.359
1917.208,-0.784,-0.427,-0.427
1917.292,-0.546,-0.189,-0.189
1917.375,-0.644,-0.287,-0.287
1917.458,-0.479,-0.122,-0.122
1917.542,-0.245,0.112,0.112
1917.625,-0.333,0.024,0.024
1917.708,-0.298,0.059,0.059
1917.792,-0.536,-0.179,-0.179
1917.875,-0.459,-0.102,-0.102
1917.958,-0.787,-0.430,-0.430
1918.042,-0.518,-0.161,-0.161
1918.125,-0.672,-0.315,-0.315
1918.208,-0.579,-0.222,-0.222
1918.292,-0.623,-0.266,-0.266
1918.375,-0.525,-0.168,-0.168
1918.458,-0.387,-0.030,-0.030
1918.542,-0.370,-0.013,-0.013
1918.625,-0.430,-0.073,-0.073
1918.708,-0.258,0.099,0.099
1918.792,-0.119,0.238,0.238
1918.875,-0.190,0.167,0.167
1918.958,-0.424,-0.067,-0.067
1919.042,-0.251,0.106,0.106
1919.125,-0.242,0.115,0.115
1919.208,-0.392,-0.035,-0.035
1919.292,-0.211,0.146,0.146
1919.375,-0.308,0.049,0.049
1919.458,-0.358,-0.001,-0.001
1919.542,-0.300,0.057,0.057
1919.625,-0.238,0.119,0.119
1919.708,-0.286,0.071,0.071
1919.792,-0.259,0.098,0.098
1919.875,-0.558,-0.201,-0.201
1919.958,-0.503,-0.146,-0.146
1920.042,-0.259,0.098,0.098
1920.125,-0.546,-0.189,-0.189
1920.208,-0.172,0.185,0.185
1920.292,-0.337,0.020,0.020
1920.375,-0.256,0.101,0.101
1920.458,-0.238,0.119,0.119
1920.542,-0.300,0.057,0.057
1920.625,-0.227,0.130,0.130
1920.708,-0.196,0.161,0.161
1920.792,-0.218,0.139,0.139
1920.875,-0.346,0.011,0.011
1920.958,-0.488,-0.131,-0.131
1921.042,-0.218,0.139,0.139
1921.125,-0.295,0.062,0.062
1921.208,-0.343,0.014,0.014
1921.292,-0.291,0.066,0.066
1921.375,-0.302,0.055,0.055
1921.458,-0.154,0.203,0.203
1921.542,-0.155,0.202,0.202
1921.625,-0.321,0.036,0.036
1921.708,-0.207,0.150,0.150
1921.792,-0.134,0.223,0.223
1921.875,-0.196,0.161,0.161
1921.958,-0.271,0.086,0.086
1922.042,-0.419,-0.062,-0.062
1922.125,-0.409,-0.052,-0.052
1922.208,-0.344,0.013,0.013
1922.292,-0.291,0.066,0.066
1922.375,-0.470,-0.113,-0.113
1922.458,-0.293,0.064,0.064
1922.542,-0.259,0.098,0.098
1922.625,-0.356,0.001,0.001
1922.708,-0.324,0.033,0.033
1922.792,-0.345,0.012,0.012
1922.875,-0.255,0.102,0.102
1922.958,-0.305,0.052,0.052
1923.042,-0.404,-0.047,-0.047
1923.125,-0.494,-0.137,-0.137
1923.208,-0.456,-0.099,-0.099
1923.292,-0.410,-0.053,-0.053
1923.375,-0.404,-0.047,-0.047
1923.458,-0.253,0.104,0.104
1923.542,-0.420,-0.063,-0.063
1923.625,-0.324,0.033,0.033
1923.708,-0.341,0.016,0.016
1923.792,-0.176,0.181,0.181
1923.875,-0.034,0.323,0.323
1923.958,-0.100,0.257,0.257
1924.042,-0.327,0.030,0.030
1924.125,-0.315,0.042,0.042
1924.208,-0.176,0.181,0.181
1924.292,-0.342,0.015,0.015
1924.375,-0.218,0.139,0.139
1924.458,-0.276,0.081,0.081
1924.542,-0.294,0.063,0.063
1924.625,-0.317,0.040,0.040
1924.708,-0.331,0.026,0.026
1924.792,-0.366,-0.009,-0.009
1924.875,-0.291,0.066,0.066
1924.958,-0.492,-0.135,-0.135
1925.042,-0.492,-0.135,-0.135
1925.125,-0.485,-0.128,-0.128
1925.208,-0.374,-0.017,-0.017
1925.292,-0.307,0.050,0.050
1925.375,-0.306,0.051,0.051
1925.458,-0.334,0.023,0.023
1925.542,-0.331,0.026,0.026
1925.625,-0.168,0.189,0.189
1925.708,-0.259,0.098,0.098
1925.792,-0.289,0.068,0.068
1925.875,-0.059,0.298,0.298
1925.958,0.014,0.371,0.371
1926.042,0.083,0.440,0.440
1926.125,-0.035,0.322,0.322
1926.208,0.024,0.381,0.381
1926.292,-0.158,0.199,0.199
1926.375,-0.270,0.087,0.087
1926.458,-0.183,0.174,0.174
1926.542,-0.208,0.149,0.149
1926.625,-0.100,0.257,0.257
1926.708,-0.118,0.239,0.239
1926.792,-0.070,0.287,0.287
1926.875,-0.116,0.241,0.241
1926.958,-0.322,0.035,0.035
1927.042,-0.311,0.046,0.046
1927.125,-0.212,0.145,0.145
1927.208,-0.419,-0.062,-0.062
1927.292,-0.315,0.042,0.042
1927.375,-0.230,0.127,0.127
1927.458,-0.248,0.109,0.109
1927.542,-0.205,0.152,0.152
1927.625,-0.213,0.144,0.144
1927.708,-0.120,0.237,0.237
1927.792,-0.030,0.327,0.327
1927.875,-0.127,0.230,0.230
1927.958,-0.324,0.033,0.033
1928.042,-0.017,0.340,0.340
1928.125,-0.125,0.232,0.232
1928.208,-0.320,0.037,0.037
1928.292,-0.235,0.122,0.122
1928.375,-0.301,0.056,0.056
1928.458,-0.327,0.030,0.030
1928.542,-0.188,0.169,0.169
1928.625,-0.179,0.178,0.178
1928.708,-0.207,0.150,0.150
1928.792,-0.184,0.173,0.173
1928.875,-0.172,0.185,0.185
1928.958,-0.227,0.130,0.130
1929.042,-0.436,-0.079,-0.079
1929.125,-0.604,-0.247,-0.247
1929.208,-0.487,-0.130,-0.130
1929.292,-0.437,-0.080,-0.080
1929.375,-0.435,-0.078,-0.078
1929.458,-0.409,-0.052,-0.052
1929.542,-0.440,-0.083,-0.083
1929.625,-0.266,0.091,0.091
1929.708,-0.277,0.080,0.080
1929.792,-0.221,0.136,0.136
1929.875,-0.140,0.217,0.217
1929.958,-0.560,-0.203,-0.203
1930.042,-0.363,-0.006,-0.006
1930.125,-0.356,0.001,0.001
1930.208,-0.247,0.110,0.110
1930.292,-0.231,0.126,0.126
1930.375,-0.251,0.106,0.106
1930.458,-0.204,0.153,0.153
1930.542,-0.188,0.169,0.169
1930.625,-0.098,0.259,0.259
1930.708,-0.092,0.265,0.265
1930.792,-0.091,0.266,0.266
1930.875,0.064,0.421,0.421
1930.958,-0.065,0.292,0.292
1931.042,-0.137,0.220,0.220
1931.125,-0.259,0.098,0.098
1931.208,-0.109,0.248,0.248
1931.292,-0.171,0.186,0.186
1931.375,-0.193,0.164,0.164
1931.458,-0.025,0.332,0.332
1931.542,-0.008,0.349,0.349
1931.625,-0.027,0.330,0.330
1931.708,-0.052,0.305,0.305
1931.792,-0.027,0.330,0.330
1931.875,-0.136,0.221,0.221
1931.958,-0.097,0.260,0.260
1932.042,0.080,0.437,0.437
1932.125,-0.178,0.179,0.179
1932.208,-0.195,0.162,0.162
1932.292,-0.061,0.296,0.296
1932.375,-0.160,0.197,0.197
1932.458,-0.255,0.102,0.102
1932.542,-0.130,0.227,0.227
1932.625,-0.190,0.167,0.167
1932.708,-0.001,0.356,0.356
1932.792,-0.094,0.263,0.263
1932.875,-0.295,0.062,0.062
1932.958,-0.267,0.090,0.090
1933.042,-0.311,0.046,0.046
1933.125,-0.351,0.006,0.006
1933.208,-0.385,-0.028,-0.028
1933.292,-0.285,0.072,0.072
1933.375,-0.277,0.080,0.080
1933.458,-0.324,0.033,0.033
1933.542,-0.290,0.067,0.067
1933.625,-0.154,0.203,0.203
1933.708,-0.327,0.030,0.030
1933.792,-0.246,0.111,0.111
1933.875,-0.405,-0.048,-0.048
1933.958,-0.514,-0.157,-0.157
1934.042,-0.323,0.034,0.034
1934.125,-0.145,0.212,0.212
1934.208,-0.431,-0.074,-0.074
1934.292,-0.372,-0.015,-0.015
1934.375,-0.140,0.217,0.217
1934.458,-0.092,0.265,0.265
1934.542,-0.178,0.179,0.179
1934.625,-0.114,0.243,0.243
1934.708,-0.135,0.222,0.222
1934.792,-0.082,0.275,0.275
1934.875,0.032,0.389,0.389
1934.958,-0.111,0.246,0.246
1935.042,-0.348,0.009,0.009
1935.125,0.050,0.407,0.407
1935.208,-0.214,0.143,0.143
1935.292,-0.323,0.034,0.034
1935.375,-0.314,0.043,0.043
1935.458,-0.209,0.148,0.148
1935.542,-0.141,0.216,0.216
1935.625,-0.149,0.208,0.208
1935.708,-0.191,0.166,0.166
1935.792,-0.055,0.302,0.302
1935.875,-0.322,0.035,0.035
1935.958,-0.257,0.100,0.100
1936.042,-0.398,-0.041,-0.041
1936.125,-0.343,0.014,0.014
1936.208,-0.329,0.028,0.028
1936.292,-0.188,0.169,0.169
1936.375,-0.172,0.185,0.185
1936.458,-0.149,0.208,0.208
1936.542,-0.070,0.287,0.287
1936.625,-0.073,0.284,0.284
1936.708,-0.109,0.248,0.248
1936.792,-0.041,0.316,0.316
1936.875,-0.054,0.303,0.303
1936.958,-0.106,0.251,0.251
1937.042,-0.127,0.230,0.230
1937.125,0.066,0.423,0.423
1937.208,-0.262,0.095,0.095
1937.292,-0.121,0.236,0.236
1937.375,-0.091,0.266,0.266
1937.458,-0.008,0.349,0.349
1937.542,0.020,0.377,0.377
1937.625,0.037,0.394,0.394
1937.708,0.145,0.502,0.502
1937.792,0.128,0.485,0.485
1937.875,0.062,0.419,0.419
1937.958,-0.078,0.279,0.279
1938.042,0.046,0.403,0.403
1938.125,-0.010,0.347,0.347
1938.208,-0.015,0.342,0.342
1938.292,0.040,0.397,0.397
1938.375,-0.096,0.261,0.261
1938.458,-0.094,0.263,0.263
1938.542,-0.046,0.311,0.311
1938.625,-0.003,0.354,0.354
1938.708,0.020,0.377,0.377
1938.792,0.163,0.520,0.520
1938.875,0.055,0.412,0.412
1938.958,-0.206,0.151,0.151
1939.042,-0.122,0.235,0.235
1939.125,-0.118,0.239,0.239
1939.208,-0.289,0.068,0.068
1939.292,-0.106,0.251,0.251
1939.375,-0.030,0.327,0.327
1939.458,0.015,0.372,0.372
1939.542,-0.038,0.319,0.319
1939.625,-0.041,0.316,0.316
1939.708,-0.017,0.340,0.340
1939.792,-0.099,0.258,0.258
1939.875,0.021,0.378,0.378
1939.958,0.334,0.691,0.691
1940.042,-0.053,0.304,0.304
1940.125,0.086,0.443,0.443
1940.208,-0.036,0.321,0.321
1940.292,0.149,0.506,0.506
1940.375,0.050,0.407,0.407
1940.458,0.045,0.402,0.402
1940.542,0.148,0.505,0.505
1940.625,0.100,0.457,0.457
1940.708,0.131,0.488,0.488
1940.792,0.096,0.453,0.453
1940.875,-0.005,0.352,0.352
1940.958,0.199,0.556,0.556
1941.042,-0.040,0.317,0.317
1941.125,0.118,0.475,0.475
1941.208,-0.117,0.240,0.240
1941.292,0.036,0.393,0.393
1941.375,0.061,0.418,0.418
1941.458,0.060,0.417,0.417
1941.542,0.161,0.518,0.518
1941.625,0.040,0.397,0.397
1941.708,-0.145,0.212,0.212
1941.792,0.214,0.571,0.571
1941.875,-0.007,0.350,0.350
1941.958,0.075,0.432,0.432
1942.042,0.258,0.615,0.615
1942.125,0.017,0.374,0.374
1942.208,-0.042,0.315,0.315
1942.292,-0.015,0.342,0.342
1942.375,0.124,0.481,0.481
1942.458,0.030,0.387,0.387
1942.542,-0.060,0.297,0.297
1942.625,-0.057,0.300,0.300
1942.708,-0.013,0.344,0.344
1942.792,-0.087,0.270,0.270
1942.875,-0.058,0.299,0.299
1942.958,-0.080,0.277,0.277
1943.042,-0.183,0.174,0.174
1943.125,-0.031,0.326,0.326
1943.208,-0.168,0.189,0.189
1943.292,0.023,0.380,0.380
1943.375,0.036,0.393,0.393
1943.458,-0.075,0.282,0.282
1943.542,0.018,0.375,0.375
1943.625,0.032,0.389,0.389
1943.708,-0.013,0.344,0.344
1943.792,0.228,0.585,0.585
1943.875,0.104,0.461,0.461
1943.958,0.106,0.463,0.463
1944.042,0.318,0.675,0.675
1944.125,0.119,0.476,0.476
1944.208,0.120,0.477,0.477
1944.292,0.042,0.399,0.399
1944.375,0.120,0.477,0.477
1944.458,0.107,0.464,0.464
1944.542,0.149,0.506,0.506
1944.625,0.207,0.564,0.564
1944.708,0.168,0.525,0.525
1944.792,0.208,0.565,0.565
1944.875,0.088,0.445,0.445
1944.958,0.083,0.440,0.440
1945.042,0.095,0.452,0.452
1945.125,0.048,0.405,0.405
1945.208,0.039,0.396,0.396
1945.292,0.210,0.567,0.567
1945.375,-0.062,0.295,0.295
1945.458,-0.037,0.320,0.320
1945.542,0.000,0.357,0.357
1945.625,0.236,0.593,0.593
1945.708,0.103,0.460,0.460
1945.792,0.094,0.451,0.451
1945.875,-0.011,0.346,0.346
1945.958,-0.200,0.157,0.157
1946.042,0.046,0.403,0.403
1946.125,-0.116,0.241,0.241
1946.208,-0.122,0.235,0.235
1946.292,-0.001,0.356,0.356
1946.375,-0.083,0.274,0.274
1946.458,-0.270,0.087,0.087
1946.542,-0.109,0.248,0.248
1946.625,-0.154,0.203,0.203
1946.708,-0.098,0.259,0.259
1946.792,-0.068,0.289,0.289
1946.875,-0.108,0.249,0.249
1946.958,-0.343,0.014,0.014
1947.042,-0.151,0.206,0.206
1947.125,-0.141,0.216,0.216
1947.208,-0.076,0.281,0.281
1947.292,-0.055,0.302,0.302
1947.375,-0.071,0.286,0.286
1947.458,-0.093,0.264,0.264
1947.542,-0.065,0.292,0.292
1947.625,-0.113,0.244,0.244
1947.708,-0.160,0.197,0.197
1947.792,0.034,0.391,0.391
1947.875,0.029,0.386,0.386
1947.958,-0.233,0.124,0.124
1948.042,-0.019,0.338,0.338
1948.125,-0.239,0.118,0.118
1948.208,-0.283,0.074,0.074
1948.292,-0.115,0.242,0.242
1948.375,0.058,0.415,0.415
1948.458,-0.008,0.349,0.349
1948.542,-0.130,0.227,0.227
1948.625,-0.048,0.309,0.309
1948.708,-0.134,0.223,0.223
1948.792,-0.057,0.300,0.300
1948.875,-0.173,0.184,0.184
1948.958,-0.349,0.008,0.008
1949.042,-0.019,0.338,0.338
1949.125,-0.242,0.115,0.115
1949.208,-0.110,0.247,0.247
1949.292,-0.147,0.210,0.210
1949.375,-0.111,0.246,0.246
1949.458,-0.233,0.124,0.124
1949.542,-0.180,0.177,0.177
1949.625,-0.078,0.279,0.279
1949.708,-0.123,0.234,0.234
1949.792,-0.090,0.267,0.267
1949.875,-0.181,0.176,0.176
1949.958,-0.212,0.145,0.145
1950.042,-0.300,0.057,0.057
1950.125,-0.370,-0.013,-0.013
1950.208,-0.216,0.141,0.141
1950.292,-0.244,0.113,0.113
1950.375,-0.137,0.220,0.220
1950.458,-0.105,0.252,0.252
1950.542,-0.107,0.250,0.250
1950.625,-0.153,0.204,0.204
1950.708,-0.245,0.112,0.112
1950.792,-0.201,0.156,0.156
1950.875,-0.381,-0.024,-0.024
1950.958,-0.261,0.096,0.096
1951.042,-0.360,-0.003,-0.003
1951.125,-0.509,-0.152,-0.152
1951.208,-0.262,0.095,0.095
1951.292,-0.108,0.249,0.249
1951.375,0.032,0.389,0.389
1951.458,0.060,0.417,0.417
1951.542,0.039,0.396,0.396
1951.625,0.121,0.478,0.478
1951.708,0.132,0.489,0.489
1951.792,0.124,0.481,0.481
1951.875,-0.072,0.285,0.285
1951.958,0.069,0.426,0.426
1952.042,0.094,0.451,0.451
1952.125,0.068,0.425,0.425
1952.208,-0.164,0.193,0.193
1952.292,0.046,0.403,0.403
1952.375,0.022,0.379,0.379
1952.458,0.023,0.380,0.380
1952.542,0.090,0.447,0.447
1952.625,0.097,0.454,0.454
1952.708,0.096,0.453,0.453
1952.792,-0.017,0.340,0.340
1952.875,-0.132,0.225,0.225
1952.958,-0.040,0.317,0.317
1953.042,-0.009,0.348,0.348
1953.125,0.095,0.452,0.452
1953.208,0.018,0.375,0.375
1953.292,0.225,0.582,0.582
1953.375,0.149,0.506,0.506
1953.458,0.140,0.497,0.497
1953.542,0.043,0.400,0.400
1953.625,0.087,0.444,0.444
1953.708,0.086,0.443,0.443
1953.792,0.083,0.440,0.440
1953.875,-0.006,0.351,0.351
1953.958,0.019,0.376,0.376
1954.042,-0.243,0.114,0.114
1954.125,-0.089,0.268,0.268
1954.208,-0.183,0.174,0.174
1954.292,-0.115,0.242,0.242
1954.375,-0.171,0.186,0.186
1954.458,-0.130,0.227,0.227
1954.542,-0.196,0.161,0.161
1954.625,-0.102,0.255,0.255
1954.708,-0.113,0.244,0.244
1954.792,-0.012,0.345,0.345
1954.875,0.116,0.473,0.473
1954.958,-0.164,0.193,0.193
1955.042,0.106,0.463,0.463
1955.125,-0.193,0.164,0.164
1955.208,-0.396,-0.039,-0.039
1955.292,-0.229,0.128,0.128
1955.375,-0.239,0.118,0.118
1955.458,-0.178,0.179,0.179
1955.542,-0.208,0.149,0.149
1955.625,-0.088,0.269,0.269
1955.708,-0.143,0.214,0.214
1955.792,-0.113,0.244,0.244
1955.875,-0.321,0.036,0.036
1955.958,-0.364,-0.007,-0.007
1956.042,-0.240,0.117,0.117
1956.125,-0.282,0.075,0.075
1956.208,-0.356,0.001,0.001
1956.292,-0.306,0.051,0.051
1956.375,-0.336,0.021,0.021
1956.458,-0.227,0.130,0.130
1956.542,-0.211,0.146,0.146
1956.625,-0.290,0.067,0.067
1956.708,-0.273,0.084,0.084
1956.792,-0.263,0.094,0.094
1956.875,-0.215,0.142,0.142
1956.958,-0.158,0.199,0.199
1957.042,-0.222,0.135,0.135
1957.125,-0.159,0.198,0.198
1957.208,-0.198,0.159,0.159
1957.292,-0.042,0.315,0.315
1957.375,0.032,0.389,0.389
1957.458,0.065,0.422,0.422
1957.542,-0.063,0.294,0.294
1957.625,0.073,0.430,0.430
1957.708,0.041,0.398,0.398
1957.792,-0.001,0.356,0.356
1957.875,-0.004,0.353,0.353
1957.958,0.052,0.409,0.409
1958.042,0.255,0.612,0.612
1958.125,0.093,0.450,0.450
1958.208,0.005,0.362,0.362
1958.292,-0.070,0.287,0.287
1958.375,0.016,0.373,0.373
1958.458,-0.153,0.204,0.204
1958.542,-0.020,0.337,0.337
1958.625,-0.083,0.274,0.274
1958.708,-0.115,0.242,0.242
1958.792,-0.019,0.338,0.338
1958.875,-0.039,0.318,0.318
1958.958,-0.082,0.275,0.275
1959.042,0.014,0.371,0.371
1959.125,-0.005,0.352,0.352
1959.208,0.017,0.374,0.374
1959.292,0.026,0.383,0.383
1959.375,-0.039,0.318,0.318
1959.458,-0.002,0.355,0.355
1959.542,-0.044,0.313,0.313
1959.625,-0.041,0.316,0.316
1959.708,-0.141,0.216,0.216
1959.792,-0.071,0.286,0.286
1959.875,-0.186,0.171,0.171
1959.958,-0.103,0.254,0.254
1960.042,-0.115,0.242,0.242
1960.125,0.023,0.380,0.380
1960.208,-0.447,-0.090,-0.090
1960.292,-0.262,0.095,0.095
1960.375,-0.179,0.178,0.178
1960.458,-0.126,0.231,0.231
1960.542,-0.114,0.243,0.243
1960.625,-0.006,0.351,0.351
1960.708,0.003,0.360,0.360
1960.792,-0.031,0.326,0.326
1960.875,-0.215,0.142,0.142
1960.958,0.084,0.441,0.441
1961.042,-0.052,0.305,0.305
1961.125,0.091,0.448,0.448
1961.208,-0.062,0.295,0.295
1961.292,0.061,0.418,0.418
1961.375,0.068,0.425,0.425
1961.458,0.088,0.445,0.445
1961.542,-0.040,0.317,0.317
1961.625,-0.017,0.340,0.340
1961.708,-0.030,0.327,0.327
1961.792,-0.064,0.293,0.293
1961.875,-0.031,0.326,0.326
1961.958,-0.252,0.105,0.105
1962.042,-0.057,0.300,0.300
1962.125,0.012,0.369,0.369
1962.208,0.019,0.376,0.376
1962.292,-0.026,0.331,0.331
1962.375,-0.182,0.175,0.175
1962.458,-0.056,0.301,0.301
1962.542,-0.109,0.248,0.248
1962.625,-0.110,0.247,0.247
1962.708,-0.075,0.282,0.282
1962.792,-0.038,0.319,0.319
1962.875,-0.021,0.336,0.336
1962.958,-0.126,0.231,0.231
1963.042,-0.122,0.235,0.235
1963.125,0.040,0.397,0.397
1963.208,-0.341,0.016,0.016
1963.292,-0.179,0.178,0.178
1963.375,-0.147,0.210,0.210
1963.458,-0.067,0.290,0.290
1963.542,0.060,0.417,0.417
1963.625,0.146,0.503,0.503
1963.708,0.122,0.479,0.479
1963.792,0.064,0.421,0.421
1963.875,0.045,0.402,0.402
1963.958,-0.063,0.294,0.294
1964.042,-0.195,0.162,0.162
1964.125,-0.223,0.134,0.134
1964.208,-0.383,-0.026,-0.026
1964.292,-0.442,-0.085,-0.085
1964.375,-0.374,-0.017,-0.017
1964.458,-0.167,0.190,0.190
1964.542,-0.201,0.156,0.156
1964.625,-0.301,0.056,0.056
1964.708,-0.405,-0.048,-0.048
1964.792,-0.311,0.046,0.046
1964.875,-0.299,0.058,0.058
1964.958,-0.372,-0.015,-0.015
1965.042,-0.162,0.195,0.195
1965.125,-0.263,0.094,0.094
1965.208,-0.260,0.097,0.097
1965.292,-0.299,0.058,0.058
1965.375,-0.192,0.165,0.165
1965.458,-0.208,0.149,0.149
1965.542,-0.267,0.090,0.090
1965.625,-0.162,0.195,0.195
1965.708,-0.245,0.112,0.112
1965.792,-0.106,0.251,0.251
1965.875,-0.144,0.213,0.213
1965.958,-0.146,0.211,0.211
1966.042,-0.283,0.074,0.074
1966.125,-0.168,0.189,0.189
1966.208,-0.171,0.186,0.186
1966.292,-0.170,0.187,0.187
1966.375,-0.218,0.139,0.139
1966.458,-0.105,0.252,0.252
1966.542,0.003,0.360,0.360
1966.625,-0.102,0.255,0.255
1966.708,-0.087,0.270,0.270
1966.792,-0.238,0.119,0.119
1966.875,-0.108,0.249,0.249
1966.958,-0.141,0.216,0.216
1967.042,-0.220,0.137,0.137
1967.125,-0.328,0.029,0.029
1967.208,-0.094,0.263,0.263
1967.292,-0.132,0.225,0.225
1967.375,0.057,0.414,0.414
1967.458,-0.108,0.249,0.249
1967.542,-0.068,0.289,0.289
1967.625,-0.099,0.258,0.258
1967.708,-0.125,0.232,0.232
1967.792,-0.020,0.337,0.337
1967.875,-0.120,0.237,0.237
1967.958,-0.154,0.203,0.203
1968.042,-0.325,0.032,0.032
1968.125,-0.268,0.089,0.089
1968.208,-0.004,0.353,0.353
1968.292,-0.180,0.177,0.177
1968.375,-0.226,0.131,0.131
1968.458,-0.152,0.205,0.205
1968.542,-0.195,0.162,0.162
1968.625,-0.130,0.227,0.227
1968.708,-0.226,0.131,0.131
1968.792,0.008,0.365,0.365
1968.875,-0.135,0.222,0.222
1968.958,-0.191,0.166,0.166
1969.042,-0.162,0.195,0.195
1969.125,-0.197,0.160,0.160
1969.208,-0.133,0.224,0.224
1969.292,0.049,0.406,0.406
1969.375,0.065,0.422,0.422
1969.458,0.006,0.363,0.363
1969.542,-0.109,0.248,0.248
1969.625,-0.073,0.284,0.284
1969.708,-0.013,0.344,0.344
1969.792,0.001,0.358,0.358
1969.875,0.023,0.380,0.380
1969.958,0.167,0.524,0.524
1970.042,0.014,0.371,0.371
1970.125,0.064,0.421,0.421
1970.208,-0.088,0.269,0.269
1970.292,-0.079,0.278,0.278
1970.375,-0.141,0.216,0.216
1970.458,-0.137,0.220,0.220
1970.542,-0.112,0.245,0.245
1970.625,-0.199,0.158,0.158
1970.708,-0.031,0.326,0.326
1970.792,-0.060,0.297,0.297
1970.875,-0.058,0.299,0.299
1970.958,-0.193,0.164,0.164
1971.042,-0.144,0.213,0.213
1971.125,-0.273,0.084,0.084
1971.208,-0.337,0.020,0.020
1971.292,-0.233,0.124,0.124
1971.375,-0.198,0.159,0.159
1971.458,-0.255,0.102,0.102
1971.542,-0.185,0.172,0.172
1971.625,-0.181,0.176,0.176
1971.708,-0.126,0.231,0.231
1971.792,-0.156,0.201,0.201
1971.875,-0.153,0.204,0.204
1971.958,-0.231,0.126,0.126
1972.042,-0.379,-0.022,-0.022
1972.125,-0.278,0.079,0.079
1972.208,-0.143,0.214,0.214
1972.292,-0.128,0.229,0.229
1972.375,-0.082,0.275,0.275
1972.458,-0.032,0.325,0.325
1972.542,-0.093,0.264,0.264
1972.625,0.061,0.418,0.418
1972.708,-0.052,0.305,0.305
1972.792,-0.057,0.300,0.300
1972.875,-0.052,0.305,0.305
1972.958,0.109,0.466,0.466
1973.042,0.101,0.458,0.458
1973.125,0.159,0.516,0.516
1973.208,0.115,0.472,0.472
1973.292,0.199,0.556,0.556
1973.375,0.108,0.465,0.465
1973.458,0.106,0.463,0.463
1973.542,0.016,0.373,0.373
1973.625,-0.028,0.329,0.329
1973.708,-0.035,0.322,0.322
1973.792,0.011,0.368,0.368
1973.875,-0.025,0.332,0.332
1973.958,-0.128,0.229,0.229
1974.042,-0.282,0.075,0.075
1974.125,-0.447,-0.090,-0.090
1974.208,-0.237,0.120,0.120
1974.292,-0.202,0.155,0.155
1974.375,-0.127,0.230,0.230
1974.458,-0.115,0.242,0.242
1974.542,-0.136,0.221,0.221
1974.625,0.023,0.380,0.380
1974.708,-0.093,0.264,0.264
1974.792,-0.115,0.242,0.242
1974.875,-0.126,0.231,0.231
1974.958,-0.214,0.143,0.143
1975.042,-0.097,0.260,0.260
1975.125,-0.021,0.336,0.336
1975.208,-0.011,0.346,0.346
1975.292,-0.052,0.305,0.305
1975.375,0.053,0.410,0.410
1975.458,-0.061,0.296,0.296
1975.542,-0.105,0.252,0.252
1975.625,-0.232,0.125,0.125
1975.708,-0.140,0.217,0.217
1975.792,-0.154,0.203,0.203
1975.875,-0.264,0.093,0.093
1975.958,-0.247,0.110,0.110
1976.042,-0.170,0.187,0.187
1976.125,-0.232,0.125,0.125
1976.208,-0.337,0.020,0.020
1976.292,-0.186,0.171,0.171
1976.375,-0.359,-0.002,-0.002
1976.458,-0.240,0.117,0.117
1976.542,-0.173,0.184,0.184
1976.625,-0.242,0.115,0.115
1976.708,-0.151,0.206,0.206
1976.792,-0.332,0.025,0.025
1976.875,-0.139,0.218,0.218
1976.958,-0.029,0.328,0.328
1977.042,0.153,0.510,0.510
1977.125,0.104,0.461,0.461
1977.208,0.075,0.432,0.432
1977.292,0.134,0.491,0.491
1977.375,0.228,0.585,0.585
1977.458,0.208,0.565,0.565
1977.542,0.143,0.500,0.500
1977.625,0.130,0.487,0.487
1977.708,-0.002,0.355,0.355
1977.792,-0.016,0.341,0.341
1977.875,0.121,0.478,0.478
1977.958,-0.040,0.317,0.317
1978.042,0.037,0.394,0.394
1978.125,0.074,0.431,0.431
1978.208,0.059,0.416,0.416
1978.292,0.053,0.410,0.410
1978.375,0.012,0.369,0.369
1978.458,-0.055,0.302,0.302
1978.542,0.016,0.373,0.373
1978.625,-0.217,0.140,0.140
1978.708,0.042,0.399,0.399
1978.792,-0.060,0.297,0.297
1978.875,0.092,0.449,0.449
1978.958,0.010,0.367,0.367
1979.042,0.052,0.409,0.409
1979.125,-0.180,0.177,0.177
1979.208,0.067,0.424,0.424
1979.292,0.077,0.434,0.434
1979.375,-0.022,0.335,0.335
1979.458,0.050,0.407,0.407
1979.542,0.018,0.375,0.375
1979.625,0.115,0.472,0.472
1979.708,0.173,0.530,0.530
1979.792,0.147,0.504,0.504
1979.875,0.208,0.565,0.565
1979.958,0.386,0.743,0.743
1980.042,0.253,0.610,0.610
1980.125,0.361,0.718,0.718
1980.208,0.217,0.574,0.574
1980.292,0.234,0.591,0.591
1980.375,0.246,0.603,0.603
1980.458,0.132,0.489,0.489
1980.542,0.206,0.563,0.563
1980.625,0.164,0.521,0.521
1980.708,0.124,0.481,0.481
1980.792,0.097,0.454,0.454
1980.875,0.206,0.563,0.563
1980.958,0.114,0.471,0.471
1981.042,0.444,0.801,0.801
1981.125,0.337,0.694,0.694
1981.208,0.331,0.688,0.688
1981.292,0.199,0.556,0.556
1981.375,0.148,0.505,0.505
1981.458,0.245,0.602,0.602
1981.542,0.264,0.621,0.621
1981.625,0.312,0.669,0.669
1981.708,0.137,0.494,0.494
1981.792,0.055,0.412,0.412
1981.875,0.166,0.523,0.523
1981.958,0.363,0.720,0.720
1982.042,-0.024,0.333,0.333
1982.125,0.068,0.425,0.425
1982.208,-0.137,0.220,0.220
1982.292,0.020,0.377,0.377
1982.375,0.091,0.448,0.448
1982.458,-0.001,0.356,0.356
1982.542,0.076,0.433,0.433
1982.625,-0.046,0.311,0.311
1982.708,0.017,0.374,0.374
1982.792,0.041,0.398,0.398
1982.875,0.029,0.386,0.386
1982.958,0.277,0.634,0.634
1983.042,0.358,0.715,0.715
1983.125,0.336,0.693,0.693
1983.208,0.248,0.605,0.605
1983.292,0.175,0.532,0.532
1983.375,0.222,0.579,0.579
1983.458,0.167,0.524,0.524
1983.542,0.115,0.472,0.472
1983.625,0.284,0.641,0.641
1983.708,0.326,0.683,0.683
1983.792,0.113,0.470,0.470
1983.875,0.245,0.602,0.602
1983.958,0.096,0.453,0.453
1984.042,0.158,0.515,0.515
1984.125,0.020,0.377,0.377
1984.208,0.144,0.501,0.501
1984.292,0.010,0.367,0.367
1984.375,0.214,0.571,0.571
1984.458,-0.039,0.318,0.318
1984.542,0.025,0.382,0.382
1984.625,0.089,0.446,0.446
1984.708,0.127,0.484,0.484
1984.792,0.041,0.398,0.398
1984.875,-0.058,0.299,0.299
1984.958,-0.156,0.201,0.201
1985.042,0.116,0.473,0.473
1985.125,-0.104,0.253,0.253
1985.208,0.043,0.400,0.400
1985.292,0.003,0.360,0.360
1985.375,0.068,0.425,0.425
1985.458,0.121,0.478,0.478
1985.542,-0.023,0.334,0.334
1985.625,0.143,0.500,0.500
1985.708,0.118,0.475,0.475
1985.792,0.039,0.396,0.396
1985.875,0.018,0.375,0.375
1985.958,0.055,0.412,0.412
1986.042,0.117,0.474,0.474
1986.125,0.309,0.666,0.666
1986.208,0.138,0.495,0.495
1986.292,0.135,0.492,0.492
1986.375,0.131,0.488,0.488
1986.458,0.040,0.397,0.397
1986.542,0.043,0.400,0.400
1986.625,0.088,0.445,0.445
1986.708,0.024,0.381,0.381
1986.792,0.051,0.408,0.408
1986.875,0.040,0.397,0.397
1986.958,0.032,0.389,0.389
1987.042,0.220,0.577,0.577
1987.125,0.316,0.673,0.673
1987.208,0.104,0.461,0.461
1987.292,0.189,0.546,0.546
1987.375,0.169,0.526,0.526
1987.458,0.266,0.623,0.623
1987.542,0.348,0.705,0.705
1987.625,0.211,0.568,0.568
1987.708,0.266,0.623,0.623
1987.792,0.270,0.627,0.627
1987.875,0.186,0.543,0.543
1987.958,0.372,0.729,0.729
1988.042,0.459,0.816,0.816
1988.125,0.333,0.690,0.690
1988.208,0.385,0.742,0.742
1988.292,0.328,0.685,0.685
1988.375,0.319,0.676,0.676
1988.458,0.330,0.687,0.687
1988.542,0.256,0.613,0.613
1988.625,0.258,0.615,0.615
1988.708,0.258,0.615,0.615
1988.792,0.255,0.612,0.612
1988.875,0.029,0.386,0.386
1988.958,0.176,0.533,0.533
1989.042,-0.026,0.331,0.331
1989.125,0.237,0.594,0.594
1989.208,0.185,0.542,0.542
1989.292,0.150,0.507,0.507
1989.375,0.038,0.395,0.395
1989.458,0.094,0.451,0.451
1989.542,0.264,0.621,0.621
1989.625,0.252,0.609,0.609
1989.708,0.298,0.655,0.655
1989.792,0.260,0.617,0.617
1989.875,0.115,0.472,0.472
1989.958,0.284,0.641,0.641
1990.042,0.283,0.640,0.640
1990.125,0.279,0.636,0.636
1990.208,0.635,0.992,0.992
1990.292,0.494,0.851,0.851
1990.375,0.406,0.763,0.763
1990.458,0.315,0.672,0.672
1990.542,0.380,0.737,0.737
1990.625,0.281,0.638,0.638
1990.708,0.220,0.577,0.577
1990.792,0.386,0.743,0.743
1990.875,0.359,0.716,0.716
1990.958,0.289,0.646,0.646
1991.042,0.303,0.660,0.660
1991.125,0.407,0.764,0.764
1991.208,0.247,0.604,0.604
1991.292,0.436,0.793,0.793
1991.375,0.314,0.671,0.671
1991.458,0.433,0.790,0.790
1991.542,0.467,0.824,0.824
1991.625,0.362,0.719,0.719
1991.708,0.353,0.710,0.710
1991.792,0.251,0.608,0.608
1991.875,0.254,0.611,0.611
1991.958,0.238,0.595,0.595
1992.042,0.363,0.720,0.720
1992.125,0.348,0.705,0.705
1992.208,0.309,0.666,0.666
1992.292,0.162,0.519,0.519
1992.375,0.168,0.525,0.525
1992.458,0.156,0.513,0.513
1992.542,0.005,0.362,0.362
1992.625,0.038,0.395,0.395
1992.708,-0.090,0.267,0.267
1992.792,-0.023,0.334,0.334
1992.875,-0.037,0.320,0.320
1992.958,0.099,0.456,0.456
1993.042,0.261,0.618,0.618
1993.125,0.283,0.640,0.640
1993.208,0.236,0.593,0.593
1993.292,0.195,0.552,0.552
1993.375,0.195,0.552,0.552
1993.458,0.164,0.521,0.521
1993.542,0.159,0.516,0.516
1993.625,0.084,0.441,0.441
1993.708,0.046,0.403,0.403
1993.792,0.151,0.508,0.508
1993.875,0.066,0.423,0.423
1993.958,0.148,0.505,0.505
1994.042,0.200,0.557,0.557
1994.125,0.014,0.371,0.371
1994.208,0.235,0.592,0.592
1994.292,0.256,0.613,0.613
1994.375,0.208,0.565,0.565
1994.458,0.314,0.671,0.671
1994.542,0.182,0.539,0.539
1994.625,0.173,0.530,0.530
1994.708,0.272,0.629,0.629
1994.792,0.347,0.704,0.704
1994.875,0.353,0.710,0.710
1994.958,0.247,0.604,0.604
1995.042,0.414,0.771,0.771
1995.125,0.640,0.997,0.997
1995.208,0.356,0.713,0.713
1995.292,0.427,0.784,0.784
1995.375,0.265,0.622,0.622
1995.458,0.378,0.735,0.735
1995.542,0.442,0.799,0.799
1995.625,0.392,0.749,0.749
1995.708,0.280,0.637,0.637
1995.792,0.379,0.736,0.736
1995.875,0.375,0.732,0.732
1995.958,0.174,0.531,0.531
1996.042,0.216,0.573,0.573
1996.125,0.462,0.819,0.819
1996.208,0.288,0.645,0.645
1996.292,0.252,0.609,0.609
1996.375,0.237,0.594,0.594
1996.458,0.217,0.574,0.574
1996.542,0.325,0.682,0.682
1996.625,0.351,0.708,0.708
1996.708,0.205,0.562,0.562
1996.792,0.128,0.485,0.485
1996.875,0.316,0.673,0.673
1996.958,0.323,0.680,0.680
1997.042,0.249,0.606,0.606
1997.125,0.304,0.661,0.661
1997.208,0.397,0.754,0.754
1997.292,0.378,0.735,0.735
1997.375,0.317,0.674,0.674
1997.458,0.492,0.849,0.849
1997.542,0.346,0.703,0.703
1997.625,0.406,0.763,0.763
1997.708,0.467,0.824,0.824
1997.792,0.572,0.929,0.929
1997.875,0.616,0.973,0.973
1997.958,0.524,0.881,0.881
1998.042,0.563,0.920,0.920
1998.125,0.797,1.154,1.154
1998.208,0.589,0.946,0.946
1998.292,0.651,1.008,1.008
1998.375,0.639,0.996,0.996
1998.458,0.668,1.025,1.025
1998.542,0.659,1.016,1.016
1998.625,0.645,1.002,1.002
1998.708,0.435,0.792,0.792
1998.792,0.411,0.768,0.768
1998.875,0.382,0.739,0.739
1998.958,0.488,0.845,0.845
1999.042,0.387,0.744,0.744
1999.125,0.604,0.961,0.961
1999.208,0.264,0.621,0.621
1999.292,0.269,0.626,0.626
1999.375,0.248,0.605,0.605
1999.458,0.325,0.682,0.682
1999.542,0.310,0.667,0.667
1999.625,0.303,0.660,0.660
1999.708,0.276,0.633,0.633
1999.792,0.307,0.664,0.664
1999.875,0.287,0.644,0.644
1999.958,0.314,0.671,0.671
2000.042,0.181,0.538,0.538
2000.125,0.499,0.856,0.856
2000.208,0.445,0.802,0.802
2000.292,0.538,0.895,0.895
2000.375,0.306,0.663,0.663
2000.458,0.350,0.707,0.707
2000.542,0.326,0.683,0.683
2000.625,0.375,0.732,0.732
2000.708,0.311,0.668,0.668
2000.792,0.195,0.552,0.552
2000.875,0.245,0.602,0.602
2000.958,0.202,0.559,0.559
2001.042,0.364,0.721,0.721
2001.125,0.392,0.749,0.749
2001.208,0.520,0.877,0.877
2001.292,0.453,0.810,0.810
2001.375,0.489,0.846,0.846
2001.458,0.446,0.803,0.803
2001.542,0.509,0.866,0.866
2001.625,0.507,0.864,0.864
2001.708,0.493,0.850,0.850
2001.792,0.464,0.821,0.821
2001.875,0.692,1.049,1.049
2001.958,0.542,0.899,0.899
2002.042,0.647,1.004,1.004
2002.125,0.643,1.000,1.000
2002.208,0.799,1.156,1.156
2002.292,0.568,0.925,0.925
2002.375,0.503,0.860,0.860
2002.458,0.449,0.806,0.806
2002.542,0.569,0.926,0.926
2002.625,0.498,0.855,0.855
2002.708,0.502,0.859,0.859
2002.792,0.500,0.857,0.857
2002.875,0.494,0.851,0.851
2002.958,0.347,0.704,0.704
2003.042,0.654,1.011,1.011
2003.125,0.486,0.843,0.843
2003.208,0.484,0.841,0.841
2003.292,0.473,0.830,0.830
2003.375,0.522,0.879,0.879
2003.458,0.425,0.782,0.782
2003.542,0.484,0.841,0.841
2003.625,0.612,0.969,0.969
2003.708,0.575,0.932,0.932
2003.792,0.657,1.014,1.014
2003.875,0.499,0.856,0.856
2003.958,0.660,1.017,1.017
2004.042,0.509,0.866,0.866
2004.125,0.635,0.992,0.992
2004.208,0.528,0.885,0.885
2004.292,0.523,0.880,0.880
2004.375,0.351,0.708,0.708
2004.458,0.311,0.668,0.668
2004.542,0.237,0.594,0.594
2004.625,0.458,0.815,0.815
2004.708,0.467,0.824,0.824
2004.792,0.523,0.880,0.880
2004.875,0.651,1.008,1.008
2004.958,0.415,0.772,0.772
2005.042,0.650,1.007,1.007
2005.125,0.534,0.891,0.891
2005.208,0.646,1.003,1.003
2005.292,0.632,0.989,0.989
2005.375,0.553,0.910,0.910
2005.458,0.569,0.926,0.926
2005.542,0.555,0.912,0.912
2005.625,0.581,0.938,0.938
2005.708,0.634,0.991,0.991
2005.792,0.684,1.041,1.041
2005.875,0.643,1.000,1.000
2005.958,0.601,0.958,0.958
2006.042,0.500,0.857,0.857
2006.125,0.646,1.003,1.003
2006.208,0.544,0.901,0.901
2006.292,0.486,0.843,0.843
2006.375,0.472,0.829,0.829
2006.458,0.572,0.929,0.929
2006.542,0.476,0.833,0.833
2006.625,0.633,0.990,0.990
2006.708,0.550,0.907,0.907
2006.792,0.614,0.971,0.971
2006.875,0.661,1.018,1.018
2006.958,0.717,1.074,1.074
2007.042,0.893,1.250,1.250
2007.125,0.640,0.997,0.997
2007.208,0.592,0.949,0.949
2007.292,0.726,1.083,1.083
2007.375,0.580,0.937,0.937
2007.458,0.501,0.858,0.858
2007.542,0.563,0.920,0.920
2007.625,0.584,0.941,0.941
2007.708,0.508,0.865,0.865
2007.792,0.559,0.916,0.916
2007.875,0.536,0.893,0.893
2007.958,0.419,0.776,0.776
2008.042,0.210,0.567,0.567
2008.125,0.269,0.626,0.626
2008.208,0.614,0.971,0.971
2008.292,0.448,0.805,0.805
2008.375,0.432,0.789,0.789
2008.458,0.384,0.741,0.741
2008.542,0.534,0.891,0.891
2008.625,0.453,0.810,0.810
2008.708,0.548,0.905,0.905
2008.792,0.591,0.948,0.948
2008.875,0.632,0.989,0.989
2008.958,0.472,0.829,0.829
2009.042,0.590,0.947,0.947
2009.125,0.471,0.828,0.828
2009.208,0.447,0.804,0.804
2009.292,0.528,0.885,0.885
2009.375,0.550,0.907,0.907
2009.458,0.623,0.980,0.980
2009.542,0.681,1.038,1.038
2009.625,0.622,0.979,0.979
2009.708,0.682,1.039,1.039
2009.792,0.620,0.977,0.977
2009.875,0.706,1.063,1.063
2009.958,0.640,0.997,0.997
2010.042,0.711,1.068,1.068
2010.125,0.790,1.147,1.147
2010.208,0.860,1.217,1.217
2010.292,0.834,1.191,1.191
2010.375,0.715,1.072,1.072
2010.458,0.645,1.002,1.002
2010.542,0.617,0.974,0.974
2010.625,0.615,0.972,0.972
2010.708,0.564,0.921,0.921
2010.792,0.642,0.999,0.999
2010.875,0.735,1.092,1.092
2010.958,0.437,0.794,0.794
2011.042,0.457,0.814,0.814
2011.125,0.429,0.786,0.786
2011.208,0.556,0.913,0.913
2011.292,0.602,0.959,0.959
2011.375,0.443,0.800,0.800
2011.458,0.548,0.905,0.905
2011.542,0.645,1.002,1.002
2011.625,0.651,1.008,1.008
2011.708,0.538,0.895,0.895
2011.792,0.576,0.933,0.933
2011.875,0.511,0.868,0.868
2011.958,0.495,0.852,0.852
2012.042,0.370,0.727,0.727
2012.125,0.465,0.822,0.822
2012.208,0.421,0.778,0.778
2012.292,0.611,0.968,0.968
2012.375,0.659,1.016,1.016
2012.458,0.629,0.986,0.986
2012.542,0.568,0.925,0.925
2012.625,0.645,1.002,1.002
2012.708,0.648,1.005,1.005
2012.792,0.732,1.089,1.089
2012.875,0.721,1.078,1.078
2012.958,0.464,0.821,0.821
2013.042,0.608,0.965,0.965
2013.125,0.527,0.884,0.884
2013.208,0.583,0.940,0.940
2013.292,0.575,0.932,0.932
2013.375,0.557,0.914,0.914
2013.458,0.659,1.016,1.016
2013.542,0.589,0.946,0.946
2013.625,0.635,0.992,0.992
2013.708,0.722,1.079,1.079
2013.792,0.650,1.007,1.007
2013.875,0.770,1.127,1.127
2013.958,0.608,0.965,0.965
2014.042,0.670,1.027,1.027
2014.125,0.491,0.848,0.848
2014.208,0.695,1.052,1.052
2014.292,0.736,1.093,1.093
2014.375,0.737,1.094,1.094
2014.458,0.617,0.974,0.974
2014.542,0.581,0.938,0.938
2014.625,0.734,1.091,1.091
2014.708,0.757,1.114,1.114
2014.792,0.742,1.099,1.099
2014.875,0.630,0.987,0.987
2014.958,0.685,1.042,1.042
2015.042,0.740,1.097,1.097
2015.125,0.782,1.139,1.139
2015.208,0.795,1.152,1.152
2015.292,0.701,1.058,1.058
2015.375,0.731,1.088,1.088
2015.458,0.760,1.117,1.117
2015.542,0.715,1.072,1.072
2015.625,0.799,1.156,1.156
2015.708,0.826,1.183,1.183
2015.792,1.015,1.372,1.372
2015.875,0.996,1.353,1.353
2015.958,1.042,1.399,1.399
2016.042,1.088,1.445,1.445
2016.125,1.224,1.581,1.581
2016.208,1.182,1.539,1.539
2016.292,1.030,1.387,1.387
2016.375,0.880,1.237,1.237
2016.458,0.777,1.134,1.134
2016.542,0.778,1.135,1.135
2016.625,0.949,1.306,1.306
2016.708,0.846,1.203,1.203
2016.792,0.819,1.176,1.176
2016.875,0.844,1.201,1.201
2016.958,0.779,1.136,1.136
2017.042,0.952,1.309,1.309
2017.125,1.067,1.424,1.424
2017.208,1.065,1.422,1.422
2017.292,0.846,1.203,1.203
2017.375,0.780,1.137,1.137
2017.458,0.658,1.015,1.015
2017.542,0.805,1.162,1.162
2017.625,0.811,1.168,1.168
2017.708,0.729,1.086,1.086
2017.792,0.809,1.166,1.166
2017.875,0.806,1.163,1.163
2017.958,0.815,1.172,1.172
2018.042,0.711,1.068,1.068
2018.125,0.796,1.153,1.153
2018.208,0.790,1.147,1.147
2018.292,0.822,1.179,1.179
2018.375,0.713,1.070,1.070
2018.458,0.738,1.095,1.095
2018.542,0.733,1.090,1.090
2018.625,0.735,1.092,1.092
2018.708,0.676,1.033,1.033
2018.792,0.869,1.226,1.226
2018.875,0.745,1.102,1.102
2018.958,0.824,1.181,1.181
2019.042,0.800,1.157,1.157
2019.125,0.844,1.201,1.201
2019.208,1.076,1.433,1.433
2019.292,0.939,1.296,1.296
2019.375,0.778,1.135,1.135
2019.458,0.809,1.166,1.166
2019.542,0.857,1.214,1.214
2019.625,0.858,1.215,1.215
2019.708,0.803,1.160,1.160
2019.792,0.956,1.313,1.313
2019.875,0.937,1.294,1.294
2019.958,1.037,1.394,1.394
2020.042,1.069,1.426,1.426
2020.125,1.113,1.470,1.470
2020.208,1.094,1.451,1.451
2020.292,1.063,1.420,1.420
2020.375,0.908,1.265,1.265
2020.458,0.825,1.182,1.182
2020.542,0.816,1.173,1.173
2020.625,0.801,1.158,1.158
2020.708,0.867,1.224,1.224
2020.792,0.811,1.168,1.168
2020.875,1.014,1.371,1.371
2020.958,0.686,1.043,1.043
