date,CW_anom,,1850-1900
1750.042,0.000,0.000,0.000
1750.125,0.000,0.000,0.000
1750.209,0.000,0.000,0.000
1750.292,0.000,0.000,0.000
1750.375,0.000,0.000,0.000
1750.459,0.000,0.000,0.000
1750.542,0.000,0.000,0.000
1750.625,0.000,0.000,0.000
1750.709,0.000,0.000,0.000
1750.792,0.000,0.000,0.000
1750.875,0.000,0.000,0.000
1750.959,0.000,0.000,0.000
1751.042,0.000,0.000,0.000
1751.125,0.000,0.000,0.000
1751.209,0.000,0.000,0.000
1751.292,0.000,0.000,0.000
1751.375,0.000,0.000,0.000
1751.459,0.000,0.000,0.000
1751.542,0.000,0.000,0.000
1751.625,0.000,0.000,0.000
1751.709,0.000,0.000,0.000
1751.792,0.000,0.000,0.000
1751.875,0.000,0.000,0.000
1751.959,0.000,0.000,0.000
1752.042,0.000,0.000,0.000
1752.125,0.000,0.000,0.000
1752.209,0.000,0.000,0.000
1752.292,0.000,0.000,0.000
1752.375,0.000,0.000,0.000
1752.459,0.000,0.000,0.000
1752.542,0.000,0.000,0.000
1752.625,0.000,0.000,0.000
1752.709,0.000,0.000,0.000
1752.792,0.000,0.000,0.000
1752.875,0.000,0.000,0.000
1752.959,0.000,0.000,0.000
1753.042,0.000,0.000,0.000
1753.125,0.000,0.000,0.000
1753.209,0.000,0.000,0.000
1753.292,0.000,0.000,0.000
1753.375,0.000,0.000,0.000
1753.459,0.000,0.000,0.000
1753.542,0.000,0.000,0.000
1753.625,0.000,0.000,0.000
1753.709,0.000,0.000,0.000
1753.792,0.000,0.000,0.000
1753.875,0.000,0.000,0.000
1753.959,0.000,0.000,0.000
1754.042,0.000,0.000,0.000
1754.125,0.000,0.000,0.000
1754.209,0.000,0.000,0.000
1754.292,0.000,0.000,0.000
1754.375,0.000,0.000,0.000
1754.459,0.000,0.000,0.000
1754.542,0.000,0.000,0.000
1754.625,0.000,0.000,0.000
1754.709,0.000,0.000,0.000
1754.792,0.000,0.000,0.000
1754.875,0.000,0.000,0.000
1754.959,0.000,0.000,0.000
1755.042,0.000,0.000,0.000
1755.125,0.000,0.000,0.000
1755.209,0.000,0.000,0.000
1755.292,0.000,0.000,0.000
1755.375,0.000,0.000,0.000
1755.459,0.000,0.000,0.000
1755.542,0.000,0.000,0.000
1755.625,0.000,0.000,0.000
1755.709,0.000,0.000,0.000
1755.792,0.000,0.000,0.000
1755.875,0.000,0.000,0.000
1755.959,0.000,0.000,0.000
1756.042,0.000,0.000,0.000
1756.125,0.000,0.000,0.000
1756.209,0.000,0.000,0.000
1756.292,0.000,0.000,0.000
1756.375,0.000,0.000,0.000
1756.459,0.000,0.000,0.000
1756.542,0.000,0.000,0.000
1756.625,0.000,0.000,0.000
1756.709,0.000,0.000,0.000
1756.792,0.000,0.000,0.000
1756.875,0.000,0.000,0.000
1756.959,0.000,0.000,0.000
1757.042,0.000,0.000,0.000
1757.125,0.000,0.000,0.000
1757.209,0.000,0.000,0.000
1757.292,0.000,0.000,0.000
1757.375,0.000,0.000,0.000
1757.459,0.000,0.000,0.000
1757.542,0.000,0.000,0.000
1757.625,0.000,0.000,0.000
1757.709,0.000,0.000,0.000
1757.792,0.000,0.000,0.000
1757.875,0.000,0.000,0.000
1757.959,0.000,0.000,0.000
1758.042,0.000,0.000,0.000
1758.125,0.000,0.000,0.000
1758.209,0.000,0.000,0.000
1758.292,0.000,0.000,0.000
1758.375,0.000,0.000,0.000
1758.459,0.000,0.000,0.000
1758.542,0.000,0.000,0.000
1758.625,0.000,0.000,0.000
1758.709,0.000,0.000,0.000
1758.792,0.000,0.000,0.000
1758.875,0.000,0.000,0.000
1758.959,0.000,0.000,0.000
1759.042,0.000,0.000,0.000
1759.125,0.000,0.000,0.000
1759.209,0.000,0.000,0.000
1759.292,0.000,0.000,0.000
1759.375,0.000,0.000,0.000
1759.459,0.000,0.000,0.000
1759.542,0.000,0.000,0.000
1759.625,0.000,0.000,0.000
1759.709,0.000,0.000,0.000
1759.792,0.000,0.000,0.000
1759.875,0.000,0.000,0.000
1759.959,0.000,0.000,0.000
1760.042,0.000,0.000,0.000
1760.125,0.000,0.000,0.000
1760.209,0.000,0.000,0.000
1760.292,0.000,0.000,0.000
1760.375,0.000,0.000,0.000
1760.459,0.000,0.000,0.000
1760.542,0.000,0.000,0.000
1760.625,0.000,0.000,0.000
1760.709,0.000,0.000,0.000
1760.792,0.000,0.000,0.000
1760.875,0.000,0.000,0.000
1760.959,0.000,0.000,0.000
1761.042,0.000,0.000,0.000
1761.125,0.000,0.000,0.000
1761.209,0.000,0.000,0.000
1761.292,0.000,0.000,0.000
1761.375,0.000,0.000,0.000
1761.459,0.000,0.000,0.000
1761.542,0.000,0.000,0.000
1761.625,0.000,0.000,0.000
1761.709,0.000,0.000,0.000
1761.792,0.000,0.000,0.000
1761.875,0.000,0.000,0.000
1761.959,0.000,0.000,0.000
1762.042,0.000,0.000,0.000
1762.125,0.000,0.000,0.000
1762.209,0.000,0.000,0.000
1762.292,0.000,0.000,0.000
1762.375,0.000,0.000,0.000
1762.459,0.000,0.000,0.000
1762.542,0.000,0.000,0.000
1762.625,0.000,0.000,0.000
1762.709,0.000,0.000,0.000
1762.792,0.000,0.000,0.000
1762.875,0.000,0.000,0.000
1762.959,0.000,0.000,0.000
1763.042,0.000,0.000,0.000
1763.125,0.000,0.000,0.000
1763.209,0.000,0.000,0.000
1763.292,0.000,0.000,0.000
1763.375,0.000,0.000,0.000
1763.459,0.000,0.000,0.000
1763.542,0.000,0.000,0.000
1763.625,0.000,0.000,0.000
1763.709,0.000,0.000,0.000
1763.792,0.000,0.000,0.000
1763.875,0.000,0.000,0.000
1763.959,0.000,0.000,0.000
1764.042,0.000,0.000,0.000
1764.125,0.000,0.000,0.000
1764.209,0.000,0.000,0.000
1764.292,0.000,0.000,0.000
1764.375,0.000,0.000,0.000
1764.459,0.000,0.000,0.000
1764.542,0.000,0.000,0.000
1764.625,0.000,0.000,0.000
1764.709,0.000,0.000,0.000
1764.792,0.000,0.000,0.000
1764.875,0.000,0.000,0.000
1764.959,0.000,0.000,0.000
1765.042,0.000,0.000,0.000
1765.125,0.000,0.000,0.000
1765.209,0.000,0.000,0.000
1765.292,0.000,0.000,0.000
1765.375,0.000,0.000,0.000
1765.459,0.000,0.000,0.000
1765.542,0.000,0.000,0.000
1765.625,0.000,0.000,0.000
1765.709,0.000,0.000,0.000
1765.792,0.000,0.000,0.000
1765.875,0.000,0.000,0.000
1765.959,0.000,0.000,0.000
1766.042,0.000,0.000,0.000
1766.125,0.000,0.000,0.000
1766.209,0.000,0.000,0.000
1766.292,0.000,0.000,0.000
1766.375,0.000,0.000,0.000
1766.459,0.000,0.000,0.000
1766.542,0.000,0.000,0.000
1766.625,0.000,0.000,0.000
1766.709,0.000,0.000,0.000
1766.792,0.000,0.000,0.000
1766.875,0.000,0.000,0.000
1766.959,0.000,0.000,0.000
1767.042,0.000,0.000,0.000
1767.125,0.000,0.000,0.000
1767.209,0.000,0.000,0.000
1767.292,0.000,0.000,0.000
1767.375,0.000,0.000,0.000
1767.459,0.000,0.000,0.000
1767.542,0.000,0.000,0.000
1767.625,0.000,0.000,0.000
1767.709,0.000,0.000,0.000
1767.792,0.000,0.000,0.000
1767.875,0.000,0.000,0.000
1767.959,0.000,0.000,0.000
1768.042,0.000,0.000,0.000
1768.125,0.000,0.000,0.000
1768.209,0.000,0.000,0.000
1768.292,0.000,0.000,0.000
1768.375,0.000,0.000,0.000
1768.459,0.000,0.000,0.000
1768.542,0.000,0.000,0.000
1768.625,0.000,0.000,0.000
1768.709,0.000,0.000,0.000
1768.792,0.000,0.000,0.000
1768.875,0.000,0.000,0.000
1768.959,0.000,0.000,0.000
1769.042,0.000,0.000,0.000
1769.125,0.000,0.000,0.000
1769.209,0.000,0.000,0.000
1769.292,0.000,0.000,0.000
1769.375,0.000,0.000,0.000
1769.459,0.000,0.000,0.000
1769.542,0.000,0.000,0.000
1769.625,0.000,0.000,0.000
1769.709,0.000,0.000,0.000
1769.792,0.000,0.000,0.000
1769.875,0.000,0.000,0.000
1769.959,0.000,0.000,0.000
1770.042,0.000,0.000,0.000
1770.125,0.000,0.000,0.000
1770.209,0.000,0.000,0.000
1770.292,0.000,0.000,0.000
1770.375,0.000,0.000,0.000
1770.459,0.000,0.000,0.000
1770.542,0.000,0.000,0.000
1770.625,0.000,0.000,0.000
1770.709,0.000,0.000,0.000
1770.792,0.000,0.000,0.000
1770.875,0.000,0.000,0.000
1770.959,0.000,0.000,0.000
1771.042,0.000,0.000,0.000
1771.125,0.000,0.000,0.000
1771.209,0.000,0.000,0.000
1771.292,0.000,0.000,0.000
1771.375,0.000,0.000,0.000
1771.459,0.000,0.000,0.000
1771.542,0.000,0.000,0.000
1771.625,0.000,0.000,0.000
1771.709,0.000,0.000,0.000
1771.792,0.000,0.000,0.000
1771.875,0.000,0.000,0.000
1771.959,0.000,0.000,0.000
1772.042,0.000,0.000,0.000
1772.125,0.000,0.000,0.000
1772.209,0.000,0.000,0.000
1772.292,0.000,0.000,0.000
1772.375,0.000,0.000,0.000
1772.459,0.000,0.000,0.000
1772.542,0.000,0.000,0.000
1772.625,0.000,0.000,0.000
1772.709,0.000,0.000,0.000
1772.792,0.000,0.000,0.000
1772.875,0.000,0.000,0.000
1772.959,0.000,0.000,0.000
1773.042,0.000,0.000,0.000
1773.125,0.000,0.000,0.000
1773.209,0.000,0.000,0.000
1773.292,0.000,0.000,0.000
1773.375,0.000,0.000,0.000
1773.459,0.000,0.000,0.000
1773.542,0.000,0.000,0.000
1773.625,0.000,0.000,0.000
1773.709,0.000,0.000,0.000
1773.792,0.000,0.000,0.000
1773.875,0.000,0.000,0.000
1773.959,0.000,0.000,0.000
1774.042,0.000,0.000,0.000
1774.125,0.000,0.000,0.000
1774.209,0.000,0.000,0.000
1774.292,0.000,0.000,0.000
1774.375,0.000,0.000,0.000
1774.459,0.000,0.000,0.000
1774.542,0.000,0.000,0.000
1774.625,0.000,0.000,0.000
1774.709,0.000,0.000,0.000
1774.792,0.000,0.000,0.000
1774.875,0.000,0.000,0.000
1774.959,0.000,0.000,0.000
1775.042,0.000,0.000,0.000
1775.125,0.000,0.000,0.000
1775.209,0.000,0.000,0.000
1775.292,0.000,0.000,0.000
1775.375,0.000,0.000,0.000
1775.459,0.000,0.000,0.000
1775.542,0.000,0.000,0.000
1775.625,0.000,0.000,0.000
1775.709,0.000,0.000,0.000
1775.792,0.000,0.000,0.000
1775.875,0.000,0.000,0.000
1775.959,0.000,0.000,0.000
1776.042,0.000,0.000,0.000
1776.125,0.000,0.000,0.000
1776.209,0.000,0.000,0.000
1776.292,0.000,0.000,0.000
1776.375,0.000,0.000,0.000
1776.459,0.000,0.000,0.000
1776.542,0.000,0.000,0.000
1776.625,0.000,0.000,0.000
1776.709,0.000,0.000,0.000
1776.792,0.000,0.000,0.000
1776.875,0.000,0.000,0.000
1776.959,0.000,0.000,0.000
1777.042,0.000,0.000,0.000
1777.125,0.000,0.000,0.000
1777.209,0.000,0.000,0.000
1777.292,0.000,0.000,0.000
1777.375,0.000,0.000,0.000
1777.459,0.000,0.000,0.000
1777.542,0.000,0.000,0.000
1777.625,0.000,0.000,0.000
1777.709,0.000,0.000,0.000
1777.792,0.000,0.000,0.000
1777.875,0.000,0.000,0.000
1777.959,0.000,0.000,0.000
1778.042,0.000,0.000,0.000
1778.125,0.000,0.000,0.000
1778.209,0.000,0.000,0.000
1778.292,0.000,0.000,0.000
1778.375,0.000,0.000,0.000
1778.459,0.000,0.000,0.000
1778.542,0.000,0.000,0.000
1778.625,0.000,0.000,0.000
1778.709,0.000,0.000,0.000
1778.792,0.000,0.000,0.000
1778.875,0.000,0.000,0.000
1778.959,0.000,0.000,0.000
1779.042,0.000,0.000,0.000
1779.125,0.000,0.000,0.000
1779.209,0.000,0.000,0.000
1779.292,0.000,0.000,0.000
1779.375,0.000,0.000,0.000
1779.459,0.000,0.000,0.000
1779.542,0.000,0.000,0.000
1779.625,0.000,0.000,0.000
1779.709,0.000,0.000,0.000
1779.792,0.000,0.000,0.000
1779.875,0.000,0.000,0.000
1779.959,0.000,0.000,0.000
1780.042,0.000,0.000,0.000
1780.125,0.000,0.000,0.000
1780.209,0.000,0.000,0.000
1780.292,0.000,0.000,0.000
1780.375,0.000,0.000,0.000
1780.459,0.000,0.000,0.000
1780.542,0.000,0.000,0.000
1780.625,0.000,0.000,0.000
1780.709,0.000,0.000,0.000
1780.792,0.000,0.000,0.000
1780.875,0.000,0.000,0.000
1780.959,0.000,0.000,0.000
1781.042,0.000,0.000,0.000
1781.125,0.000,0.000,0.000
1781.209,0.000,0.000,0.000
1781.292,0.000,0.000,0.000
1781.375,0.000,0.000,0.000
1781.459,0.000,0.000,0.000
1781.542,0.000,0.000,0.000
1781.625,0.000,0.000,0.000
1781.709,0.000,0.000,0.000
1781.792,0.000,0.000,0.000
1781.875,0.000,0.000,0.000
1781.959,0.000,0.000,0.000
1782.042,0.000,0.000,0.000
1782.125,0.000,0.000,0.000
1782.209,0.000,0.000,0.000
1782.292,0.000,0.000,0.000
1782.375,0.000,0.000,0.000
1782.459,0.000,0.000,0.000
1782.542,0.000,0.000,0.000
1782.625,0.000,0.000,0.000
1782.709,0.000,0.000,0.000
1782.792,0.000,0.000,0.000
1782.875,0.000,0.000,0.000
1782.959,0.000,0.000,0.000
1783.042,0.000,0.000,0.000
1783.125,0.000,0.000,0.000
1783.209,0.000,0.000,0.000
1783.292,0.000,0.000,0.000
1783.375,0.000,0.000,0.000
1783.459,0.000,0.000,0.000
1783.542,0.000,0.000,0.000
1783.625,0.000,0.000,0.000
1783.709,0.000,0.000,0.000
1783.792,0.000,0.000,0.000
1783.875,0.000,0.000,0.000
1783.959,0.000,0.000,0.000
1784.042,0.000,0.000,0.000
1784.125,0.000,0.000,0.000
1784.209,0.000,0.000,0.000
1784.292,0.000,0.000,0.000
1784.375,0.000,0.000,0.000
1784.459,0.000,0.000,0.000
1784.542,0.000,0.000,0.000
1784.625,0.000,0.000,0.000
1784.709,0.000,0.000,0.000
1784.792,0.000,0.000,0.000
1784.875,0.000,0.000,0.000
1784.959,0.000,0.000,0.000
1785.042,0.000,0.000,0.000
1785.125,0.000,0.000,0.000
1785.209,0.000,0.000,0.000
1785.292,0.000,0.000,0.000
1785.375,0.000,0.000,0.000
1785.459,0.000,0.000,0.000
1785.542,0.000,0.000,0.000
1785.625,0.000,0.000,0.000
1785.709,0.000,0.000,0.000
1785.792,0.000,0.000,0.000
1785.875,0.000,0.000,0.000
1785.959,0.000,0.000,0.000
1786.042,0.000,0.000,0.000
1786.125,0.000,0.000,0.000
1786.209,0.000,0.000,0.000
1786.292,0.000,0.000,0.000
1786.375,0.000,0.000,0.000
1786.459,0.000,0.000,0.000
1786.542,0.000,0.000,0.000
1786.625,0.000,0.000,0.000
1786.709,0.000,0.000,0.000
1786.792,0.000,0.000,0.000
1786.875,0.000,0.000,0.000
1786.959,0.000,0.000,0.000
1787.042,0.000,0.000,0.000
1787.125,0.000,0.000,0.000
1787.209,0.000,0.000,0.000
1787.292,0.000,0.000,0.000
1787.375,0.000,0.000,0.000
1787.459,0.000,0.000,0.000
1787.542,0.000,0.000,0.000
1787.625,0.000,0.000,0.000
1787.709,0.000,0.000,0.000
1787.792,0.000,0.000,0.000
1787.875,0.000,0.000,0.000
1787.959,0.000,0.000,0.000
1788.042,0.000,0.000,0.000
1788.125,0.000,0.000,0.000
1788.209,0.000,0.000,0.000
1788.292,0.000,0.000,0.000
1788.375,0.000,0.000,0.000
1788.459,0.000,0.000,0.000
1788.542,0.000,0.000,0.000
1788.625,0.000,0.000,0.000
1788.709,0.000,0.000,0.000
1788.792,0.000,0.000,0.000
1788.875,0.000,0.000,0.000
1788.959,0.000,0.000,0.000
1789.042,0.000,0.000,0.000
1789.125,0.000,0.000,0.000
1789.209,0.000,0.000,0.000
1789.292,0.000,0.000,0.000
1789.375,0.000,0.000,0.000
1789.459,0.000,0.000,0.000
1789.542,0.000,0.000,0.000
1789.625,0.000,0.000,0.000
1789.709,0.000,0.000,0.000
1789.792,0.000,0.000,0.000
1789.875,0.000,0.000,0.000
1789.959,0.000,0.000,0.000
1790.042,0.000,0.000,0.000
1790.125,0.000,0.000,0.000
1790.209,0.000,0.000,0.000
1790.292,0.000,0.000,0.000
1790.375,0.000,0.000,0.000
1790.459,0.000,0.000,0.000
1790.542,0.000,0.000,0.000
1790.625,0.000,0.000,0.000
1790.709,0.000,0.000,0.000
1790.792,0.000,0.000,0.000
1790.875,0.000,0.000,0.000
1790.959,0.000,0.000,0.000
1791.042,0.000,0.000,0.000
1791.125,0.000,0.000,0.000
1791.209,0.000,0.000,0.000
1791.292,0.000,0.000,0.000
1791.375,0.000,0.000,0.000
1791.459,0.000,0.000,0.000
1791.542,0.000,0.000,0.000
1791.625,0.000,0.000,0.000
1791.709,0.000,0.000,0.000
1791.792,0.000,0.000,0.000
1791.875,0.000,0.000,0.000
1791.959,0.000,0.000,0.000
1792.042,0.000,0.000,0.000
1792.125,0.000,0.000,0.000
1792.209,0.000,0.000,0.000
1792.292,0.000,0.000,0.000
1792.375,0.000,0.000,0.000
1792.459,0.000,0.000,0.000
1792.542,0.000,0.000,0.000
1792.625,0.000,0.000,0.000
1792.709,0.000,0.000,0.000
1792.792,0.000,0.000,0.000
1792.875,0.000,0.000,0.000
1792.959,0.000,0.000,0.000
1793.042,0.000,0.000,0.000
1793.125,0.000,0.000,0.000
1793.209,0.000,0.000,0.000
1793.292,0.000,0.000,0.000
1793.375,0.000,0.000,0.000
1793.459,0.000,0.000,0.000
1793.542,0.000,0.000,0.000
1793.625,0.000,0.000,0.000
1793.709,0.000,0.000,0.000
1793.792,0.000,0.000,0.000
1793.875,0.000,0.000,0.000
1793.959,0.000,0.000,0.000
1794.042,0.000,0.000,0.000
1794.125,0.000,0.000,0.000
1794.209,0.000,0.000,0.000
1794.292,0.000,0.000,0.000
1794.375,0.000,0.000,0.000
1794.459,0.000,0.000,0.000
1794.542,0.000,0.000,0.000
1794.625,0.000,0.000,0.000
1794.709,0.000,0.000,0.000
1794.792,0.000,0.000,0.000
1794.875,0.000,0.000,0.000
1794.959,0.000,0.000,0.000
1795.042,0.000,0.000,0.000
1795.125,0.000,0.000,0.000
1795.209,0.000,0.000,0.000
1795.292,0.000,0.000,0.000
1795.375,0.000,0.000,0.000
1795.459,0.000,0.000,0.000
1795.542,0.000,0.000,0.000
1795.625,0.000,0.000,0.000
1795.709,0.000,0.000,0.000
1795.792,0.000,0.000,0.000
1795.875,0.000,0.000,0.000
1795.959,0.000,0.000,0.000
1796.042,0.000,0.000,0.000
1796.125,0.000,0.000,0.000
1796.209,0.000,0.000,0.000
1796.292,0.000,0.000,0.000
1796.375,0.000,0.000,0.000
1796.459,0.000,0.000,0.000
1796.542,0.000,0.000,0.000
1796.625,0.000,0.000,0.000
1796.709,0.000,0.000,0.000
1796.792,0.000,0.000,0.000
1796.875,0.000,0.000,0.000
1796.959,0.000,0.000,0.000
1797.042,0.000,0.000,0.000
1797.125,0.000,0.000,0.000
1797.209,0.000,0.000,0.000
1797.292,0.000,0.000,0.000
1797.375,0.000,0.000,0.000
1797.459,0.000,0.000,0.000
1797.542,0.000,0.000,0.000
1797.625,0.000,0.000,0.000
1797.709,0.000,0.000,0.000
1797.792,0.000,0.000,0.000
1797.875,0.000,0.000,0.000
1797.959,0.000,0.000,0.000
1798.042,0.000,0.000,0.000
1798.125,0.000,0.000,0.000
1798.209,0.000,0.000,0.000
1798.292,0.000,0.000,0.000
1798.375,0.000,0.000,0.000
1798.459,0.000,0.000,0.000
1798.542,0.000,0.000,0.000
1798.625,0.000,0.000,0.000
1798.709,0.000,0.000,0.000
1798.792,0.000,0.000,0.000
1798.875,0.000,0.000,0.000
1798.959,0.000,0.000,0.000
1799.042,0.000,0.000,0.000
1799.125,0.000,0.000,0.000
1799.209,0.000,0.000,0.000
1799.292,0.000,0.000,0.000
1799.375,0.000,0.000,0.000
1799.459,0.000,0.000,0.000
1799.542,0.000,0.000,0.000
1799.625,0.000,0.000,0.000
1799.709,0.000,0.000,0.000
1799.792,0.000,0.000,0.000
1799.875,0.000,0.000,0.000
1799.959,0.000,0.000,0.000
1800.042,0.000,0.000,0.000
1800.125,0.000,0.000,0.000
1800.209,0.000,0.000,0.000
1800.292,0.000,0.000,0.000
1800.375,0.000,0.000,0.000
1800.459,0.000,0.000,0.000
1800.542,0.000,0.000,0.000
1800.625,0.000,0.000,0.000
1800.709,0.000,0.000,0.000
1800.792,0.000,0.000,0.000
1800.875,0.000,0.000,0.000
1800.959,0.000,0.000,0.000
1801.042,0.000,0.000,0.000
1801.125,0.000,0.000,0.000
1801.209,0.000,0.000,0.000
1801.292,0.000,0.000,0.000
1801.375,0.000,0.000,0.000
1801.459,0.000,0.000,0.000
1801.542,0.000,0.000,0.000
1801.625,0.000,0.000,0.000
1801.709,0.000,0.000,0.000
1801.792,0.000,0.000,0.000
1801.875,0.000,0.000,0.000
1801.959,0.000,0.000,0.000
1802.042,0.000,0.000,0.000
1802.125,0.000,0.000,0.000
1802.209,0.000,0.000,0.000
1802.292,0.000,0.000,0.000
1802.375,0.000,0.000,0.000
1802.459,0.000,0.000,0.000
1802.542,0.000,0.000,0.000
1802.625,0.000,0.000,0.000
1802.709,0.000,0.000,0.000
1802.792,0.000,0.000,0.000
1802.875,0.000,0.000,0.000
1802.959,0.000,0.000,0.000
1803.042,0.000,0.000,0.000
1803.125,0.000,0.000,0.000
1803.209,0.000,0.000,0.000
1803.292,0.000,0.000,0.000
1803.375,0.000,0.000,0.000
1803.459,0.000,0.000,0.000
1803.542,0.000,0.000,0.000
1803.625,0.000,0.000,0.000
1803.709,0.000,0.000,0.000
1803.792,0.000,0.000,0.000
1803.875,0.000,0.000,0.000
1803.959,0.000,0.000,0.000
1804.042,0.000,0.000,0.000
1804.125,0.000,0.000,0.000
1804.209,0.000,0.000,0.000
1804.292,0.000,0.000,0.000
1804.375,0.000,0.000,0.000
1804.459,0.000,0.000,0.000
1804.542,0.000,0.000,0.000
1804.625,0.000,0.000,0.000
1804.709,0.000,0.000,0.000
1804.792,0.000,0.000,0.000
1804.875,0.000,0.000,0.000
1804.959,0.000,0.000,0.000
1805.042,0.000,0.000,0.000
1805.125,0.000,0.000,0.000
1805.209,0.000,0.000,0.000
1805.292,0.000,0.000,0.000
1805.375,0.000,0.000,0.000
1805.459,0.000,0.000,0.000
1805.542,0.000,0.000,0.000
1805.625,0.000,0.000,0.000
1805.709,0.000,0.000,0.000
1805.792,0.000,0.000,0.000
1805.875,0.000,0.000,0.000
1805.959,0.000,0.000,0.000
1806.042,0.000,0.000,0.000
1806.125,0.000,0.000,0.000
1806.209,0.000,0.000,0.000
1806.292,0.000,0.000,0.000
1806.375,0.000,0.000,0.000
1806.459,0.000,0.000,0.000
1806.542,0.000,0.000,0.000
1806.625,0.000,0.000,0.000
1806.709,0.000,0.000,0.000
1806.792,0.000,0.000,0.000
1806.875,0.000,0.000,0.000
1806.959,0.000,0.000,0.000
1807.042,0.000,0.000,0.000
1807.125,0.000,0.000,0.000
1807.209,0.000,0.000,0.000
1807.292,0.000,0.000,0.000
1807.375,0.000,0.000,0.000
1807.459,0.000,0.000,0.000
1807.542,0.000,0.000,0.000
1807.625,0.000,0.000,0.000
1807.709,0.000,0.000,0.000
1807.792,0.000,0.000,0.000
1807.875,0.000,0.000,0.000
1807.959,0.000,0.000,0.000
1808.042,0.000,0.000,0.000
1808.125,0.000,0.000,0.000
1808.209,0.000,0.000,0.000
1808.292,0.000,0.000,0.000
1808.375,0.000,0.000,0.000
1808.459,0.000,0.000,0.000
1808.542,0.000,0.000,0.000
1808.625,0.000,0.000,0.000
1808.709,0.000,0.000,0.000
1808.792,0.000,0.000,0.000
1808.875,0.000,0.000,0.000
1808.959,0.000,0.000,0.000
1809.042,0.000,0.000,0.000
1809.125,0.000,0.000,0.000
1809.209,0.000,0.000,0.000
1809.292,0.000,0.000,0.000
1809.375,0.000,0.000,0.000
1809.459,0.000,0.000,0.000
1809.542,0.000,0.000,0.000
1809.625,0.000,0.000,0.000
1809.709,0.000,0.000,0.000
1809.792,0.000,0.000,0.000
1809.875,0.000,0.000,0.000
1809.959,0.000,0.000,0.000
1810.042,0.000,0.000,0.000
1810.125,0.000,0.000,0.000
1810.209,0.000,0.000,0.000
1810.292,0.000,0.000,0.000
1810.375,0.000,0.000,0.000
1810.459,0.000,0.000,0.000
1810.542,0.000,0.000,0.000
1810.625,0.000,0.000,0.000
1810.709,0.000,0.000,0.000
1810.792,0.000,0.000,0.000
1810.875,0.000,0.000,0.000
1810.959,0.000,0.000,0.000
1811.042,0.000,0.000,0.000
1811.125,0.000,0.000,0.000
1811.209,0.000,0.000,0.000
1811.292,0.000,0.000,0.000
1811.375,0.000,0.000,0.000
1811.459,0.000,0.000,0.000
1811.542,0.000,0.000,0.000
1811.625,0.000,0.000,0.000
1811.709,0.000,0.000,0.000
1811.792,0.000,0.000,0.000
1811.875,0.000,0.000,0.000
1811.959,0.000,0.000,0.000
1812.042,0.000,0.000,0.000
1812.125,0.000,0.000,0.000
1812.209,0.000,0.000,0.000
1812.292,0.000,0.000,0.000
1812.375,0.000,0.000,0.000
1812.459,0.000,0.000,0.000
1812.542,0.000,0.000,0.000
1812.625,0.000,0.000,0.000
1812.709,0.000,0.000,0.000
1812.792,0.000,0.000,0.000
1812.875,0.000,0.000,0.000
1812.959,0.000,0.000,0.000
1813.042,0.000,0.000,0.000
1813.125,0.000,0.000,0.000
1813.209,0.000,0.000,0.000
1813.292,0.000,0.000,0.000
1813.375,0.000,0.000,0.000
1813.459,0.000,0.000,0.000
1813.542,0.000,0.000,0.000
1813.625,0.000,0.000,0.000
1813.709,0.000,0.000,0.000
1813.792,0.000,0.000,0.000
1813.875,0.000,0.000,0.000
1813.959,0.000,0.000,0.000
1814.042,0.000,0.000,0.000
1814.125,0.000,0.000,0.000
1814.209,0.000,0.000,0.000
1814.292,0.000,0.000,0.000
1814.375,0.000,0.000,0.000
1814.459,0.000,0.000,0.000
1814.542,0.000,0.000,0.000
1814.625,0.000,0.000,0.000
1814.709,0.000,0.000,0.000
1814.792,0.000,0.000,0.000
1814.875,0.000,0.000,0.000
1814.959,0.000,0.000,0.000
1815.042,0.000,0.000,0.000
1815.125,0.000,0.000,0.000
1815.209,0.000,0.000,0.000
1815.292,0.000,0.000,0.000
1815.375,0.000,0.000,0.000
1815.459,0.000,0.000,0.000
1815.542,0.000,0.000,0.000
1815.625,0.000,0.000,0.000
1815.709,0.000,0.000,0.000
1815.792,0.000,0.000,0.000
1815.875,0.000,0.000,0.000
1815.959,0.000,0.000,0.000
1816.042,0.000,0.000,0.000
1816.125,0.000,0.000,0.000
1816.209,0.000,0.000,0.000
1816.292,0.000,0.000,0.000
1816.375,0.000,0.000,0.000
1816.459,0.000,0.000,0.000
1816.542,0.000,0.000,0.000
1816.625,0.000,0.000,0.000
1816.709,0.000,0.000,0.000
1816.792,0.000,0.000,0.000
1816.875,0.000,0.000,0.000
1816.959,0.000,0.000,0.000
1817.042,0.000,0.000,0.000
1817.125,0.000,0.000,0.000
1817.209,0.000,0.000,0.000
1817.292,0.000,0.000,0.000
1817.375,0.000,0.000,0.000
1817.459,0.000,0.000,0.000
1817.542,0.000,0.000,0.000
1817.625,0.000,0.000,0.000
1817.709,0.000,0.000,0.000
1817.792,0.000,0.000,0.000
1817.875,0.000,0.000,0.000
1817.959,0.000,0.000,0.000
1818.042,0.000,0.000,0.000
1818.125,0.000,0.000,0.000
1818.209,0.000,0.000,0.000
1818.292,0.000,0.000,0.000
1818.375,0.000,0.000,0.000
1818.459,0.000,0.000,0.000
1818.542,0.000,0.000,0.000
1818.625,0.000,0.000,0.000
1818.709,0.000,0.000,0.000
1818.792,0.000,0.000,0.000
1818.875,0.000,0.000,0.000
1818.959,0.000,0.000,0.000
1819.042,0.000,0.000,0.000
1819.125,0.000,0.000,0.000
1819.209,0.000,0.000,0.000
1819.292,0.000,0.000,0.000
1819.375,0.000,0.000,0.000
1819.459,0.000,0.000,0.000
1819.542,0.000,0.000,0.000
1819.625,0.000,0.000,0.000
1819.709,0.000,0.000,0.000
1819.792,0.000,0.000,0.000
1819.875,0.000,0.000,0.000
1819.959,0.000,0.000,0.000
1820.042,0.000,0.000,0.000
1820.125,0.000,0.000,0.000
1820.209,0.000,0.000,0.000
1820.292,0.000,0.000,0.000
1820.375,0.000,0.000,0.000
1820.459,0.000,0.000,0.000
1820.542,0.000,0.000,0.000
1820.625,0.000,0.000,0.000
1820.709,0.000,0.000,0.000
1820.792,0.000,0.000,0.000
1820.875,0.000,0.000,0.000
1820.959,0.000,0.000,0.000
1821.042,0.000,0.000,0.000
1821.125,0.000,0.000,0.000
1821.209,0.000,0.000,0.000
1821.292,0.000,0.000,0.000
1821.375,0.000,0.000,0.000
1821.459,0.000,0.000,0.000
1821.542,0.000,0.000,0.000
1821.625,0.000,0.000,0.000
1821.709,0.000,0.000,0.000
1821.792,0.000,0.000,0.000
1821.875,0.000,0.000,0.000
1821.959,0.000,0.000,0.000
1822.042,0.000,0.000,0.000
1822.125,0.000,0.000,0.000
1822.209,0.000,0.000,0.000
1822.292,0.000,0.000,0.000
1822.375,0.000,0.000,0.000
1822.459,0.000,0.000,0.000
1822.542,0.000,0.000,0.000
1822.625,0.000,0.000,0.000
1822.709,0.000,0.000,0.000
1822.792,0.000,0.000,0.000
1822.875,0.000,0.000,0.000
1822.959,0.000,0.000,0.000
1823.042,0.000,0.000,0.000
1823.125,0.000,0.000,0.000
1823.209,0.000,0.000,0.000
1823.292,0.000,0.000,0.000
1823.375,0.000,0.000,0.000
1823.459,0.000,0.000,0.000
1823.542,0.000,0.000,0.000
1823.625,0.000,0.000,0.000
1823.709,0.000,0.000,0.000
1823.792,0.000,0.000,0.000
1823.875,0.000,0.000,0.000
1823.959,0.000,0.000,0.000
1824.042,0.000,0.000,0.000
1824.125,0.000,0.000,0.000
1824.209,0.000,0.000,0.000
1824.292,0.000,0.000,0.000
1824.375,0.000,0.000,0.000
1824.459,0.000,0.000,0.000
1824.542,0.000,0.000,0.000
1824.625,0.000,0.000,0.000
1824.709,0.000,0.000,0.000
1824.792,0.000,0.000,0.000
1824.875,0.000,0.000,0.000
1824.959,0.000,0.000,0.000
1825.042,0.000,0.000,0.000
1825.125,0.000,0.000,0.000
1825.209,0.000,0.000,0.000
1825.292,0.000,0.000,0.000
1825.375,0.000,0.000,0.000
1825.459,0.000,0.000,0.000
1825.542,0.000,0.000,0.000
1825.625,0.000,0.000,0.000
1825.709,0.000,0.000,0.000
1825.792,0.000,0.000,0.000
1825.875,0.000,0.000,0.000
1825.959,0.000,0.000,0.000
1826.042,0.000,0.000,0.000
1826.125,0.000,0.000,0.000
1826.209,0.000,0.000,0.000
1826.292,0.000,0.000,0.000
1826.375,0.000,0.000,0.000
1826.459,0.000,0.000,0.000
1826.542,0.000,0.000,0.000
1826.625,0.000,0.000,0.000
1826.709,0.000,0.000,0.000
1826.792,0.000,0.000,0.000
1826.875,0.000,0.000,0.000
1826.959,0.000,0.000,0.000
1827.042,0.000,0.000,0.000
1827.125,0.000,0.000,0.000
1827.209,0.000,0.000,0.000
1827.292,0.000,0.000,0.000
1827.375,0.000,0.000,0.000
1827.459,0.000,0.000,0.000
1827.542,0.000,0.000,0.000
1827.625,0.000,0.000,0.000
1827.709,0.000,0.000,0.000
1827.792,0.000,0.000,0.000
1827.875,0.000,0.000,0.000
1827.959,0.000,0.000,0.000
1828.042,0.000,0.000,0.000
1828.125,0.000,0.000,0.000
1828.209,0.000,0.000,0.000
1828.292,0.000,0.000,0.000
1828.375,0.000,0.000,0.000
1828.459,0.000,0.000,0.000
1828.542,0.000,0.000,0.000
1828.625,0.000,0.000,0.000
1828.709,0.000,0.000,0.000
1828.792,0.000,0.000,0.000
1828.875,0.000,0.000,0.000
1828.959,0.000,0.000,0.000
1829.042,0.000,0.000,0.000
1829.125,0.000,0.000,0.000
1829.209,0.000,0.000,0.000
1829.292,0.000,0.000,0.000
1829.375,0.000,0.000,0.000
1829.459,0.000,0.000,0.000
1829.542,0.000,0.000,0.000
1829.625,0.000,0.000,0.000
1829.709,0.000,0.000,0.000
1829.792,0.000,0.000,0.000
1829.875,0.000,0.000,0.000
1829.959,0.000,0.000,0.000
1830.042,0.000,0.000,0.000
1830.125,0.000,0.000,0.000
1830.209,0.000,0.000,0.000
1830.292,0.000,0.000,0.000
1830.375,0.000,0.000,0.000
1830.459,0.000,0.000,0.000
1830.542,0.000,0.000,0.000
1830.625,0.000,0.000,0.000
1830.709,0.000,0.000,0.000
1830.792,0.000,0.000,0.000
1830.875,0.000,0.000,0.000
1830.959,0.000,0.000,0.000
1831.042,0.000,0.000,0.000
1831.125,0.000,0.000,0.000
1831.209,0.000,0.000,0.000
1831.292,0.000,0.000,0.000
1831.375,0.000,0.000,0.000
1831.459,0.000,0.000,0.000
1831.542,0.000,0.000,0.000
1831.625,0.000,0.000,0.000
1831.709,0.000,0.000,0.000
1831.792,0.000,0.000,0.000
1831.875,0.000,0.000,0.000
1831.959,0.000,0.000,0.000
1832.042,0.000,0.000,0.000
1832.125,0.000,0.000,0.000
1832.209,0.000,0.000,0.000
1832.292,0.000,0.000,0.000
1832.375,0.000,0.000,0.000
1832.459,0.000,0.000,0.000
1832.542,0.000,0.000,0.000
1832.625,0.000,0.000,0.000
1832.709,0.000,0.000,0.000
1832.792,0.000,0.000,0.000
1832.875,0.000,0.000,0.000
1832.959,0.000,0.000,0.000
1833.042,0.000,0.000,0.000
1833.125,0.000,0.000,0.000
1833.209,0.000,0.000,0.000
1833.292,0.000,0.000,0.000
1833.375,0.000,0.000,0.000
1833.459,0.000,0.000,0.000
1833.542,0.000,0.000,0.000
1833.625,0.000,0.000,0.000
1833.709,0.000,0.000,0.000
1833.792,0.000,0.000,0.000
1833.875,0.000,0.000,0.000
1833.959,0.000,0.000,0.000
1834.042,0.000,0.000,0.000
1834.125,0.000,0.000,0.000
1834.209,0.000,0.000,0.000
1834.292,0.000,0.000,0.000
1834.375,0.000,0.000,0.000
1834.459,0.000,0.000,0.000
1834.542,0.000,0.000,0.000
1834.625,0.000,0.000,0.000
1834.709,0.000,0.000,0.000
1834.792,0.000,0.000,0.000
1834.875,0.000,0.000,0.000
1834.959,0.000,0.000,0.000
1835.042,0.000,0.000,0.000
1835.125,0.000,0.000,0.000
1835.209,0.000,0.000,0.000
1835.292,0.000,0.000,0.000
1835.375,0.000,0.000,0.000
1835.459,0.000,0.000,0.000
1835.542,0.000,0.000,0.000
1835.625,0.000,0.000,0.000
1835.709,0.000,0.000,0.000
1835.792,0.000,0.000,0.000
1835.875,0.000,0.000,0.000
1835.959,0.000,0.000,0.000
1836.042,0.000,0.000,0.000
1836.125,0.000,0.000,0.000
1836.209,0.000,0.000,0.000
1836.292,0.000,0.000,0.000
1836.375,0.000,0.000,0.000
1836.459,0.000,0.000,0.000
1836.542,0.000,0.000,0.000
1836.625,0.000,0.000,0.000
1836.709,0.000,0.000,0.000
1836.792,0.000,0.000,0.000
1836.875,0.000,0.000,0.000
1836.959,0.000,0.000,0.000
1837.042,0.000,0.000,0.000
1837.125,0.000,0.000,0.000
1837.209,0.000,0.000,0.000
1837.292,0.000,0.000,0.000
1837.375,0.000,0.000,0.000
1837.459,0.000,0.000,0.000
1837.542,0.000,0.000,0.000
1837.625,0.000,0.000,0.000
1837.709,0.000,0.000,0.000
1837.792,0.000,0.000,0.000
1837.875,0.000,0.000,0.000
1837.959,0.000,0.000,0.000
1838.042,0.000,0.000,0.000
1838.125,0.000,0.000,0.000
1838.209,0.000,0.000,0.000
1838.292,0.000,0.000,0.000
1838.375,0.000,0.000,0.000
1838.459,0.000,0.000,0.000
1838.542,0.000,0.000,0.000
1838.625,0.000,0.000,0.000
1838.709,0.000,0.000,0.000
1838.792,0.000,0.000,0.000
1838.875,0.000,0.000,0.000
1838.959,0.000,0.000,0.000
1839.042,0.000,0.000,0.000
1839.125,0.000,0.000,0.000
1839.209,0.000,0.000,0.000
1839.292,0.000,0.000,0.000
1839.375,0.000,0.000,0.000
1839.459,0.000,0.000,0.000
1839.542,0.000,0.000,0.000
1839.625,0.000,0.000,0.000
1839.709,0.000,0.000,0.000
1839.792,0.000,0.000,0.000
1839.875,0.000,0.000,0.000
1839.959,0.000,0.000,0.000
1840.042,0.000,0.000,0.000
1840.125,0.000,0.000,0.000
1840.209,0.000,0.000,0.000
1840.292,0.000,0.000,0.000
1840.375,0.000,0.000,0.000
1840.459,0.000,0.000,0.000
1840.542,0.000,0.000,0.000
1840.625,0.000,0.000,0.000
1840.709,0.000,0.000,0.000
1840.792,0.000,0.000,0.000
1840.875,0.000,0.000,0.000
1840.959,0.000,0.000,0.000
1841.042,0.000,0.000,0.000
1841.125,0.000,0.000,0.000
1841.209,0.000,0.000,0.000
1841.292,0.000,0.000,0.000
1841.375,0.000,0.000,0.000
1841.459,0.000,0.000,0.000
1841.542,0.000,0.000,0.000
1841.625,0.000,0.000,0.000
1841.709,0.000,0.000,0.000
1841.792,0.000,0.000,0.000
1841.875,0.000,0.000,0.000
1841.959,0.000,0.000,0.000
1842.042,0.000,0.000,0.000
1842.125,0.000,0.000,0.000
1842.209,0.000,0.000,0.000
1842.292,0.000,0.000,0.000
1842.375,0.000,0.000,0.000
1842.459,0.000,0.000,0.000
1842.542,0.000,0.000,0.000
1842.625,0.000,0.000,0.000
1842.709,0.000,0.000,0.000
1842.792,0.000,0.000,0.000
1842.875,0.000,0.000,0.000
1842.959,0.000,0.000,0.000
1843.042,0.000,0.000,0.000
1843.125,0.000,0.000,0.000
1843.209,0.000,0.000,0.000
1843.292,0.000,0.000,0.000
1843.375,0.000,0.000,0.000
1843.459,0.000,0.000,0.000
1843.542,0.000,0.000,0.000
1843.625,0.000,0.000,0.000
1843.709,0.000,0.000,0.000
1843.792,0.000,0.000,0.000
1843.875,0.000,0.000,0.000
1843.959,0.000,0.000,0.000
1844.042,0.000,0.000,0.000
1844.125,0.000,0.000,0.000
1844.209,0.000,0.000,0.000
1844.292,0.000,0.000,0.000
1844.375,0.000,0.000,0.000
1844.459,0.000,0.000,0.000
1844.542,0.000,0.000,0.000
1844.625,0.000,0.000,0.000
1844.709,0.000,0.000,0.000
1844.792,0.000,0.000,0.000
1844.875,0.000,0.000,0.000
1844.959,0.000,0.000,0.000
1845.042,0.000,0.000,0.000
1845.125,0.000,0.000,0.000
1845.209,0.000,0.000,0.000
1845.292,0.000,0.000,0.000
1845.375,0.000,0.000,0.000
1845.459,0.000,0.000,0.000
1845.542,0.000,0.000,0.000
1845.625,0.000,0.000,0.000
1845.709,0.000,0.000,0.000
1845.792,0.000,0.000,0.000
1845.875,0.000,0.000,0.000
1845.959,0.000,0.000,0.000
1846.042,0.000,0.000,0.000
1846.125,0.000,0.000,0.000
1846.209,0.000,0.000,0.000
1846.292,0.000,0.000,0.000
1846.375,0.000,0.000,0.000
1846.459,0.000,0.000,0.000
1846.542,0.000,0.000,0.000
1846.625,0.000,0.000,0.000
1846.709,0.000,0.000,0.000
1846.792,0.000,0.000,0.000
1846.875,0.000,0.000,0.000
1846.959,0.000,0.000,0.000
1847.042,0.000,0.000,0.000
1847.125,0.000,0.000,0.000
1847.209,0.000,0.000,0.000
1847.292,0.000,0.000,0.000
1847.375,0.000,0.000,0.000
1847.459,0.000,0.000,0.000
1847.542,0.000,0.000,0.000
1847.625,0.000,0.000,0.000
1847.709,0.000,0.000,0.000
1847.792,0.000,0.000,0.000
1847.875,0.000,0.000,0.000
1847.959,0.000,0.000,0.000
1848.042,0.000,0.000,0.000
1848.125,0.000,0.000,0.000
1848.209,0.000,0.000,0.000
1848.292,0.000,0.000,0.000
1848.375,0.000,0.000,0.000
1848.459,0.000,0.000,0.000
1848.542,0.000,0.000,0.000
1848.625,0.000,0.000,0.000
1848.709,0.000,0.000,0.000
1848.792,0.000,0.000,0.000
1848.875,0.000,0.000,0.000
1848.959,0.000,0.000,0.000
1849.042,0.000,0.000,0.000
1849.125,0.000,0.000,0.000
1849.209,0.000,0.000,0.000
1849.292,0.000,0.000,0.000
1849.375,0.000,0.000,0.000
1849.459,0.000,0.000,0.000
1849.542,0.000,0.000,0.000
1849.625,0.000,0.000,0.000
1849.709,0.000,0.000,0.000
1849.792,0.000,0.000,0.000
1849.875,0.000,0.000,0.000
1849.959,0.000,0.000,0.000
1850.042,-0.806,-0.459,-0.459
1850.125,-0.236,0.111,0.111
1850.209,-0.466,-0.119,-0.119
1850.292,-0.514,-0.167,-0.167
1850.375,-0.514,-0.167,-0.167
1850.459,-0.322,0.025,0.025
1850.542,-0.056,0.291,0.291
1850.625,-0.025,0.322,0.322
1850.709,-0.271,0.076,0.076
1850.792,-0.631,-0.284,-0.284
1850.875,-0.431,-0.084,-0.084
1850.959,-0.412,-0.065,-0.065
1851.042,-0.113,0.234,0.234
1851.125,-0.412,-0.065,-0.065
1851.209,-0.702,-0.355,-0.355
1851.292,-0.714,-0.367,-0.367
1851.375,-0.207,0.140,0.140
1851.459,-0.105,0.242,0.242
1851.542,-0.080,0.267,0.267
1851.625,-0.088,0.259,0.259
1851.709,-0.068,0.279,0.279
1851.792,-0.079,0.268,0.268
1851.875,-0.121,0.226,0.226
1851.959,-0.043,0.304,0.304
1852.042,-0.475,-0.128,-0.128
1852.125,-0.472,-0.125,-0.125
1852.209,-0.659,-0.312,-0.312
1852.292,-0.725,-0.378,-0.378
1852.375,-0.110,0.237,0.237
1852.459,-0.026,0.321,0.321
1852.542,0.099,0.446,0.446
1852.625,-0.202,0.145,0.145
1852.709,-0.073,0.274,0.274
1852.792,-0.150,0.197,0.197
1852.875,-0.398,-0.051,-0.051
1852.959,0.187,0.534,0.534
1853.042,-0.225,0.122,0.122
1853.125,-0.373,-0.026,-0.026
1853.209,-0.333,0.014,0.014
1853.292,-0.451,-0.104,-0.104
1853.375,-0.224,0.123,0.123
1853.459,-0.160,0.187,0.187
1853.542,0.083,0.430,0.430
1853.625,-0.014,0.333,0.333
1853.709,-0.310,0.037,0.037
1853.792,-0.451,-0.104,-0.104
1853.875,-0.602,-0.255,-0.255
1853.959,-0.457,-0.110,-0.110
1854.042,-0.481,-0.134,-0.134
1854.125,-0.424,-0.077,-0.077
1854.209,-0.204,0.143,0.143
1854.292,-0.395,-0.048,-0.048
1854.375,-0.380,-0.033,-0.033
1854.459,-0.380,-0.033,-0.033
1854.542,-0.162,0.185,0.185
1854.625,-0.038,0.309,0.309
1854.709,-0.052,0.295,0.295
1854.792,0.051,0.398,0.398
1854.875,-0.323,0.024,0.024
1854.959,-0.399,-0.052,-0.052
1855.042,-0.125,0.222,0.222
1855.125,-0.413,-0.066,-0.066
1855.209,-0.380,-0.033,-0.033
1855.292,-0.113,0.234,0.234
1855.375,-0.249,0.098,0.098
1855.459,-0.263,0.084,0.084
1855.542,-0.254,0.093,0.093
1855.625,-0.138,0.209,0.209
1855.709,-0.357,-0.010,-0.010
1855.792,-0.207,0.140,0.140
1855.875,-0.435,-0.088,-0.088
1855.959,-0.501,-0.154,-0.154
1856.042,-0.090,0.257,0.257
1856.125,-0.471,-0.124,-0.124
1856.209,-0.464,-0.117,-0.117
1856.292,-0.479,-0.132,-0.132
1856.375,-0.345,0.002,0.002
1856.459,-0.112,0.235,0.235
1856.542,-0.321,0.026,0.026
1856.625,-0.260,0.087,0.087
1856.709,-0.503,-0.156,-0.156
1856.792,-0.542,-0.195,-0.195
1856.875,-0.603,-0.256,-0.256
1856.959,-0.501,-0.154,-0.154
1857.042,-0.687,-0.340,-0.340
1857.125,-0.463,-0.116,-0.116
1857.209,-0.693,-0.346,-0.346
1857.292,-0.771,-0.424,-0.424
1857.375,-0.671,-0.324,-0.324
1857.459,-0.290,0.057,0.057
1857.542,-0.426,-0.079,-0.079
1857.625,-0.211,0.136,0.136
1857.709,-0.395,-0.048,-0.048
1857.792,-0.501,-0.154,-0.154
1857.875,-0.588,-0.241,-0.241
1857.959,-0.216,0.131,0.131
1858.042,-0.312,0.035,0.035
1858.125,-0.526,-0.179,-0.179
1858.209,-0.549,-0.202,-0.202
1858.292,-0.349,-0.002,-0.002
1858.375,-0.514,-0.167,-0.167
1858.459,-0.329,0.018,0.018
1858.542,-0.245,0.102,0.102
1858.625,-0.261,0.086,0.086
1858.709,-0.380,-0.033,-0.033
1858.792,-0.259,0.088,0.088
1858.875,-0.397,-0.050,-0.050
1858.959,-0.507,-0.160,-0.160
1859.042,-0.419,-0.072,-0.072
1859.125,-0.384,-0.037,-0.037
1859.209,-0.385,-0.038,-0.038
1859.292,-0.128,0.219,0.219
1859.375,-0.124,0.223,0.223
1859.459,-0.146,0.201,0.201
1859.542,-0.329,0.018,0.018
1859.625,-0.208,0.139,0.139
1859.709,-0.469,-0.122,-0.122
1859.792,-0.275,0.072,0.072
1859.875,-0.237,0.110,0.110
1859.959,-0.278,0.069,0.069
1860.042,-0.402,-0.055,-0.055
1860.125,-0.543,-0.196,-0.196
1860.209,-0.872,-0.525,-0.525
1860.292,-0.356,-0.009,-0.009
1860.375,-0.332,0.015,0.015
1860.459,-0.244,0.103,0.103
1860.542,-0.292,0.055,0.055
1860.625,-0.172,0.175,0.175
1860.709,-0.099,0.248,0.248
1860.792,-0.397,-0.050,-0.050
1860.875,-0.641,-0.294,-0.294
1860.959,-0.901,-0.554,-0.554
1861.042,-1.055,-0.708,-0.708
1861.125,-0.648,-0.301,-0.301
1861.209,-0.449,-0.102,-0.102
1861.292,-0.324,0.023,0.023
1861.375,-0.582,-0.235,-0.235
1861.459,-0.234,0.113,0.113
1861.542,-0.371,-0.024,-0.024
1861.625,-0.135,0.212,0.212
1861.709,-0.267,0.080,0.080
1861.792,-0.419,-0.072,-0.072
1861.875,-0.421,-0.074,-0.074
1861.959,-0.384,-0.037,-0.037
1862.042,-0.914,-0.567,-0.567
1862.125,-0.821,-0.474,-0.474
1862.209,-0.638,-0.291,-0.291
1862.292,-0.599,-0.252,-0.252
1862.375,-0.389,-0.042,-0.042
1862.459,-0.286,0.061,0.061
1862.542,-0.298,0.049,0.049
1862.625,-0.488,-0.141,-0.141
1862.709,-0.423,-0.076,-0.076
1862.792,-0.425,-0.078,-0.078
1862.875,-0.553,-0.206,-0.206
1862.959,-0.959,-0.612,-0.612
1863.042,-0.260,0.087,0.087
1863.125,-0.309,0.038,0.038
1863.209,-0.383,-0.036,-0.036
1863.292,-0.381,-0.034,-0.034
1863.375,-0.415,-0.068,-0.068
1863.459,-0.424,-0.077,-0.077
1863.542,-0.253,0.094,0.094
1863.625,-0.268,0.079,0.079
1863.709,-0.270,0.077,0.077
1863.792,-0.411,-0.064,-0.064
1863.875,-0.488,-0.141,-0.141
1863.959,-0.405,-0.058,-0.058
1864.042,-0.838,-0.491,-0.491
1864.125,-0.605,-0.258,-0.258
1864.209,-0.504,-0.157,-0.157
1864.292,-0.567,-0.220,-0.220
1864.375,-0.262,0.085,0.085
1864.459,-0.140,0.207,0.207
1864.542,-0.200,0.147,0.147
1864.625,-0.304,0.043,0.043
1864.709,-0.502,-0.155,-0.155
1864.792,-0.625,-0.278,-0.278
1864.875,-0.353,-0.006,-0.006
1864.959,-0.625,-0.278,-0.278
1865.042,-0.135,0.212,0.212
1865.125,-0.478,-0.131,-0.131
1865.209,-0.560,-0.213,-0.213
1865.292,-0.427,-0.080,-0.080
1865.375,-0.352,-0.005,-0.005
1865.459,-0.192,0.155,0.155
1865.542,-0.225,0.122,0.122
1865.625,-0.249,0.098,0.098
1865.709,-0.134,0.213,0.213
1865.792,-0.274,0.073,0.073
1865.875,-0.407,-0.060,-0.060
1865.959,-0.422,-0.075,-0.075
1866.042,-0.198,0.149,0.149
1866.125,-0.317,0.030,0.030
1866.209,-0.556,-0.209,-0.209
1866.292,-0.557,-0.210,-0.210
1866.375,-0.556,-0.209,-0.209
1866.459,-0.057,0.290,0.290
1866.542,-0.036,0.311,0.311
1866.625,-0.256,0.091,0.091
1866.709,-0.372,-0.025,-0.025
1866.792,-0.324,0.023,0.023
1866.875,-0.148,0.199,0.199
1866.959,-0.107,0.240,0.240
1867.042,-0.365,-0.018,-0.018
1867.125,-0.370,-0.023,-0.023
1867.209,-0.598,-0.251,-0.251
1867.292,-0.364,-0.017,-0.017
1867.375,-0.558,-0.211,-0.211
1867.459,-0.320,0.027,0.027
1867.542,-0.292,0.055,0.055
1867.625,-0.407,-0.060,-0.060
1867.709,-0.136,0.211,0.211
1867.792,-0.114,0.233,0.233
1867.875,-0.146,0.201,0.201
1867.959,-0.361,-0.014,-0.014
1868.042,-0.670,-0.323,-0.323
1868.125,-0.674,-0.327,-0.327
1868.209,-0.391,-0.044,-0.044
1868.292,-0.195,0.152,0.152
1868.375,-0.220,0.127,0.127
1868.459,-0.195,0.152,0.152
1868.542,0.028,0.375,0.375
1868.625,-0.092,0.255,0.255
1868.709,-0.258,0.089,0.089
1868.792,-0.176,0.171,0.171
1868.875,-0.305,0.042,0.042
1868.959,-0.130,0.217,0.217
1869.042,-0.358,-0.011,-0.011
1869.125,0.016,0.363,0.363
1869.209,-0.653,-0.306,-0.306
1869.292,-0.338,0.009,0.009
1869.375,-0.326,0.021,0.021
1869.459,-0.339,0.008,0.008
1869.542,-0.366,-0.019,-0.019
1869.625,-0.083,0.264,0.264
1869.709,-0.220,0.127,0.127
1869.792,-0.303,0.044,0.044
1869.875,-0.221,0.126,0.126
1869.959,-0.533,-0.186,-0.186
1870.042,-0.281,0.066,0.066
1870.125,-0.513,-0.166,-0.166
1870.209,-0.460,-0.113,-0.113
1870.292,-0.293,0.054,0.054
1870.375,-0.301,0.046,0.046
1870.459,-0.195,0.152,0.152
1870.542,-0.053,0.294,0.294
1870.625,-0.306,0.041,0.041
1870.709,-0.222,0.125,0.125
1870.792,-0.340,0.007,0.007
1870.875,-0.322,0.025,0.025
1870.959,-0.667,-0.320,-0.320
1871.042,-0.576,-0.229,-0.229
1871.125,-0.653,-0.306,-0.306
1871.209,-0.258,0.089,0.089
1871.292,-0.225,0.122,0.122
1871.375,-0.390,-0.043,-0.043
1871.459,-0.263,0.084,0.084
1871.542,-0.065,0.282,0.282
1871.625,-0.227,0.120,0.120
1871.709,-0.375,-0.028,-0.028
1871.792,-0.382,-0.035,-0.035
1871.875,-0.538,-0.191,-0.191
1871.959,-0.494,-0.147,-0.147
1872.042,-0.561,-0.214,-0.214
1872.125,-0.537,-0.190,-0.190
1872.209,-0.502,-0.155,-0.155
1872.292,-0.452,-0.105,-0.105
1872.375,-0.135,0.212,0.212
1872.459,-0.329,0.018,0.018
1872.542,-0.124,0.223,0.223
1872.625,-0.027,0.320,0.320
1872.709,-0.155,0.192,0.192
1872.792,-0.221,0.126,0.126
1872.875,-0.323,0.024,0.024
1872.959,-0.577,-0.230,-0.230
1873.042,-0.257,0.090,0.090
1873.125,-0.320,0.027,0.027
1873.209,-0.373,-0.026,-0.026
1873.292,-0.488,-0.141,-0.141
1873.375,-0.318,0.029,0.029
1873.459,-0.254,0.093,0.093
1873.542,-0.186,0.161,0.161
1873.625,-0.150,0.197,0.197
1873.709,-0.384,-0.037,-0.037
1873.792,-0.328,0.019,0.019
1873.875,-0.389,-0.042,-0.042
1873.959,-0.194,0.153,0.153
1874.042,-0.232,0.115,0.115
1874.125,-0.444,-0.097,-0.097
1874.209,-0.707,-0.360,-0.360
1874.292,-0.440,-0.093,-0.093
1874.375,-0.302,0.045,0.045
1874.459,-0.591,-0.244,-0.244
1874.542,-0.219,0.128,0.128
1874.625,-0.253,0.094,0.094
1874.709,-0.151,0.196,0.196
1874.792,-0.485,-0.138,-0.138
1874.875,-0.453,-0.106,-0.106
1874.959,-0.312,0.035,0.035
1875.042,-0.565,-0.218,-0.218
1875.125,-0.483,-0.136,-0.136
1875.209,-0.591,-0.244,-0.244
1875.292,-0.426,-0.079,-0.079
1875.375,-0.304,0.043,0.043
1875.459,-0.250,0.097,0.097
1875.542,-0.198,0.149,0.149
1875.625,-0.137,0.210,0.210
1875.709,-0.153,0.194,0.194
1875.792,-0.240,0.107,0.107
1875.875,-0.494,-0.147,-0.147
1875.959,-0.587,-0.240,-0.240
1876.042,-0.524,-0.177,-0.177
1876.125,-0.318,0.029,0.029
1876.209,-0.347,0.000,0.000
1876.292,-0.373,-0.026,-0.026
1876.375,-0.550,-0.203,-0.203
1876.459,-0.313,0.034,0.034
1876.542,-0.061,0.286,0.286
1876.625,-0.246,0.101,0.101
1876.709,-0.313,0.034,0.034
1876.792,-0.316,0.031,0.031
1876.875,-0.544,-0.197,-0.197
1876.959,-0.626,-0.279,-0.279
1877.042,-0.406,-0.059,-0.059
1877.125,-0.246,0.101,0.101
1877.209,-0.052,0.295,0.295
1877.292,-0.272,0.075,0.075
1877.375,-0.284,0.063,0.063
1877.459,-0.018,0.329,0.329
1877.542,0.040,0.387,0.387
1877.625,0.248,0.595,0.595
1877.709,0.110,0.457,0.457
1877.792,0.117,0.464,0.464
1877.875,0.063,0.410,0.410
1877.959,-0.151,0.196,0.196
1878.042,-0.137,0.210,0.210
1878.125,0.201,0.548,0.548
1878.209,0.263,0.610,0.610
1878.292,0.152,0.499,0.499
1878.375,-0.147,0.200,0.200
1878.459,0.034,0.381,0.381
1878.542,-0.019,0.328,0.328
1878.625,0.015,0.362,0.362
1878.709,0.032,0.379,0.379
1878.792,-0.091,0.256,0.256
1878.875,-0.162,0.185,0.185
1878.959,-0.338,0.009,0.009
1879.042,-0.189,0.158,0.158
1879.125,-0.277,0.070,0.070
1879.209,-0.157,0.190,0.190
1879.292,-0.387,-0.040,-0.040
1879.375,-0.337,0.010,0.010
1879.459,-0.294,0.053,0.053
1879.542,-0.238,0.109,0.109
1879.625,-0.143,0.204,0.204
1879.709,-0.234,0.113,0.113
1879.792,-0.111,0.236,0.236
1879.875,-0.338,0.009,0.009
1879.959,-0.533,-0.186,-0.186
1880.042,-0.428,-0.081,-0.081
1880.125,-0.385,-0.038,-0.038
1880.209,-0.192,0.155,0.155
1880.292,-0.305,0.042,0.042
1880.375,-0.264,0.083,0.083
1880.459,-0.314,0.033,0.033
1880.542,-0.273,0.074,0.074
1880.625,-0.131,0.216,0.216
1880.709,-0.280,0.067,0.067
1880.792,-0.414,-0.067,-0.067
1880.875,-0.254,0.093,0.093
1880.959,-0.326,0.021,0.021
1881.042,-0.238,0.109,0.109
1881.125,-0.244,0.103,0.103
1881.209,-0.209,0.138,0.138
1881.292,-0.083,0.264,0.264
1881.375,-0.136,0.211,0.211
1881.459,-0.381,-0.034,-0.034
1881.542,-0.188,0.159,0.159
1881.625,-0.097,0.250,0.250
1881.709,-0.270,0.077,0.077
1881.792,-0.254,0.093,0.093
1881.875,-0.370,-0.023,-0.023
1881.959,-0.239,0.108,0.108
1882.042,-0.013,0.334,0.334
1882.125,-0.073,0.274,0.274
1882.209,-0.165,0.182,0.182
1882.292,-0.372,-0.025,-0.025
1882.375,-0.425,-0.078,-0.078
1882.459,-0.404,-0.057,-0.057
1882.542,-0.330,0.017,0.017
1882.625,-0.198,0.149,0.149
1882.709,-0.150,0.197,0.197
1882.792,-0.417,-0.070,-0.070
1882.875,-0.405,-0.058,-0.058
1882.959,-0.703,-0.356,-0.356
1883.042,-0.510,-0.163,-0.163
1883.125,-0.473,-0.126,-0.126
1883.209,-0.239,0.108,0.108
1883.292,-0.407,-0.060,-0.060
1883.375,-0.304,0.043,0.043
1883.459,-0.203,0.144,0.144
1883.542,-0.255,0.092,0.092
1883.625,-0.317,0.030,0.030
1883.709,-0.307,0.040,0.040
1883.792,-0.359,-0.012,-0.012
1883.875,-0.477,-0.130,-0.130
1883.959,-0.369,-0.022,-0.022
1884.042,-0.391,-0.044,-0.044
1884.125,-0.270,0.077,0.077
1884.209,-0.598,-0.251,-0.251
1884.292,-0.621,-0.274,-0.274
1884.375,-0.593,-0.246,-0.246
1884.459,-0.535,-0.188,-0.188
1884.542,-0.589,-0.242,-0.242
1884.625,-0.457,-0.110,-0.110
1884.709,-0.523,-0.176,-0.176
1884.792,-0.482,-0.135,-0.135
1884.875,-0.657,-0.310,-0.310
1884.959,-0.476,-0.129,-0.129
1885.042,-0.724,-0.377,-0.377
1885.125,-0.503,-0.156,-0.156
1885.209,-0.523,-0.176,-0.176
1885.292,-0.649,-0.302,-0.302
1885.375,-0.642,-0.295,-0.295
1885.459,-0.635,-0.288,-0.288
1885.542,-0.413,-0.066,-0.066
1885.625,-0.454,-0.107,-0.107
1885.709,-0.368,-0.021,-0.021
1885.792,-0.349,-0.002,-0.002
1885.875,-0.465,-0.118,-0.118
1885.959,-0.236,0.111,0.111
1886.042,-0.599,-0.252,-0.252
1886.125,-0.639,-0.292,-0.292
1886.209,-0.551,-0.204,-0.204
1886.292,-0.477,-0.130,-0.130
1886.375,-0.328,0.019,0.019
1886.459,-0.506,-0.159,-0.159
1886.542,-0.305,0.042,0.042
1886.625,-0.351,-0.004,-0.004
1886.709,-0.436,-0.089,-0.089
1886.792,-0.435,-0.088,-0.088
1886.875,-0.534,-0.187,-0.187
1886.959,-0.441,-0.094,-0.094
1887.042,-0.883,-0.536,-0.536
1887.125,-0.754,-0.407,-0.407
1887.209,-0.507,-0.160,-0.160
1887.292,-0.423,-0.076,-0.076
1887.375,-0.552,-0.205,-0.205
1887.459,-0.446,-0.099,-0.099
1887.542,-0.405,-0.058,-0.058
1887.625,-0.487,-0.140,-0.140
1887.709,-0.399,-0.052,-0.052
1887.792,-0.425,-0.078,-0.078
1887.875,-0.455,-0.108,-0.108
1887.959,-0.474,-0.127,-0.127
1888.042,-0.512,-0.165,-0.165
1888.125,-0.595,-0.248,-0.248
1888.209,-0.580,-0.233,-0.233
1888.292,-0.399,-0.052,-0.052
1888.375,-0.393,-0.046,-0.046
1888.459,-0.339,0.008,0.008
1888.542,-0.314,0.033,0.033
1888.625,-0.280,0.067,0.067
1888.709,-0.310,0.037,0.037
1888.792,-0.110,0.237,0.237
1888.875,-0.256,0.091,0.091
1888.959,-0.272,0.075,0.075
1889.042,-0.231,0.116,0.116
1889.125,0.063,0.410,0.410
1889.209,-0.114,0.233,0.233
1889.292,-0.047,0.300,0.300
1889.375,-0.183,0.164,0.164
1889.459,-0.197,0.150,0.150
1889.542,-0.186,0.161,0.161
1889.625,-0.253,0.094,0.094
1889.709,-0.355,-0.008,-0.008
1889.792,-0.315,0.032,0.032
1889.875,-0.434,-0.087,-0.087
1889.959,-0.409,-0.062,-0.062
1890.042,-0.523,-0.176,-0.176
1890.125,-0.449,-0.102,-0.102
1890.209,-0.584,-0.237,-0.237
1890.292,-0.416,-0.069,-0.069
1890.375,-0.487,-0.140,-0.140
1890.459,-0.445,-0.098,-0.098
1890.542,-0.463,-0.116,-0.116
1890.625,-0.416,-0.069,-0.069
1890.709,-0.399,-0.052,-0.052
1890.792,-0.355,-0.008,-0.008
1890.875,-0.641,-0.294,-0.294
1890.959,-0.405,-0.058,-0.058
1891.042,-0.583,-0.236,-0.236
1891.125,-0.586,-0.239,-0.239
1891.209,-0.290,0.057,0.057
1891.292,-0.439,-0.092,-0.092
1891.375,-0.259,0.088,0.088
1891.459,-0.307,0.040,0.040
1891.542,-0.294,0.053,0.053
1891.625,-0.308,0.039,0.039
1891.709,-0.224,0.123,0.123
1891.792,-0.323,0.024,0.024
1891.875,-0.515,-0.168,-0.168
1891.959,-0.254,0.093,0.093
1892.042,-0.405,-0.058,-0.058
1892.125,-0.220,0.127,0.127
1892.209,-0.558,-0.211,-0.211
1892.292,-0.545,-0.198,-0.198
1892.375,-0.475,-0.128,-0.128
1892.459,-0.388,-0.041,-0.041
1892.542,-0.504,-0.157,-0.157
1892.625,-0.491,-0.144,-0.144
1892.709,-0.349,-0.002,-0.002
1892.792,-0.400,-0.053,-0.053
1892.875,-0.685,-0.338,-0.338
1892.959,-0.719,-0.372,-0.372
1893.042,-0.933,-0.586,-0.586
1893.125,-0.714,-0.367,-0.367
1893.209,-0.402,-0.055,-0.055
1893.292,-0.475,-0.128,-0.128
1893.375,-0.517,-0.170,-0.170
1893.459,-0.395,-0.048,-0.048
1893.542,-0.185,0.162,0.162
1893.625,-0.289,0.058,0.058
1893.709,-0.393,-0.046,-0.046
1893.792,-0.267,0.080,0.080
1893.875,-0.391,-0.044,-0.044
1893.959,-0.499,-0.152,-0.152
1894.042,-0.606,-0.259,-0.259
1894.125,-0.431,-0.084,-0.084
1894.209,-0.428,-0.081,-0.081
1894.292,-0.511,-0.164,-0.164
1894.375,-0.515,-0.168,-0.168
1894.459,-0.529,-0.182,-0.182
1894.542,-0.284,0.063,0.063
1894.625,-0.320,0.027,0.027
1894.709,-0.339,0.008,0.008
1894.792,-0.336,0.011,0.011
1894.875,-0.414,-0.067,-0.067
1894.959,-0.492,-0.145,-0.145
1895.042,-0.529,-0.182,-0.182
1895.125,-0.589,-0.242,-0.242
1895.209,-0.584,-0.237,-0.237
1895.292,-0.397,-0.050,-0.050
1895.375,-0.479,-0.132,-0.132
1895.459,-0.366,-0.019,-0.019
1895.542,-0.268,0.079,0.079
1895.625,-0.340,0.007,0.007
1895.709,-0.290,0.057,0.057
1895.792,-0.321,0.026,0.026
1895.875,-0.217,0.130,0.130
1895.959,-0.353,-0.006,-0.006
1896.042,-0.314,0.033,0.033
1896.125,-0.260,0.087,0.087
1896.209,-0.502,-0.155,-0.155
1896.292,-0.494,-0.147,-0.147
1896.375,-0.347,0.000,0.000
1896.459,-0.196,0.151,0.151
1896.542,-0.134,0.213,0.213
1896.625,-0.121,0.226,0.226
1896.709,-0.126,0.221,0.221
1896.792,-0.116,0.231,0.231
1896.875,-0.254,0.093,0.093
1896.959,-0.027,0.320,0.320
1897.042,-0.255,0.092,0.092
1897.125,-0.288,0.059,0.059
1897.209,-0.276,0.071,0.071
1897.292,-0.115,0.232,0.232
1897.375,-0.088,0.259,0.259
1897.459,-0.192,0.155,0.155
1897.542,-0.192,0.155,0.155
1897.625,-0.198,0.149,0.149
1897.709,-0.240,0.107,0.107
1897.792,-0.269,0.078,0.078
1897.875,-0.380,-0.033,-0.033
1897.959,-0.398,-0.051,-0.051
1898.042,-0.268,0.079,0.079
1898.125,-0.544,-0.197,-0.197
1898.209,-0.731,-0.384,-0.384
1898.292,-0.518,-0.171,-0.171
1898.375,-0.542,-0.195,-0.195
1898.459,-0.296,0.051,0.051
1898.542,-0.355,-0.008,-0.008
1898.625,-0.345,0.002,0.002
1898.709,-0.395,-0.048,-0.048
1898.792,-0.545,-0.198,-0.198
1898.875,-0.504,-0.157,-0.157
1898.959,-0.522,-0.175,-0.175
1899.042,-0.333,0.014,0.014
1899.125,-0.509,-0.162,-0.162
1899.209,-0.603,-0.256,-0.256
1899.292,-0.376,-0.029,-0.029
1899.375,-0.305,0.042,0.042
1899.459,-0.474,-0.127,-0.127
1899.542,-0.308,0.039,0.039
1899.625,-0.167,0.180,0.180
1899.709,-0.144,0.203,0.203
1899.792,-0.162,0.185,0.185
1899.875,-0.073,0.274,0.274
1899.959,-0.433,-0.086,-0.086
1900.042,-0.518,-0.171,-0.171
1900.125,-0.121,0.226,0.226
1900.209,-0.190,0.157,0.157
1900.292,-0.200,0.147,0.147
1900.375,-0.273,0.074,0.074
1900.459,-0.163,0.184,0.184
1900.542,-0.189,0.158,0.158
1900.625,-0.207,0.140,0.140
1900.709,-0.175,0.172,0.172
1900.792,-0.038,0.309,0.309
1900.875,-0.267,0.080,0.080
1900.959,-0.215,0.132,0.132
1901.042,-0.339,0.008,0.008
1901.125,-0.213,0.134,0.134
1901.209,-0.180,0.167,0.167
1901.292,-0.156,0.191,0.191
1901.375,-0.207,0.140,0.140
1901.459,-0.208,0.139,0.139
1901.542,-0.275,0.072,0.072
1901.625,-0.168,0.179,0.179
1901.709,-0.287,0.060,0.060
1901.792,-0.298,0.049,0.049
1901.875,-0.360,-0.013,-0.013
1901.959,-0.416,-0.069,-0.069
1902.042,-0.390,-0.043,-0.043
1902.125,-0.192,0.155,0.155
1902.209,-0.499,-0.152,-0.152
1902.292,-0.419,-0.072,-0.072
1902.375,-0.462,-0.115,-0.115
1902.459,-0.397,-0.050,-0.050
1902.542,-0.353,-0.006,-0.006
1902.625,-0.365,-0.018,-0.018
1902.709,-0.331,0.016,0.016
1902.792,-0.474,-0.127,-0.127
1902.875,-0.573,-0.226,-0.226
1902.959,-0.587,-0.240,-0.240
1903.042,-0.407,-0.060,-0.060
1903.125,-0.194,0.153,0.153
1903.209,-0.400,-0.053,-0.053
1903.292,-0.570,-0.223,-0.223
1903.375,-0.540,-0.193,-0.193
1903.459,-0.574,-0.227,-0.227
1903.542,-0.475,-0.128,-0.128
1903.625,-0.560,-0.213,-0.213
1903.709,-0.514,-0.167,-0.167
1903.792,-0.621,-0.274,-0.274
1903.875,-0.600,-0.253,-0.253
1903.959,-0.616,-0.269,-0.269
1904.042,-0.761,-0.414,-0.414
1904.125,-0.733,-0.386,-0.386
1904.209,-0.649,-0.302,-0.302
1904.292,-0.581,-0.234,-0.234
1904.375,-0.612,-0.265,-0.265
1904.459,-0.541,-0.194,-0.194
1904.542,-0.537,-0.190,-0.190
1904.625,-0.514,-0.167,-0.167
1904.709,-0.538,-0.191,-0.191
1904.792,-0.492,-0.145,-0.145
1904.875,-0.357,-0.010,-0.010
1904.959,-0.426,-0.079,-0.079
1905.042,-0.454,-0.107,-0.107
1905.125,-0.701,-0.354,-0.354
1905.209,-0.468,-0.121,-0.121
1905.292,-0.503,-0.156,-0.156
1905.375,-0.377,-0.030,-0.030
1905.459,-0.319,0.028,0.028
1905.542,-0.338,0.009,0.009
1905.625,-0.275,0.072,0.072
1905.709,-0.333,0.014,0.014
1905.792,-0.336,0.011,0.011
1905.875,-0.180,0.167,0.167
1905.959,-0.271,0.076,0.076
1906.042,-0.360,-0.013,-0.013
1906.125,-0.332,0.015,0.015
1906.209,-0.188,0.159,0.159
1906.292,-0.103,0.244,0.244
1906.375,-0.384,-0.037,-0.037
1906.459,-0.235,0.112,0.112
1906.542,-0.360,-0.013,-0.013
1906.625,-0.250,0.097,0.097
1906.709,-0.284,0.063,0.063
1906.792,-0.249,0.098,0.098
1906.875,-0.401,-0.054,-0.054
1906.959,-0.280,0.067,0.067
1907.042,-0.463,-0.116,-0.116
1907.125,-0.578,-0.231,-0.231
1907.209,-0.337,0.010,0.010
1907.292,-0.375,-0.028,-0.028
1907.375,-0.578,-0.231,-0.231
1907.459,-0.499,-0.152,-0.152
1907.542,-0.371,-0.024,-0.024
1907.625,-0.454,-0.107,-0.107
1907.709,-0.389,-0.042,-0.042
1907.792,-0.294,0.053,0.053
1907.875,-0.533,-0.186,-0.186
1907.959,-0.580,-0.233,-0.233
1908.042,-0.464,-0.117,-0.117
1908.125,-0.348,-0.001,-0.001
1908.209,-0.678,-0.331,-0.331
1908.292,-0.571,-0.224,-0.224
1908.375,-0.392,-0.045,-0.045
1908.459,-0.409,-0.062,-0.062
1908.542,-0.389,-0.042,-0.042
1908.625,-0.496,-0.149,-0.149
1908.709,-0.373,-0.026,-0.026
1908.792,-0.507,-0.160,-0.160
1908.875,-0.619,-0.272,-0.272
1908.959,-0.604,-0.257,-0.257
1909.042,-0.744,-0.397,-0.397
1909.125,-0.503,-0.156,-0.156
1909.209,-0.738,-0.391,-0.391
1909.292,-0.641,-0.294,-0.294
1909.375,-0.555,-0.208,-0.208
1909.459,-0.512,-0.165,-0.165
1909.542,-0.532,-0.185,-0.185
1909.625,-0.295,0.052,0.052
1909.709,-0.450,-0.103,-0.103
1909.792,-0.483,-0.136,-0.136
1909.875,-0.420,-0.073,-0.073
1909.959,-0.595,-0.248,-0.248
1910.042,-0.447,-0.100,-0.100
1910.125,-0.510,-0.163,-0.163
1910.209,-0.626,-0.279,-0.279
1910.292,-0.532,-0.185,-0.185
1910.375,-0.438,-0.091,-0.091
1910.459,-0.434,-0.087,-0.087
1910.542,-0.454,-0.107,-0.107
1910.625,-0.369,-0.022,-0.022
1910.709,-0.441,-0.094,-0.094
1910.792,-0.364,-0.017,-0.017
1910.875,-0.669,-0.322,-0.322
1910.959,-0.773,-0.426,-0.426
1911.042,-0.642,-0.295,-0.295
1911.125,-0.709,-0.362,-0.362
1911.209,-0.705,-0.358,-0.358
1911.292,-0.616,-0.269,-0.269
1911.375,-0.608,-0.261,-0.261
1911.459,-0.515,-0.168,-0.168
1911.542,-0.475,-0.128,-0.128
1911.625,-0.444,-0.097,-0.097
1911.709,-0.472,-0.125,-0.125
1911.792,-0.327,0.020,0.020
1911.875,-0.336,0.011,0.011
1911.959,-0.355,-0.008,-0.008
1912.042,-0.262,0.085,0.085
1912.125,-0.325,0.022,0.022
1912.209,-0.476,-0.129,-0.129
1912.292,-0.292,0.055,0.055
1912.375,-0.314,0.033,0.033
1912.459,-0.272,0.075,0.075
1912.542,-0.488,-0.141,-0.141
1912.625,-0.581,-0.234,-0.234
1912.709,-0.605,-0.258,-0.258
1912.792,-0.634,-0.287,-0.287
1912.875,-0.492,-0.145,-0.145
1912.959,-0.553,-0.206,-0.206
1913.042,-0.550,-0.203,-0.203
1913.125,-0.506,-0.159,-0.159
1913.209,-0.548,-0.201,-0.201
1913.292,-0.387,-0.040,-0.040
1913.375,-0.464,-0.117,-0.117
1913.459,-0.545,-0.198,-0.198
1913.542,-0.441,-0.094,-0.094
1913.625,-0.375,-0.028,-0.028
1913.709,-0.374,-0.027,-0.027
1913.792,-0.359,-0.012,-0.012
1913.875,-0.303,0.044,0.044
1913.959,-0.090,0.257,0.257
1914.042,-0.072,0.275,0.275
1914.125,-0.220,0.127,0.127
1914.209,-0.406,-0.059,-0.059
1914.292,-0.372,-0.025,-0.025
1914.375,-0.284,0.063,0.063
1914.459,-0.275,0.072,0.072
1914.542,-0.330,0.017,0.017
1914.625,-0.187,0.160,0.160
1914.709,-0.311,0.036,0.036
1914.792,-0.024,0.323,0.323
1914.875,-0.175,0.172,0.172
1914.959,-0.180,0.167,0.167
1915.042,-0.278,0.069,0.069
1915.125,-0.187,0.160,0.160
1915.209,-0.107,0.240,0.240
1915.292,-0.031,0.316,0.316
1915.375,-0.021,0.326,0.326
1915.459,-0.176,0.171,0.171
1915.542,-0.209,0.138,0.138
1915.625,-0.095,0.252,0.252
1915.709,-0.139,0.208,0.208
1915.792,-0.337,0.010,0.010
1915.875,-0.140,0.207,0.207
1915.959,-0.332,0.015,0.015
1916.042,-0.315,0.032,0.032
1916.125,-0.187,0.160,0.160
1916.209,-0.402,-0.055,-0.055
1916.292,-0.332,0.015,0.015
1916.375,-0.337,0.010,0.010
1916.459,-0.414,-0.067,-0.067
1916.542,-0.311,0.036,0.036
1916.625,-0.349,-0.002,-0.002
1916.709,-0.328,0.019,0.019
1916.792,-0.406,-0.059,-0.059
1916.875,-0.536,-0.189,-0.189
1916.959,-0.813,-0.466,-0.466
1917.042,-0.707,-0.360,-0.360
1917.125,-0.700,-0.353,-0.353
1917.209,-0.818,-0.471,-0.471
1917.292,-0.530,-0.183,-0.183
1917.375,-0.584,-0.237,-0.237
1917.459,-0.482,-0.135,-0.135
1917.542,-0.271,0.076,0.076
1917.625,-0.282,0.065,0.065
1917.709,-0.246,0.101,0.101
1917.792,-0.507,-0.160,-0.160
1917.875,-0.498,-0.151,-0.151
1917.959,-0.797,-0.450,-0.450
1918.042,-0.578,-0.231,-0.231
1918.125,-0.612,-0.265,-0.265
1918.209,-0.520,-0.173,-0.173
1918.292,-0.578,-0.231,-0.231
1918.375,-0.488,-0.141,-0.141
1918.459,-0.423,-0.076,-0.076
1918.542,-0.412,-0.065,-0.065
1918.625,-0.399,-0.052,-0.052
1918.709,-0.179,0.168,0.168
1918.792,-0.144,0.203,0.203
1918.875,-0.128,0.219,0.219
1918.959,-0.331,0.016,0.016
1919.042,-0.221,0.126,0.126
1919.125,-0.224,0.123,0.123
1919.209,-0.401,-0.054,-0.054
1919.292,-0.203,0.144,0.144
1919.375,-0.271,0.076,0.076
1919.459,-0.350,-0.003,-0.003
1919.542,-0.355,-0.008,-0.008
1919.625,-0.301,0.046,0.046
1919.709,-0.316,0.031,0.031
1919.792,-0.342,0.005,0.005
1919.875,-0.565,-0.218,-0.218
1919.959,-0.533,-0.186,-0.186
1920.042,-0.284,0.063,0.063
1920.125,-0.413,-0.066,-0.066
1920.209,-0.140,0.207,0.207
1920.292,-0.259,0.088,0.088
1920.375,-0.301,0.046,0.046
1920.459,-0.185,0.162,0.162
1920.542,-0.273,0.074,0.074
1920.625,-0.262,0.085,0.085
1920.709,-0.167,0.180,0.180
1920.792,-0.183,0.164,0.164
1920.875,-0.308,0.039,0.039
1920.959,-0.476,-0.129,-0.129
1921.042,-0.274,0.073,0.073
1921.125,-0.226,0.121,0.121
1921.209,-0.353,-0.006,-0.006
1921.292,-0.295,0.052,0.052
1921.375,-0.343,0.004,0.004
1921.459,-0.125,0.222,0.222
1921.542,-0.182,0.165,0.165
1921.625,-0.273,0.074,0.074
1921.709,-0.132,0.215,0.215
1921.792,-0.114,0.233,0.233
1921.875,-0.163,0.184,0.184
1921.959,-0.237,0.110,0.110
1922.042,-0.387,-0.040,-0.040
1922.125,-0.404,-0.057,-0.057
1922.209,-0.270,0.077,0.077
1922.292,-0.157,0.190,0.190
1922.375,-0.434,-0.087,-0.087
1922.459,-0.270,0.077,0.077
1922.542,-0.206,0.141,0.141
1922.625,-0.351,-0.004,-0.004
1922.709,-0.321,0.026,0.026
1922.792,-0.368,-0.021,-0.021
1922.875,-0.262,0.085,0.085
1922.959,-0.281,0.066,0.066
1923.042,-0.404,-0.057,-0.057
1923.125,-0.443,-0.096,-0.096
1923.209,-0.453,-0.106,-0.106
1923.292,-0.332,0.015,0.015
1923.375,-0.350,-0.003,-0.003
1923.459,-0.212,0.135,0.135
1923.542,-0.360,-0.013,-0.013
1923.625,-0.325,0.022,0.022
1923.709,-0.325,0.022,0.022
1923.792,-0.103,0.244,0.244
1923.875,0.045,0.392,0.392
1923.959,-0.077,0.270,0.270
1924.042,-0.343,0.004,0.004
1924.125,-0.275,0.072,0.072
1924.209,-0.154,0.193,0.193
1924.292,-0.282,0.065,0.065
1924.375,-0.201,0.146,0.146
1924.459,-0.262,0.085,0.085
1924.542,-0.246,0.101,0.101
1924.625,-0.260,0.087,0.087
1924.709,-0.279,0.068,0.068
1924.792,-0.336,0.011,0.011
1924.875,-0.236,0.111,0.111
1924.959,-0.477,-0.130,-0.130
1925.042,-0.500,-0.153,-0.153
1925.125,-0.461,-0.114,-0.114
1925.209,-0.324,0.023,0.023
1925.292,-0.346,0.001,0.001
1925.375,-0.163,0.184,0.184
1925.459,-0.297,0.050,0.050
1925.542,-0.280,0.067,0.067
1925.625,-0.132,0.215,0.215
1925.709,-0.190,0.157,0.157
1925.792,-0.225,0.122,0.122
1925.875,-0.031,0.316,0.316
1925.959,0.038,0.385,0.385
1926.042,0.146,0.493,0.493
1926.125,-0.073,0.274,0.274
1926.209,-0.011,0.336,0.336
1926.292,-0.152,0.195,0.195
1926.375,-0.209,0.138,0.138
1926.459,-0.158,0.189,0.189
1926.542,-0.226,0.121,0.121
1926.625,-0.092,0.255,0.255
1926.709,-0.089,0.258,0.258
1926.792,-0.046,0.301,0.301
1926.875,-0.085,0.262,0.262
1926.959,-0.301,0.046,0.046
1927.042,-0.304,0.043,0.043
1927.125,-0.175,0.172,0.172
1927.209,-0.408,-0.061,-0.061
1927.292,-0.254,0.093,0.093
1927.375,-0.197,0.150,0.150
1927.459,-0.262,0.085,0.085
1927.542,-0.192,0.155,0.155
1927.625,-0.197,0.150,0.150
1927.709,-0.083,0.264,0.264
1927.792,0.031,0.378,0.378
1927.875,-0.096,0.251,0.251
1927.959,-0.360,-0.013,-0.013
1928.042,0.004,0.351,0.351
1928.125,-0.078,0.269,0.269
1928.209,-0.289,0.058,0.058
1928.292,-0.221,0.126,0.126
1928.375,-0.302,0.045,0.045
1928.459,-0.333,0.014,0.014
1928.542,-0.179,0.168,0.168
1928.625,-0.178,0.169,0.169
1928.709,-0.236,0.111,0.111
1928.792,-0.149,0.198,0.198
1928.875,-0.173,0.174,0.174
1928.959,-0.252,0.095,0.095
1929.042,-0.465,-0.118,-0.118
1929.125,-0.569,-0.222,-0.222
1929.209,-0.462,-0.115,-0.115
1929.292,-0.381,-0.034,-0.034
1929.375,-0.446,-0.099,-0.099
1929.459,-0.361,-0.014,-0.014
1929.542,-0.406,-0.059,-0.059
1929.625,-0.256,0.091,0.091
1929.709,-0.212,0.135,0.135
1929.792,-0.170,0.177,0.177
1929.875,-0.084,0.263,0.263
1929.959,-0.557,-0.210,-0.210
1930.042,-0.285,0.062,0.062
1930.125,-0.353,-0.006,-0.006
1930.209,-0.179,0.168,0.168
1930.292,-0.138,0.209,0.209
1930.375,-0.215,0.132,0.132
1930.459,-0.212,0.135,0.135
1930.542,-0.177,0.170,0.170
1930.625,-0.091,0.256,0.256
1930.709,-0.086,0.261,0.261
1930.792,-0.066,0.281,0.281
1930.875,0.135,0.482,0.482
1930.959,-0.070,0.277,0.277
1931.042,-0.139,0.208,0.208
1931.125,-0.220,0.127,0.127
1931.209,-0.131,0.216,0.216
1931.292,-0.137,0.210,0.210
1931.375,-0.159,0.188,0.188
1931.459,-0.017,0.330,0.330
1931.542,0.011,0.358,0.358
1931.625,0.016,0.363,0.363
1931.709,-0.029,0.318,0.318
1931.792,0.007,0.354,0.354
1931.875,-0.025,0.322,0.322
1931.959,-0.085,0.262,0.262
1932.042,0.067,0.414,0.414
1932.125,-0.212,0.135,0.135
1932.209,-0.204,0.143,0.143
1932.292,0.021,0.368,0.368
1932.375,-0.098,0.249,0.249
1932.459,-0.262,0.085,0.085
1932.542,-0.130,0.217,0.217
1932.625,-0.193,0.154,0.154
1932.709,0.045,0.392,0.392
1932.792,-0.101,0.246,0.246
1932.875,-0.320,0.027,0.027
1932.959,-0.246,0.101,0.101
1933.042,-0.289,0.058,0.058
1933.125,-0.300,0.047,0.047
1933.209,-0.373,-0.026,-0.026
1933.292,-0.271,0.076,0.076
1933.375,-0.271,0.076,0.076
1933.459,-0.352,-0.005,-0.005
1933.542,-0.243,0.104,0.104
1933.625,-0.125,0.222,0.222
1933.709,-0.314,0.033,0.033
1933.792,-0.190,0.157,0.157
1933.875,-0.334,0.013,0.013
1933.959,-0.533,-0.186,-0.186
1934.042,-0.258,0.089,0.089
1934.125,-0.112,0.235,0.235
1934.209,-0.413,-0.066,-0.066
1934.292,-0.319,0.028,0.028
1934.375,-0.157,0.190,0.190
1934.459,-0.104,0.243,0.243
1934.542,-0.124,0.223,0.223
1934.625,-0.105,0.242,0.242
1934.709,-0.124,0.223,0.223
1934.792,-0.047,0.300,0.300
1934.875,0.074,0.421,0.421
1934.959,-0.103,0.244,0.244
1935.042,-0.396,-0.049,-0.049
1935.125,0.097,0.444,0.444
1935.209,-0.183,0.164,0.164
1935.292,-0.248,0.099,0.099
1935.375,-0.297,0.050,0.050
1935.459,-0.214,0.133,0.133
1935.542,-0.155,0.192,0.192
1935.625,-0.192,0.155,0.155
1935.709,-0.160,0.187,0.187
1935.792,-0.068,0.279,0.279
1935.875,-0.352,-0.005,-0.005
1935.959,-0.247,0.100,0.100
1936.042,-0.366,-0.019,-0.019
1936.125,-0.334,0.013,0.013
1936.209,-0.344,0.003,0.003
1936.292,-0.148,0.199,0.199
1936.375,-0.182,0.165,0.165
1936.459,-0.117,0.230,0.230
1936.542,-0.050,0.297,0.297
1936.625,-0.060,0.287,0.287
1936.709,-0.104,0.243,0.243
1936.792,0.060,0.407,0.407
1936.875,-0.024,0.323,0.323
1936.959,0.015,0.362,0.362
1937.042,-0.138,0.209,0.209
1937.125,0.045,0.392,0.392
1937.209,-0.260,0.087,0.087
1937.292,-0.075,0.272,0.272
1937.375,-0.061,0.286,0.286
1937.459,0.029,0.376,0.376
1937.542,0.049,0.396,0.396
1937.625,0.080,0.427,0.427
1937.709,0.121,0.468,0.468
1937.792,0.161,0.508,0.508
1937.875,0.101,0.448,0.448
1937.959,-0.077,0.270,0.270
1938.042,0.036,0.383,0.383
1938.125,0.029,0.376,0.376
1938.209,-0.008,0.339,0.339
1938.292,0.010,0.357,0.357
1938.375,-0.150,0.197,0.197
1938.459,-0.106,0.241,0.241
1938.542,-0.049,0.298,0.298
1938.625,0.000,0.347,0.347
1938.709,0.040,0.387,0.387
1938.792,0.192,0.539,0.539
1938.875,0.086,0.433,0.433
1938.959,-0.218,0.129,0.129
1939.042,-0.111,0.236,0.236
1939.125,-0.086,0.261,0.261
1939.209,-0.317,0.030,0.030
1939.292,-0.040,0.307,0.307
1939.375,0.066,0.413,0.413
1939.459,0.015,0.362,0.362
1939.542,-0.026,0.321,0.321
1939.625,-0.013,0.334,0.334
1939.709,0.022,0.369,0.369
1939.792,-0.147,0.200,0.200
1939.875,0.009,0.356,0.356
1939.959,0.327,0.674,0.674
1940.042,-0.068,0.279,0.279
1940.125,0.077,0.424,0.424
1940.209,-0.071,0.276,0.276
1940.292,0.141,0.488,0.488
1940.375,0.005,0.352,0.352
1940.459,0.045,0.392,0.392
1940.542,0.114,0.461,0.461
1940.625,0.082,0.429,0.429
1940.709,0.035,0.382,0.382
1940.792,0.045,0.392,0.392
1940.875,-0.052,0.295,0.295
1940.959,0.189,0.536,0.536
1941.042,-0.088,0.259,0.259
1941.125,0.103,0.450,0.450
1941.209,-0.139,0.208,0.208
1941.292,0.018,0.365,0.365
1941.375,-0.031,0.316,0.316
1941.459,0.059,0.406,0.406
1941.542,0.120,0.467,0.467
1941.625,-0.001,0.346,0.346
1941.709,-0.165,0.182,0.182
1941.792,0.215,0.562,0.562
1941.875,-0.005,0.342,0.342
1941.959,0.137,0.484,0.484
1942.042,0.262,0.609,0.609
1942.125,-0.042,0.305,0.305
1942.209,-0.002,0.345,0.345
1942.292,-0.035,0.312,0.312
1942.375,0.070,0.417,0.417
1942.459,0.076,0.423,0.423
1942.542,-0.019,0.328,0.328
1942.625,-0.046,0.301,0.301
1942.709,-0.037,0.310,0.310
1942.792,-0.018,0.329,0.329
1942.875,-0.035,0.312,0.312
1942.959,0.045,0.392,0.392
1943.042,-0.124,0.223,0.223
1943.125,0.050,0.397,0.397
1943.209,-0.103,0.244,0.244
1943.292,0.086,0.433,0.433
1943.375,0.070,0.417,0.417
1943.459,0.013,0.360,0.360
1943.542,0.035,0.382,0.382
1943.625,0.122,0.469,0.469
1943.709,0.023,0.370,0.370
1943.792,0.298,0.645,0.645
1943.875,0.160,0.507,0.507
1943.959,0.212,0.559,0.559
1944.042,0.337,0.684,0.684
1944.125,0.214,0.561,0.561
1944.209,0.212,0.559,0.559
1944.292,0.122,0.469,0.469
1944.375,0.161,0.508,0.508
1944.459,0.088,0.435,0.435
1944.542,0.208,0.555,0.555
1944.625,0.233,0.580,0.580
1944.709,0.212,0.559,0.559
1944.792,0.239,0.586,0.586
1944.875,0.089,0.436,0.436
1944.959,0.123,0.470,0.470
1945.042,0.038,0.385,0.385
1945.125,-0.053,0.294,0.294
1945.209,0.022,0.369,0.369
1945.292,0.165,0.512,0.512
1945.375,-0.019,0.328,0.328
1945.459,0.020,0.367,0.367
1945.542,0.002,0.349,0.349
1945.625,0.291,0.638,0.638
1945.709,0.125,0.472,0.472
1945.792,0.232,0.579,0.579
1945.875,0.055,0.402,0.402
1945.959,-0.165,0.182,0.182
1946.042,0.072,0.419,0.419
1946.125,-0.117,0.230,0.230
1946.209,-0.043,0.304,0.304
1946.292,0.078,0.425,0.425
1946.375,-0.106,0.241,0.241
1946.459,-0.287,0.060,0.060
1946.542,-0.053,0.294,0.294
1946.625,-0.162,0.185,0.185
1946.709,-0.107,0.240,0.240
1946.792,0.006,0.353,0.353
1946.875,-0.111,0.236,0.236
1946.959,-0.377,-0.030,-0.030
1947.042,-0.162,0.185,0.185
1947.125,-0.095,0.252,0.252
1947.209,-0.030,0.317,0.317
1947.292,0.025,0.372,0.372
1947.375,-0.084,0.263,0.263
1947.459,-0.051,0.296,0.296
1947.542,-0.065,0.282,0.282
1947.625,-0.115,0.232,0.232
1947.709,-0.115,0.232,0.232
1947.792,0.038,0.385,0.385
1947.875,0.037,0.384,0.384
1947.959,-0.154,0.193,0.193
1948.042,0.033,0.380,0.380
1948.125,-0.202,0.145,0.145
1948.209,-0.265,0.082,0.082
1948.292,-0.168,0.179,0.179
1948.375,0.051,0.398,0.398
1948.459,0.005,0.352,0.352
1948.542,-0.136,0.211,0.211
1948.625,-0.047,0.300,0.300
1948.709,-0.137,0.210,0.210
1948.792,-0.028,0.319,0.319
1948.875,-0.155,0.192,0.192
1948.959,-0.375,-0.028,-0.028
1949.042,0.011,0.358,0.358
1949.125,-0.250,0.097,0.097
1949.209,-0.172,0.175,0.175
1949.292,-0.113,0.234,0.234
1949.375,-0.135,0.212,0.212
1949.459,-0.230,0.117,0.117
1949.542,-0.170,0.177,0.177
1949.625,-0.100,0.247,0.247
1949.709,-0.162,0.185,0.185
1949.792,-0.064,0.283,0.283
1949.875,-0.137,0.210,0.210
1949.959,-0.194,0.153,0.153
1950.042,-0.297,0.050,0.050
1950.125,-0.383,-0.036,-0.036
1950.209,-0.241,0.106,0.106
1950.292,-0.246,0.101,0.101
1950.375,-0.148,0.199,0.199
1950.459,-0.070,0.277,0.277
1950.542,-0.058,0.289,0.289
1950.625,-0.186,0.161,0.161
1950.709,-0.219,0.128,0.128
1950.792,-0.185,0.162,0.162
1950.875,-0.368,-0.021,-0.021
1950.959,-0.300,0.047,0.047
1951.042,-0.425,-0.078,-0.078
1951.125,-0.490,-0.143,-0.143
1951.209,-0.268,0.079,0.079
1951.292,-0.112,0.235,0.235
1951.375,0.052,0.399,0.399
1951.459,0.114,0.461,0.461
1951.542,0.007,0.354,0.354
1951.625,0.176,0.523,0.523
1951.709,0.100,0.447,0.447
1951.792,0.179,0.526,0.526
1951.875,-0.017,0.330,0.330
1951.959,0.103,0.450,0.450
1952.042,0.129,0.476,0.476
1952.125,0.098,0.445,0.445
1952.209,-0.161,0.186,0.186
1952.292,0.037,0.384,0.384
1952.375,0.018,0.365,0.365
1952.459,0.048,0.395,0.395
1952.542,0.101,0.448,0.448
1952.625,0.057,0.404,0.404
1952.709,0.088,0.435,0.435
1952.792,0.050,0.397,0.397
1952.875,-0.091,0.256,0.256
1952.959,-0.030,0.317,0.317
1953.042,0.024,0.371,0.371
1953.125,0.156,0.503,0.503
1953.209,0.023,0.370,0.370
1953.292,0.260,0.607,0.607
1953.375,0.205,0.552,0.552
1953.459,0.200,0.547,0.547
1953.542,0.086,0.433,0.433
1953.625,0.088,0.435,0.435
1953.709,0.114,0.461,0.461
1953.792,0.072,0.419,0.419
1953.875,-0.029,0.318,0.318
1953.959,0.032,0.379,0.379
1954.042,-0.243,0.104,0.104
1954.125,-0.118,0.229,0.229
1954.209,-0.145,0.202,0.202
1954.292,-0.080,0.267,0.267
1954.375,-0.113,0.234,0.234
1954.459,-0.101,0.246,0.246
1954.542,-0.142,0.205,0.205
1954.625,-0.105,0.242,0.242
1954.709,-0.109,0.238,0.238
1954.792,0.036,0.383,0.383
1954.875,0.108,0.455,0.455
1954.959,-0.190,0.157,0.157
1955.042,0.126,0.473,0.473
1955.125,-0.195,0.152,0.152
1955.209,-0.378,-0.031,-0.031
1955.292,-0.202,0.145,0.145
1955.375,-0.255,0.092,0.092
1955.459,-0.116,0.231,0.231
1955.542,-0.167,0.180,0.180
1955.625,0.025,0.372,0.372
1955.709,-0.148,0.199,0.199
1955.792,-0.101,0.246,0.246
1955.875,-0.290,0.057,0.057
1955.959,-0.364,-0.017,-0.017
1956.042,-0.213,0.134,0.134
1956.125,-0.247,0.100,0.100
1956.209,-0.346,0.001,0.001
1956.292,-0.275,0.072,0.072
1956.375,-0.311,0.036,0.036
1956.459,-0.184,0.163,0.163
1956.542,-0.148,0.199,0.199
1956.625,-0.278,0.069,0.069
1956.709,-0.258,0.089,0.089
1956.792,-0.289,0.058,0.058
1956.875,-0.180,0.167,0.167
1956.959,-0.161,0.186,0.186
1957.042,-0.222,0.125,0.125
1957.125,-0.146,0.201,0.201
1957.209,-0.199,0.148,0.148
1957.292,-0.084,0.263,0.263
1957.375,0.072,0.419,0.419
1957.459,0.123,0.470,0.470
1957.542,-0.039,0.308,0.308
1957.625,0.135,0.482,0.482
1957.709,0.102,0.449,0.449
1957.792,0.026,0.373,0.373
1957.875,0.024,0.371,0.371
1957.959,0.044,0.391,0.391
1958.042,0.288,0.635,0.635
1958.125,0.125,0.472,0.472
1958.209,-0.011,0.336,0.336
1958.292,-0.118,0.229,0.229
1958.375,-0.006,0.341,0.341
1958.459,-0.093,0.254,0.254
1958.542,-0.005,0.342,0.342
1958.625,-0.069,0.278,0.278
1958.709,-0.097,0.250,0.250
1958.792,-0.007,0.340,0.340
1958.875,-0.004,0.343,0.343
1958.959,-0.062,0.285,0.285
1959.042,0.001,0.348,0.348
1959.125,-0.053,0.294,0.294
1959.209,-0.016,0.331,0.331
1959.292,0.081,0.428,0.428
1959.375,-0.022,0.325,0.325
1959.459,0.036,0.383,0.383
1959.542,0.013,0.360,0.360
1959.625,-0.040,0.307,0.307
1959.709,-0.113,0.234,0.234
1959.792,-0.057,0.290,0.290
1959.875,-0.174,0.173,0.173
1959.959,-0.109,0.238,0.238
1960.042,-0.117,0.230,0.230
1960.125,0.039,0.386,0.386
1960.209,-0.457,-0.110,-0.110
1960.292,-0.244,0.103,0.103
1960.375,-0.130,0.217,0.217
1960.459,-0.053,0.294,0.294
1960.542,-0.069,0.278,0.278
1960.625,0.047,0.394,0.394
1960.709,0.072,0.419,0.419
1960.792,0.014,0.361,0.361
1960.875,-0.196,0.151,0.151
1960.959,0.098,0.445,0.445
1961.042,-0.076,0.271,0.271
1961.125,0.074,0.421,0.421
1961.209,-0.084,0.263,0.263
1961.292,0.065,0.412,0.412
1961.375,0.076,0.423,0.423
1961.459,0.091,0.438,0.438
1961.542,0.025,0.372,0.372
1961.625,0.026,0.373,0.373
1961.709,-0.009,0.338,0.338
1961.792,-0.073,0.274,0.274
1961.875,-0.036,0.311,0.311
1961.959,-0.249,0.098,0.098
1962.042,-0.045,0.302,0.302
1962.125,0.053,0.400,0.400
1962.209,0.005,0.352,0.352
1962.292,-0.056,0.291,0.291
1962.375,-0.178,0.169,0.169
1962.459,-0.042,0.305,0.305
1962.542,-0.082,0.265,0.265
1962.625,-0.074,0.273,0.273
1962.709,-0.089,0.258,0.258
1962.792,-0.027,0.320,0.320
1962.875,-0.024,0.323,0.323
1962.959,-0.125,0.222,0.222
1963.042,-0.112,0.235,0.235
1963.125,0.062,0.409,0.409
1963.209,-0.336,0.011,0.011
1963.292,-0.149,0.198,0.198
1963.375,-0.159,0.188,0.188
1963.459,-0.072,0.275,0.275
1963.542,0.052,0.399,0.399
1963.625,0.223,0.570,0.570
1963.709,0.141,0.488,0.488
1963.792,0.153,0.500,0.500
1963.875,0.070,0.417,0.417
1963.959,-0.062,0.285,0.285
1964.042,-0.192,0.155,0.155
1964.125,-0.221,0.126,0.126
1964.209,-0.375,-0.028,-0.028
1964.292,-0.444,-0.097,-0.097
1964.375,-0.323,0.024,0.024
1964.459,-0.107,0.240,0.240
1964.542,-0.085,0.262,0.262
1964.625,-0.300,0.047,0.047
1964.709,-0.349,-0.002,-0.002
1964.792,-0.308,0.039,0.039
1964.875,-0.316,0.031,0.031
1964.959,-0.364,-0.017,-0.017
1965.042,-0.150,0.197,0.197
1965.125,-0.281,0.066,0.066
1965.209,-0.263,0.084,0.084
1965.292,-0.330,0.017,0.017
1965.375,-0.139,0.208,0.208
1965.459,-0.122,0.225,0.225
1965.542,-0.170,0.177,0.177
1965.625,-0.127,0.220,0.220
1965.709,-0.159,0.188,0.188
1965.792,-0.067,0.280,0.280
1965.875,-0.111,0.236,0.236
1965.959,-0.097,0.250,0.250
1966.042,-0.263,0.084,0.084
1966.125,-0.126,0.221,0.221
1966.209,-0.171,0.176,0.176
1966.292,-0.112,0.235,0.235
1966.375,-0.201,0.146,0.146
1966.459,-0.038,0.309,0.309
1966.542,0.031,0.378,0.378
1966.625,-0.052,0.295,0.295
1966.709,-0.041,0.306,0.306
1966.792,-0.125,0.222,0.222
1966.875,-0.061,0.286,0.286
1966.959,-0.104,0.243,0.243
1967.042,-0.220,0.127,0.127
1967.125,-0.334,0.013,0.013
1967.209,-0.060,0.287,0.287
1967.292,-0.114,0.233,0.233
1967.375,0.122,0.469,0.469
1967.459,-0.057,0.290,0.290
1967.542,0.004,0.351,0.351
1967.625,-0.054,0.293,0.293
1967.709,-0.071,0.276,0.276
1967.792,0.002,0.349,0.349
1967.875,-0.071,0.276,0.276
1967.959,-0.131,0.216,0.216
1968.042,-0.303,0.044,0.044
1968.125,-0.242,0.105,0.105
1968.209,0.026,0.373,0.373
1968.292,-0.160,0.187,0.187
1968.375,-0.187,0.160,0.160
1968.459,-0.141,0.206,0.206
1968.542,-0.200,0.147,0.147
1968.625,-0.150,0.197,0.197
1968.709,-0.244,0.103,0.103
1968.792,0.025,0.372,0.372
1968.875,-0.082,0.265,0.265
1968.959,-0.140,0.207,0.207
1969.042,-0.144,0.203,0.203
1969.125,-0.187,0.160,0.160
1969.209,-0.103,0.244,0.244
1969.292,0.040,0.387,0.387
1969.375,0.118,0.465,0.465
1969.459,0.057,0.404,0.404
1969.542,-0.098,0.249,0.249
1969.625,-0.037,0.310,0.310
1969.709,-0.016,0.331,0.331
1969.792,0.016,0.363,0.363
1969.875,0.062,0.409,0.409
1969.959,0.166,0.513,0.513
1970.042,0.035,0.382,0.382
1970.125,0.086,0.433,0.433
1970.209,-0.083,0.264,0.264
1970.292,-0.054,0.293,0.293
1970.375,-0.086,0.261,0.261
1970.459,-0.078,0.269,0.269
1970.542,-0.057,0.290,0.290
1970.625,-0.133,0.214,0.214
1970.709,0.036,0.383,0.383
1970.792,-0.029,0.318,0.318
1970.875,-0.076,0.271,0.271
1970.959,-0.211,0.136,0.136
1971.042,-0.143,0.204,0.204
1971.125,-0.280,0.067,0.067
1971.209,-0.337,0.010,0.010
1971.292,-0.216,0.131,0.131
1971.375,-0.187,0.160,0.160
1971.459,-0.173,0.174,0.174
1971.542,-0.145,0.202,0.202
1971.625,-0.173,0.174,0.174
1971.709,-0.097,0.250,0.250
1971.792,-0.146,0.201,0.201
1971.875,-0.111,0.236,0.236
1971.959,-0.232,0.115,0.115
1972.042,-0.385,-0.038,-0.038
1972.125,-0.295,0.052,0.052
1972.209,-0.122,0.225,0.225
1972.292,-0.086,0.261,0.261
1972.375,-0.037,0.310,0.310
1972.459,-0.017,0.330,0.330
1972.542,-0.066,0.281,0.281
1972.625,0.089,0.436,0.436
1972.709,-0.057,0.290,0.290
1972.792,-0.039,0.308,0.308
1972.875,-0.015,0.332,0.332
1972.959,0.113,0.460,0.460
1973.042,0.103,0.450,0.450
1973.125,0.142,0.489,0.489
1973.209,0.117,0.464,0.464
1973.292,0.180,0.527,0.527
1973.375,0.153,0.500,0.500
1973.459,0.103,0.450,0.450
1973.542,0.023,0.370,0.370
1973.625,-0.010,0.337,0.337
1973.709,-0.010,0.337,0.337
1973.792,0.035,0.382,0.382
1973.875,-0.032,0.315,0.315
1973.959,-0.112,0.235,0.235
1974.042,-0.323,0.024,0.024
1974.125,-0.451,-0.104,-0.104
1974.209,-0.242,0.105,0.105
1974.292,-0.209,0.138,0.138
1974.375,-0.113,0.234,0.234
1974.459,-0.073,0.274,0.274
1974.542,-0.099,0.248,0.248
1974.625,0.106,0.453,0.453
1974.709,-0.077,0.270,0.270
1974.792,-0.120,0.227,0.227
1974.875,-0.122,0.225,0.225
1974.959,-0.214,0.133,0.133
1975.042,-0.086,0.261,0.261
1975.125,-0.011,0.336,0.336
1975.209,0.002,0.349,0.349
1975.292,-0.026,0.321,0.321
1975.375,0.095,0.442,0.442
1975.459,-0.063,0.284,0.284
1975.542,-0.074,0.273,0.273
1975.625,-0.220,0.127,0.127
1975.709,-0.105,0.242,0.242
1975.792,-0.144,0.203,0.203
1975.875,-0.269,0.078,0.078
1975.959,-0.262,0.085,0.085
1976.042,-0.180,0.167,0.167
1976.125,-0.251,0.096,0.096
1976.209,-0.350,-0.003,-0.003
1976.292,-0.182,0.165,0.165
1976.375,-0.386,-0.039,-0.039
1976.459,-0.240,0.107,0.107
1976.542,-0.069,0.278,0.278
1976.625,-0.218,0.129,0.129
1976.709,-0.109,0.238,0.238
1976.792,-0.285,0.062,0.062
1976.875,-0.091,0.256,0.256
1976.959,0.001,0.348,0.348
1977.042,0.159,0.506,0.506
1977.125,0.113,0.460,0.460
1977.209,0.086,0.433,0.433
1977.292,0.181,0.528,0.528
1977.375,0.234,0.581,0.581
1977.459,0.251,0.598,0.598
1977.542,0.130,0.477,0.477
1977.625,0.146,0.493,0.493
1977.709,0.044,0.391,0.391
1977.792,0.042,0.389,0.389
1977.875,0.152,0.499,0.499
1977.959,-0.053,0.294,0.294
1978.042,0.034,0.381,0.381
1978.125,0.081,0.428,0.428
1978.209,0.087,0.434,0.434
1978.292,0.060,0.407,0.407
1978.375,0.062,0.409,0.409
1978.459,-0.038,0.309,0.309
1978.542,0.006,0.353,0.353
1978.625,-0.200,0.147,0.147
1978.709,0.052,0.399,0.399
1978.792,-0.059,0.288,0.288
1978.875,0.116,0.463,0.463
1978.959,0.007,0.354,0.354
1979.042,0.068,0.415,0.415
1979.125,-0.177,0.170,0.170
1979.209,0.062,0.409,0.409
1979.292,0.087,0.434,0.434
1979.375,-0.049,0.298,0.298
1979.459,0.044,0.391,0.391
1979.542,0.007,0.354,0.354
1979.625,0.091,0.438,0.438
1979.709,0.165,0.512,0.512
1979.792,0.155,0.502,0.502
1979.875,0.207,0.554,0.554
1979.959,0.382,0.729,0.729
1980.042,0.240,0.587,0.587
1980.125,0.362,0.709,0.709
1980.209,0.236,0.583,0.583
1980.292,0.256,0.603,0.603
1980.375,0.231,0.578,0.578
1980.459,0.122,0.469,0.469
1980.542,0.213,0.560,0.560
1980.625,0.179,0.526,0.526
1980.709,0.126,0.473,0.473
1980.792,0.098,0.445,0.445
1980.875,0.228,0.575,0.575
1980.959,0.114,0.461,0.461
1981.042,0.453,0.800,0.800
1981.125,0.300,0.647,0.647
1981.209,0.324,0.671,0.671
1981.292,0.171,0.518,0.518
1981.375,0.152,0.499,0.499
1981.459,0.261,0.608,0.608
1981.542,0.311,0.658,0.658
1981.625,0.318,0.665,0.665
1981.709,0.160,0.507,0.507
1981.792,0.071,0.418,0.418
1981.875,0.162,0.509,0.509
1981.959,0.350,0.697,0.697
1982.042,0.004,0.351,0.351
1982.125,0.070,0.417,0.417
1982.209,-0.147,0.200,0.200
1982.292,0.015,0.362,0.362
1982.375,0.092,0.439,0.439
1982.459,0.031,0.378,0.378
1982.542,0.069,0.416,0.416
1982.625,0.010,0.357,0.357
1982.709,0.060,0.407,0.407
1982.792,0.095,0.442,0.442
1982.875,0.070,0.417,0.417
1982.959,0.283,0.630,0.630
1983.042,0.396,0.743,0.743
1983.125,0.325,0.672,0.672
1983.209,0.250,0.597,0.597
1983.292,0.175,0.522,0.522
1983.375,0.238,0.585,0.585
1983.459,0.168,0.515,0.515
1983.542,0.134,0.481,0.481
1983.625,0.277,0.624,0.624
1983.709,0.332,0.679,0.679
1983.792,0.107,0.454,0.454
1983.875,0.239,0.586,0.586
1983.959,0.109,0.456,0.456
1984.042,0.169,0.516,0.516
1984.125,0.003,0.350,0.350
1984.209,0.137,0.484,0.484
1984.292,0.017,0.364,0.364
1984.375,0.239,0.586,0.586
1984.459,-0.005,0.342,0.342
1984.542,0.012,0.359,0.359
1984.625,0.115,0.462,0.462
1984.709,0.166,0.513,0.513
1984.792,0.024,0.371,0.371
1984.875,-0.039,0.308,0.308
1984.959,-0.165,0.182,0.182
1985.042,0.152,0.499,0.499
1985.125,-0.065,0.282,0.282
1985.209,0.052,0.399,0.399
1985.292,-0.001,0.346,0.346
1985.375,0.064,0.411,0.411
1985.459,0.085,0.432,0.432
1985.542,-0.051,0.296,0.296
1985.625,0.128,0.475,0.475
1985.709,0.088,0.435,0.435
1985.792,0.044,0.391,0.391
1985.875,0.030,0.377,0.377
1985.959,0.067,0.414,0.414
1986.042,0.135,0.482,0.482
1986.125,0.308,0.655,0.655
1986.209,0.113,0.460,0.460
1986.292,0.137,0.484,0.484
1986.375,0.114,0.461,0.461
1986.459,0.025,0.372,0.372
1986.542,0.041,0.388,0.388
1986.625,0.084,0.431,0.431
1986.709,0.008,0.355,0.355
1986.792,0.092,0.439,0.439
1986.875,0.048,0.395,0.395
1986.959,0.022,0.369,0.369
1987.042,0.205,0.552,0.552
1987.125,0.300,0.647,0.647
1987.209,0.073,0.420,0.420
1987.292,0.140,0.487,0.487
1987.375,0.152,0.499,0.499
1987.459,0.254,0.601,0.601
1987.542,0.368,0.715,0.715
1987.625,0.215,0.562,0.562
1987.709,0.270,0.617,0.617
1987.792,0.239,0.586,0.586
1987.875,0.181,0.528,0.528
1987.959,0.361,0.708,0.708
1988.042,0.433,0.780,0.780
1988.125,0.324,0.671,0.671
1988.209,0.368,0.715,0.715
1988.292,0.316,0.663,0.663
1988.375,0.317,0.664,0.664
1988.459,0.337,0.684,0.684
1988.542,0.228,0.575,0.575
1988.625,0.275,0.622,0.622
1988.709,0.305,0.652,0.652
1988.792,0.274,0.621,0.621
1988.875,0.065,0.412,0.412
1988.959,0.185,0.532,0.532
1989.042,-0.043,0.304,0.304
1989.125,0.250,0.597,0.597
1989.209,0.186,0.533,0.533
1989.292,0.147,0.494,0.494
1989.375,0.035,0.382,0.382
1989.459,0.103,0.450,0.450
1989.542,0.271,0.618,0.618
1989.625,0.235,0.582,0.582
1989.709,0.294,0.641,0.641
1989.792,0.246,0.593,0.593
1989.875,0.096,0.443,0.443
1989.959,0.295,0.642,0.642
1990.042,0.287,0.634,0.634
1990.125,0.295,0.642,0.642
1990.209,0.622,0.969,0.969
1990.292,0.503,0.850,0.850
1990.375,0.382,0.729,0.729
1990.459,0.327,0.674,0.674
1990.542,0.370,0.717,0.717
1990.625,0.254,0.601,0.601
1990.709,0.232,0.579,0.579
1990.792,0.423,0.770,0.770
1990.875,0.351,0.698,0.698
1990.959,0.287,0.634,0.634
1991.042,0.325,0.672,0.672
1991.125,0.404,0.751,0.751
1991.209,0.263,0.610,0.610
1991.292,0.444,0.791,0.791
1991.375,0.339,0.686,0.686
1991.459,0.433,0.780,0.780
1991.542,0.488,0.835,0.835
1991.625,0.379,0.726,0.726
1991.709,0.363,0.710,0.710
1991.792,0.255,0.602,0.602
1991.875,0.261,0.608,0.608
1991.959,0.237,0.584,0.584
1992.042,0.381,0.728,0.728
1992.125,0.326,0.673,0.673
1992.209,0.341,0.688,0.688
1992.292,0.169,0.516,0.516
1992.375,0.216,0.563,0.563
1992.459,0.180,0.527,0.527
1992.542,0.014,0.361,0.361
1992.625,0.056,0.403,0.403
1992.709,-0.069,0.278,0.278
1992.792,0.009,0.356,0.356
1992.875,-0.023,0.324,0.324
1992.959,0.115,0.462,0.462
1993.042,0.329,0.676,0.676
1993.125,0.305,0.652,0.652
1993.209,0.282,0.629,0.629
1993.292,0.196,0.543,0.543
1993.375,0.245,0.592,0.592
1993.459,0.219,0.566,0.566
1993.542,0.197,0.544,0.544
1993.625,0.123,0.470,0.470
1993.709,0.133,0.480,0.480
1993.792,0.201,0.548,0.548
1993.875,0.093,0.440,0.440
1993.959,0.128,0.475,0.475
1994.042,0.203,0.550,0.550
1994.125,0.015,0.362,0.362
1994.209,0.265,0.612,0.612
1994.292,0.292,0.639,0.639
1994.375,0.273,0.620,0.620
1994.459,0.375,0.722,0.722
1994.542,0.243,0.590,0.590
1994.625,0.210,0.557,0.557
1994.709,0.283,0.630,0.630
1994.792,0.398,0.745,0.745
1994.875,0.380,0.727,0.727
1994.959,0.244,0.591,0.591
1995.042,0.436,0.783,0.783
1995.125,0.681,1.028,1.028
1995.209,0.373,0.720,0.720
1995.292,0.429,0.776,0.776
1995.375,0.254,0.601,0.601
1995.459,0.411,0.758,0.758
1995.542,0.484,0.831,0.831
1995.625,0.431,0.778,0.778
1995.709,0.301,0.648,0.648
1995.792,0.421,0.768,0.768
1995.875,0.411,0.758,0.758
1995.959,0.185,0.532,0.532
1996.042,0.210,0.557,0.557
1996.125,0.465,0.812,0.812
1996.209,0.313,0.660,0.660
1996.292,0.256,0.603,0.603
1996.375,0.259,0.606,0.606
1996.459,0.197,0.544,0.544
1996.542,0.360,0.707,0.707
1996.625,0.371,0.718,0.718
1996.709,0.232,0.579,0.579
1996.792,0.167,0.514,0.514
1996.875,0.323,0.670,0.670
1996.959,0.324,0.671,0.671
1997.042,0.258,0.605,0.605
1997.125,0.313,0.660,0.660
1997.209,0.443,0.790,0.790
1997.292,0.369,0.716,0.716
1997.375,0.302,0.649,0.649
1997.459,0.538,0.885,0.885
1997.542,0.380,0.727,0.727
1997.625,0.424,0.771,0.771
1997.709,0.494,0.841,0.841
1997.792,0.613,0.960,0.960
1997.875,0.623,0.970,0.970
1997.959,0.523,0.870,0.870
1998.042,0.524,0.871,0.871
1998.125,0.771,1.118,1.118
1998.209,0.600,0.947,0.947
1998.292,0.672,1.019,1.019
1998.375,0.651,0.998,0.998
1998.459,0.715,1.062,1.062
1998.542,0.697,1.044,1.044
1998.625,0.680,1.027,1.027
1998.709,0.408,0.755,0.755
1998.792,0.415,0.762,0.762
1998.875,0.414,0.761,0.761
1998.959,0.526,0.873,0.873
1999.042,0.397,0.744,0.744
1999.125,0.603,0.950,0.950
1999.209,0.268,0.615,0.615
1999.292,0.311,0.658,0.658
1999.375,0.254,0.601,0.601
1999.459,0.335,0.682,0.682
1999.542,0.316,0.663,0.663
1999.625,0.279,0.626,0.626
1999.709,0.312,0.659,0.659
1999.792,0.308,0.655,0.655
1999.875,0.313,0.660,0.660
1999.959,0.344,0.691,0.691
2000.042,0.205,0.552,0.552
2000.125,0.482,0.829,0.829
2000.209,0.438,0.785,0.785
2000.292,0.497,0.844,0.844
2000.375,0.279,0.626,0.626
2000.459,0.365,0.712,0.712
2000.542,0.345,0.692,0.692
2000.625,0.376,0.723,0.723
2000.709,0.351,0.698,0.698
2000.792,0.219,0.566,0.566
2000.875,0.296,0.643,0.643
2000.959,0.216,0.563,0.563
2001.042,0.383,0.730,0.730
2001.125,0.410,0.757,0.757
2001.209,0.525,0.872,0.872
2001.292,0.460,0.807,0.807
2001.375,0.455,0.802,0.802
2001.459,0.461,0.808,0.808
2001.542,0.500,0.847,0.847
2001.625,0.497,0.844,0.844
2001.709,0.499,0.846,0.846
2001.792,0.455,0.802,0.802
2001.875,0.714,1.061,1.061
2001.959,0.536,0.883,0.883
2002.042,0.659,1.006,1.006
2002.125,0.635,0.982,0.982
2002.209,0.816,1.163,1.163
2002.292,0.536,0.883,0.883
2002.375,0.535,0.882,0.882
2002.459,0.486,0.833,0.833
2002.542,0.587,0.934,0.934
2002.625,0.520,0.867,0.867
2002.709,0.509,0.856,0.856
2002.792,0.531,0.878,0.878
2002.875,0.517,0.864,0.864
2002.959,0.408,0.755,0.755
2003.042,0.681,1.028,1.028
2003.125,0.495,0.842,0.842
2003.209,0.494,0.841,0.841
2003.292,0.488,0.835,0.835
2003.375,0.526,0.873,0.873
2003.459,0.432,0.779,0.779
2003.542,0.502,0.849,0.849
2003.625,0.627,0.974,0.974
2003.709,0.622,0.969,0.969
2003.792,0.693,1.040,1.040
2003.875,0.514,0.861,0.861
2003.959,0.657,1.004,1.004
2004.042,0.543,0.890,0.890
2004.125,0.642,0.989,0.989
2004.209,0.539,0.886,0.886
2004.292,0.556,0.903,0.903
2004.375,0.392,0.739,0.739
2004.459,0.327,0.674,0.674
2004.542,0.285,0.632,0.632
2004.625,0.474,0.821,0.821
2004.709,0.495,0.842,0.842
2004.792,0.564,0.911,0.911
2004.875,0.656,1.003,1.003
2004.959,0.433,0.780,0.780
2005.042,0.671,1.018,1.018
2005.125,0.534,0.881,0.881
2005.209,0.658,1.005,1.005
2005.292,0.634,0.981,0.981
2005.375,0.560,0.907,0.907
2005.459,0.565,0.912,0.912
2005.542,0.555,0.902,0.902
2005.625,0.599,0.946,0.946
2005.709,0.665,1.012,1.012
2005.792,0.715,1.062,1.062
2005.875,0.675,1.022,1.022
2005.959,0.616,0.963,0.963
2006.042,0.507,0.854,0.854
2006.125,0.673,1.020,1.020
2006.209,0.546,0.893,0.893
2006.292,0.469,0.816,0.816
2006.375,0.447,0.794,0.794
2006.459,0.565,0.912,0.912
2006.542,0.465,0.812,0.812
2006.625,0.647,0.994,0.994
2006.709,0.545,0.892,0.892
2006.792,0.624,0.971,0.971
2006.875,0.655,1.002,1.002
2006.959,0.713,1.060,1.060
2007.042,0.894,1.241,1.241
2007.125,0.664,1.011,1.011
2007.209,0.591,0.938,0.938
2007.292,0.719,1.066,1.066
2007.375,0.572,0.919,0.919
2007.459,0.537,0.884,0.884
2007.542,0.595,0.942,0.942
2007.625,0.566,0.913,0.913
2007.709,0.517,0.864,0.864
2007.792,0.557,0.904,0.904
2007.875,0.566,0.913,0.913
2007.959,0.420,0.767,0.767
2008.042,0.206,0.553,0.553
2008.125,0.280,0.627,0.627
2008.209,0.621,0.968,0.968
2008.292,0.450,0.797,0.797
2008.375,0.441,0.788,0.788
2008.459,0.393,0.740,0.740
2008.542,0.565,0.912,0.912
2008.625,0.458,0.805,0.805
2008.709,0.556,0.903,0.903
2008.792,0.616,0.963,0.963
2008.875,0.626,0.973,0.973
2008.959,0.474,0.821,0.821
2009.042,0.600,0.947,0.947
2009.125,0.482,0.829,0.829
2009.209,0.433,0.780,0.780
2009.292,0.530,0.877,0.877
2009.375,0.535,0.882,0.882
2009.459,0.648,0.995,0.995
2009.542,0.715,1.062,1.062
2009.625,0.650,0.997,0.997
2009.709,0.681,1.028,1.028
2009.792,0.639,0.986,0.986
2009.875,0.702,1.049,1.049
2009.959,0.640,0.987,0.987
2010.042,0.697,1.044,1.044
2010.125,0.785,1.132,1.132
2010.209,0.837,1.184,1.184
2010.292,0.839,1.186,1.186
2010.375,0.705,1.052,1.052
2010.459,0.628,0.975,0.975
2010.542,0.620,0.967,0.967
2010.625,0.619,0.966,0.966
2010.709,0.587,0.934,0.934
2010.792,0.659,1.006,1.006
2010.875,0.731,1.078,1.078
2010.959,0.444,0.791,0.791
2011.042,0.484,0.831,0.831
2011.125,0.432,0.779,0.779
2011.209,0.571,0.918,0.918
2011.292,0.586,0.933,0.933
2011.375,0.441,0.788,0.788
2011.459,0.566,0.913,0.913
2011.542,0.670,1.017,1.017
2011.625,0.692,1.039,1.039
2011.709,0.545,0.892,0.892
2011.792,0.586,0.933,0.933
2011.875,0.522,0.869,0.869
2011.959,0.507,0.854,0.854
2012.042,0.388,0.735,0.735
2012.125,0.445,0.792,0.792
2012.209,0.433,0.780,0.780
2012.292,0.639,0.986,0.986
2012.375,0.672,1.019,1.019
2012.459,0.646,0.993,0.993
2012.542,0.549,0.896,0.896
2012.625,0.624,0.971,0.971
2012.709,0.649,0.996,0.996
2012.792,0.745,1.092,1.092
2012.875,0.760,1.107,1.107
2012.959,0.449,0.796,0.796
2013.042,0.597,0.944,0.944
2013.125,0.502,0.849,0.849
2013.209,0.556,0.903,0.903
2013.292,0.525,0.872,0.872
2013.375,0.536,0.883,0.883
2013.459,0.620,0.967,0.967
2013.542,0.590,0.937,0.937
2013.625,0.649,0.996,0.996
2013.709,0.725,1.072,1.072
2013.792,0.644,0.991,0.991
2013.875,0.807,1.154,1.154
2013.959,0.599,0.946,0.946
2014.042,0.663,1.010,1.010
2014.125,0.478,0.825,0.825
2014.209,0.688,1.035,1.035
2014.292,0.729,1.076,1.076
2014.375,0.761,1.108,1.108
2014.459,0.644,0.991,0.991
2014.542,0.575,0.922,0.922
2014.625,0.776,1.123,1.123
2014.709,0.829,1.176,1.176
2014.792,0.774,1.121,1.121
2014.875,0.617,0.964,0.964
2014.959,0.704,1.051,1.051
2015.042,0.760,1.107,1.107
2015.125,0.775,1.122,1.122
2015.209,0.806,1.153,1.153
2015.292,0.719,1.066,1.066
2015.375,0.731,1.078,1.078
2015.459,0.756,1.103,1.103
2015.542,0.738,1.085,1.085
2015.625,0.765,1.112,1.112
2015.709,0.840,1.187,1.187
2015.792,1.019,1.366,1.366
2015.875,0.993,1.340,1.340
2015.959,1.052,1.399,1.399
2016.042,1.125,1.472,1.472
2016.125,1.230,1.577,1.577
2016.209,1.198,1.545,1.545
2016.292,1.035,1.382,1.382
2016.375,0.839,1.186,1.186
2016.459,0.767,1.114,1.114
2016.542,0.796,1.143,1.143
2016.625,0.956,1.303,1.303
2016.709,0.830,1.177,1.177
2016.792,0.861,1.208,1.208
2016.875,0.850,1.197,1.197
2016.959,0.791,1.138,1.138
2017.042,0.926,1.273,1.273
2017.125,1.035,1.382,1.382
2017.208,1.046,1.393,1.393
2017.292,0.856,1.203,1.203
2017.375,0.784,1.131,1.131
2017.458,0.658,1.005,1.005
2017.542,0.759,1.106,1.106
2017.625,0.814,1.161,1.161
2017.708,0.690,1.037,1.037
2017.792,0.782,1.129,1.129
2017.875,0.781,1.128,1.128
2017.958,0.781,1.128,1.128
2018.042,0.718,1.065,1.065
2018.125,0.789,1.136,1.136
2018.208,0.771,1.118,1.118
2018.292,0.803,1.150,1.150
2018.375,0.696,1.043,1.043
2018.458,0.744,1.091,1.091
2018.542,0.739,1.086,1.086
2018.625,0.730,1.077,1.077
2018.708,0.692,1.039,1.039
2018.792,0.902,1.249,1.249
2018.875,0.755,1.102,1.102
2018.958,0.835,1.182,1.182
2019.042,0.804,1.151,1.151
2019.125,0.868,1.215,1.215
2019.208,1.083,1.430,1.430
2019.292,0.955,1.302,1.302
2019.375,0.769,1.116,1.116
2019.458,0.796,1.143,1.143
2019.542,0.861,1.208,1.208
2019.625,0.868,1.215,1.215
2019.708,0.837,1.184,1.184
2019.792,0.980,1.327,1.327
2019.875,0.938,1.285,1.285
2019.958,1.047,1.394,1.394
2020.042,1.060,1.407,1.407
2020.125,1.119,1.466,1.466
2020.208,1.100,1.447,1.447
2020.292,1.066,1.413,1.413
2020.375,0.901,1.248,1.248
2020.458,0.816,1.163,1.163
2020.542,0.843,1.190,1.190
2020.625,0.843,1.190,1.190
2020.708,0.901,1.248,1.248
2020.792,0.801,1.148,1.148
2020.875,1.042,1.389,1.389
2020.958,0.721,1.068,1.068
